molecule_chembl_id,canonical_smiles,std_smiles,inchikey,mw
CHEMBL267913,C[C@]12CCC(=O)C=C1CCC1C2CC[C@@]2(C)C1CC[C@@H]2OC1CC1,C[C@]12CCC(=O)C=C1CCC1C2CC[C@@]2(C)C1CC[C@@H]2OC1CC1,VFUUEBWDCNNJEJ-OPBBSMSLSA-N,328.4960000000001
CHEMBL8939,CNc1ccc(Cl)cc1C(=O)c1cc(OC)c(OC)c(OC)c1,CNc1ccc(Cl)cc1C(=O)c1cc(OC)c(OC)c(OC)c1,RHYSABVJUQRRBF-UHFFFAOYSA-N,335.7870000000001
CHEMBL9309,COc1ccc(N)c(C(=O)c2cc(OC)c(OC)c(OC)c2)c1,COc1ccc(N)c(C(=O)c2cc(OC)c(OC)c(OC)c2)c1,RRSJEIUTQBBKNE-UHFFFAOYSA-N,317.34100000000007
CHEMBL8359,C=CCC1Oc2cccc(OCC3CC3)c2-c2ccc3c(c21)C(C)=CC(C)(C)N3,C=CCC1Oc2cccc(OCC3CC3)c2-c2ccc3c(c21)C(C)=CC(C)(C)N3,SIDMSDWMVNNYDB-UHFFFAOYSA-N,387.5230000000001
CHEMBL268040,CC(=O)OC1C(=O)OC[C@]23CC[C@@]4(C)O[C@H]4[C@H]2O[C@@H]2C[C@@H](OC(=O)/C=C\C=C\C(=O)OCCC1C)[C@@]3(C)C21CO1,CC(=O)OC1C(=O)OC[C@]23CC[C@@]4(C)O[C@H]4[C@H]2O[C@@H]2C[C@@H](OC(=O)/C=C\C=C\C(=O)OCCC1C)[C@@]3(C)C21CO1,JDFKYDYICWYZMF-RHADHMLCSA-N,560.5960000000002
CHEMBL266798,Cc1ccc(Sc2nccc3sc(C(N)=O)cc23)cc1,Cc1ccc(Sc2nccc3sc(C(N)=O)cc23)cc1,JFLJTGZONHVXKC-UHFFFAOYSA-N,300.408
CHEMBL268142,CC1Cc2cc3c(cc2C(c2ccc(N)cc2)=NN1C(=O)CC#N)OCO3,CC1Cc2cc3c(cc2C(c2ccc(N)cc2)=NN1C(=O)CC#N)OCO3,WDZUIJUSJQYJTA-UHFFFAOYSA-N,362.3890000000002
CHEMBL267218,Nc1nc(N)c2cc(C(=O)NC(CCC(=O)O)C(=O)O)ccc2n1,Nc1nc(N)c2cc(C(=O)NC(CCC(=O)O)C(=O)O)ccc2n1,REPIJAKNLUZSTN-UHFFFAOYSA-N,333.30400000000003
CHEMBL8172,O=C1Nc2cc(C(F)(F)F)ccc2C1(F)c1ccccc1,O=C1Nc2cc(C(F)(F)F)ccc2C1(F)c1ccccc1,XUDCIPZOHCCBGV-UHFFFAOYSA-N,295.23499999999996
CHEMBL268632,CC(=O)OCC1=C(C(=O)[O-])N2C(=O)/C(=C/c3ccccn3)[C@H]2S(=O)(=O)C1.[Na+],CC(=O)OCC1=C(C(=O)[O-])N2C(=O)/C(=C/c3ccccn3)[C@H]2S(=O)(=O)C1,ITFVZKLBKASFHP-NYXMJBRJSA-M,377.3540000000001
CHEMBL267680,Cc1cc(NC(=O)c2cccs2)ccc1OCC(O)CNC(C)C,Cc1cc(NC(=O)c2cccs2)ccc1OCC(O)CNC(C)C,PFVDZQMVHYQJMT-UHFFFAOYSA-N,348.4680000000001
CHEMBL275685,CN(Cc1ccc(S(=O)(=O)c2ccccc2)cc1)c1ccc2c3c(cccc13)C(N)=N2,CN(Cc1ccc(S(=O)(=O)c2ccccc2)cc1)c1ccc2c3c(cccc13)C(N)=N2,WZXJTHFFHJIZNA-UHFFFAOYSA-N,427.52900000000017
CHEMBL8191,Oc1cccc(CCCCCC(F)(F)C(F)(F)C(F)(F)C(F)(F)C(F)(F)C(F)(F)F)c1O,Oc1cccc(CCCCCC(F)(F)C(F)(F)C(F)(F)C(F)(F)C(F)(F)C(F)(F)F)c1O,YSINYTWRJZQLMC-UHFFFAOYSA-N,498.27899999999994
CHEMBL9344,OCC1OC(n2cnc3c(O)ncnc32)CC(O)C1O,OCC1OC(n2cnc3c(O)ncnc32)CC(O)C1O,SMXPWAHHCHYHHA-UHFFFAOYSA-N,282.25600000000003
CHEMBL8769,CC(=O)Nc1ccc(/C=C/c2ccc(C#N)cc2)cc1,CC(=O)Nc1ccc(/C=C/c2ccc(C#N)cc2)cc1,HGVYNVVDNDXNOG-NSCUHMNNSA-N,262.312
CHEMBL273971,CC[C@@H]1/C=C(\C)C[C@H](C)C[C@H](OC)[C@H]2O[C@@](O)(C(=O)C(=O)N3CCCC[C@H]3C(=O)O[C@H](/C(C)=C/[C@@H]3CC[C@@H](Oc4ccccc4)[C@H](O)C3)[C@H](C)[C@@H](O)CC1=O)[C@H](C)C[C@@H]2OC,CC[C@@H]1/C=C(\C)C[C@H](C)C[C@H](OC)[C@H]2O[C@@](O)(C(=O)C(=O)N3CCCC[C@H]3C(=O)O[C@H](/C(C)=C/[C@@H]3CC[C@@H](Oc4ccccc4)[C@H](O)C3)[C@H](C)[C@@H](O)CC1=O)[C@H](C)C[C@@H]2OC,HGRWMEQEVZMDCV-SECPTIAKSA-N,854.0910000000002
CHEMBL8594,CC(C)(C)c1cc(C(=O)/C=C/c2ccsc2)cc(C(C)(C)C)c1O,CC(C)(C)c1cc(C(=O)/C=C/c2ccsc2)cc(C(C)(C)C)c1O,CHYVJBHFONPIEQ-BQYQJAHWSA-N,342.50400000000013
CHEMBL6437,CN1CCN2c3ccccc3Cc3ccccc3C2C1,CN1CCN2c3ccccc3Cc3ccccc3C2C1,UEQUQVLFIPOEMF-UHFFFAOYSA-N,264.372
CHEMBL9637,Oc1ccc(/N=C(\S)Nc2ccc(O)cc2)cc1,Oc1ccc(/N=C(\S)Nc2ccc(O)cc2)cc1,OXQMYTLVQRRPJB-UHFFFAOYSA-N,260.31800000000004
CHEMBL7203,CCC(c1ccc(O)cc1)C(CCCl)c1ccc(O)cc1,CCC(c1ccc(O)cc1)C(CCCl)c1ccc(O)cc1,YRQVDOXOSANGJQ-UHFFFAOYSA-N,304.817
CHEMBL269064,NC(=O)C[C@H](NC(=O)c1ccccc1Br)C(=O)O,NC(=O)C[C@H](NC(=O)c1ccccc1Br)C(=O)O,YAGCWDMDFGMAMA-QMMMGPOBSA-N,315.12300000000005
CHEMBL274877,Cc1ccc(C(=O)NCC(=O)O)cc1,Cc1ccc(C(=O)NCC(=O)O)cc1,NRSCPTLHWVWLLH-UHFFFAOYSA-N,193.20200000000003
CHEMBL6391,Cc1c(CC(C)N)ccc2c1OCO2,Cc1c(CC(C)N)ccc2c1OCO2,WVACHJAKQMSYSU-UHFFFAOYSA-N,193.24599999999995
CHEMBL6357,C#CCN(Cc1ccc2nc(C)nc(O)c2c1)c1ccc(C(=O)NCc2ccccn2)cc1,C#CCN(Cc1ccc2nc(C)nc(O)c2c1)c1ccc(C(=O)NCc2ccccn2)cc1,NOSAAJVWVAGBEH-UHFFFAOYSA-N,437.5030000000001
CHEMBL8808,CC(C)Nc1ccc2c(c1)CC(N)(C(=O)O)CC2,CC(C)Nc1ccc2c(c1)CC(N)(C(=O)O)CC2,SFRMUMOURGTOLB-UHFFFAOYSA-N,248.32599999999994
CHEMBL9728,CCN(Cc1ccc(S(=O)(=O)N2CCNCC2)cc1)c1ccc2c3c(cccc13)C(=O)N2,CCN(Cc1ccc(S(=O)(=O)N2CCNCC2)cc1)c1ccc2c3c(cccc13)C(=O)N2,WMRFGDPYELNHRJ-UHFFFAOYSA-N,450.56400000000014
CHEMBL404992,CCCN1CCN2CC(c3ccccc3)c3ccccc3C2C1,CCCN1CCN2CC(c3ccccc3)c3ccccc3C2C1,ROSKSLIDABRGDY-UHFFFAOYSA-N,306.4530000000001
CHEMBL8278,CCCC(=O)Nc1ccccc1Oc1cccc(OC)c1,CCCC(=O)Nc1ccccc1Oc1cccc(OC)c1,UXGVAIGAHMJCIK-UHFFFAOYSA-N,285.343
CHEMBL7167,Cc1oc(-c2ccc(C(F)(F)F)cc2)nc1COc1cccc(/C(=C/Cn2oc(=O)[nH]c2=O)C(C)(C)C)c1,Cc1oc(-c2ccc(C(F)(F)F)cc2)nc1COc1cccc(/C(=C/Cn2oc(=O)[nH]c2=O)C(C)(C)C)c1,MAERPRHUIYHNNX-MTJSOVHGSA-N,529.5150000000003
CHEMBL7637,CCCC(=O)Nc1ccc(S(=O)(=O)c2cccc(OC)c2)cc1,CCCC(=O)Nc1ccc(S(=O)(=O)c2cccc(OC)c2)cc1,DZCMTJYCNYEEMI-UHFFFAOYSA-N,333.40900000000005
CHEMBL7617,CN1CCN(C2=Cc3ccccc3Cc3ccc(Cl)cc32)CC1,CN1CCN(C2=Cc3ccccc3Cc3ccc(Cl)cc32)CC1,SFRWZRKAHVGRFO-UHFFFAOYSA-N,324.8550000000001
CHEMBL9757,CC1CCOC(=O)/C=C/C=C\C(=O)O[C@@H]2C[C@H]3O[C@@H]4C[C@@H](C)[C@@H](O)C[C@]4(COC(=O)C1O)[C@]2(C)C31CO1,CC1CCOC(=O)/C=C/C=C\C(=O)O[C@@H]2C[C@H]3O[C@@H]4C[C@@H](C)[C@@H](O)C[C@]4(COC(=O)C1O)[C@]2(C)C31CO1,ZXJNGNSKZPGCAW-ADWVHJPISA-N,520.5750000000004
CHEMBL266221,C1=NCCc2c1[nH]c1ccccc21,C1=NCCc2c1[nH]c1ccccc21,NTYXKFHKVREUMR-UHFFFAOYSA-N,170.215
CHEMBL6334,c1cc(CN2CCN(C[C@@H]3CCCN3)CC2)ccn1,c1cc(CN2CCN(C[C@@H]3CCCN3)CC2)ccn1,VPZLPAKJZIZIHZ-HNNXBMFYSA-N,260.38499999999993
CHEMBL6980,Cc1c([N+](=O)[O-])oc2ccc3ccccc3c12,Cc1c([N+](=O)[O-])oc2ccc3ccccc3c12,CVUUOLKFENQCEZ-UHFFFAOYSA-N,227.219
CHEMBL9026,CC(C)Oc1cccc(-n2c(CCc3c[nH]c4cc(Br)ccc34)nc3ccccc3c2=O)c1,CC(C)Oc1cccc(-n2c(CCc3c[nH]c4cc(Br)ccc34)nc3ccccc3c2=O)c1,GDXAZRKIDZCGBN-UHFFFAOYSA-N,502.4120000000001
CHEMBL6237,O=C(c1ccccc1)c1cccc(-n2ncc(=O)[nH]c2=O)c1,O=C(c1ccccc1)c1cccc(-n2ncc(=O)[nH]c2=O)c1,IHGFTWKQXYXZNJ-UHFFFAOYSA-N,293.28200000000004
CHEMBL268100,C#CCN(Cc1ccc2nc(C)nc(O)c2c1)c1ccc(C(=O)NCc2cccc(C#N)c2)cc1,C#CCN(Cc1ccc2nc(C)nc(O)c2c1)c1ccc(C(=O)NCc2cccc(C#N)c2)cc1,SWZBDJQINXKZCI-UHFFFAOYSA-N,461.52500000000015
CHEMBL9483,CCCCCCc1cc(C)c2ccccc2n1,CCCCCCc1cc(C)c2ccccc2n1,AVQOQWIDKGOSAM-UHFFFAOYSA-N,227.351
CHEMBL269264,Cn1cc(C2=C(c3cn(CCCN)c4ccccc34)C(=O)NC2=O)c2ccccc21,Cn1cc(C2=C(c3cn(CCCN)c4ccccc34)C(=O)NC2=O)c2ccccc21,UQHKJRCFSLMWIA-UHFFFAOYSA-N,398.4660000000001
CHEMBL274435,O=P(O)(O)C(F)(F)c1ccc(/C=C/CC(Cc2ccc(C(F)(F)P(=O)(O)O)cc2)(c2ccccc2)n2nnc3ccccc32)cc1,O=P(O)(O)C(F)(F)c1ccc(/C=C/CC(Cc2ccc(C(F)(F)P(=O)(O)O)cc2)(c2ccccc2)n2nnc3ccccc32)cc1,IQWGAAHPACZIDQ-VOTSOKGWSA-N,675.512
CHEMBL6440,CN1Cc2c(C(=O)OCC3CC3)ncn2-c2ccc(Cl)cc2C1=O,CN1Cc2c(C(=O)OCC3CC3)ncn2-c2ccc(Cl)cc2C1=O,DRCWBQAOFNLXIV-UHFFFAOYSA-N,345.78600000000006
CHEMBL6234,O=C([C@@H]1CCCN1)N1CCN(Cc2cccnc2)CC1,O=C([C@@H]1CCCN1)N1CCN(Cc2cccnc2)CC1,GKYJISXEGKBJGV-AWEZNQCLSA-N,274.3680000000001
CHEMBL8969,CCCn1c(=O)c2nc(-c3ccc(OCC(=O)NCCNC(=O)CCCCCCC(=O)ON4C(=O)CCC4=O)cc3)[nH]c2n(CCC)c1=O,CCCn1c(=O)c2nc(-c3ccc(OCC(=O)NCCNC(=O)CCCCCCC(=O)ON4C(=O)CCC4=O)cc3)[nH]c2n(CCC)c1=O,WLCXTJZFBVFWHJ-UHFFFAOYSA-N,681.7470000000002
CHEMBL9735,CC(=O)N[C@@H](Cc1ccccc1)C(O)[C@H](Cc1ccccc1)NC(C)=O,CC(=O)N[C@@H](Cc1ccccc1)C(O)[C@H](Cc1ccccc1)NC(C)=O,JQWQQDDZJGLLET-PMACEKPBSA-N,354.45000000000005
CHEMBL266348,Cc1c(N2CC[C@@H](CN)C2)c(F)c(N)c2c(=O)c(C(=O)O)cn([C@@H]3C[C@@H]3F)c12,Cc1c(N2CC[C@@H](CN)C2)c(F)c(N)c2c(=O)c(C(=O)O)cn([C@@H]3C[C@@H]3F)c12,TZCXKIMEEQCHGV-ZMLRMANQSA-N,392.40600000000006
CHEMBL414402,COc1cccc2cc(C(=O)c3cc4ccccc4[nH]3)[nH]c12,COc1cccc2cc(C(=O)c3cc4ccccc4[nH]3)[nH]c12,OATAATAPIWYBRK-UHFFFAOYSA-N,290.32199999999995
CHEMBL9517,CCOC(=O)Nc1cc2c(c(N)n1)N=C(c1ccc(Cl)c(Cl)c1)CN2,CCOC(=O)Nc1cc2c(c(N)n1)N=C(c1ccc(Cl)c(Cl)c1)CN2,RYXHPKXJBBAPCB-UHFFFAOYSA-N,380.235
CHEMBL9786,COc1cnc(C[S+]([O-])c2nc3cc(OC(F)F)ccc3[nH]2)cc1OC,COc1cnc(C[S+]([O-])c2nc3cc(OC(F)F)ccc3[nH]2)cc1OC,QHJAZTPZMQWHLD-UHFFFAOYSA-N,383.3760000000001
CHEMBL266817,COc1ccc(Cn2cnc3c(N(C)C)ncnc32)cc1,COc1ccc(Cn2cnc3c(N(C)C)ncnc32)cc1,WHBQKZUXPCAMJE-UHFFFAOYSA-N,283.33500000000004
CHEMBL6456,Oc1ccc(/C(=C(/c2ccccc2)C(F)(F)F)C(F)(F)F)cc1,Oc1ccc(/C(=C(/c2ccccc2)C(F)(F)F)C(F)(F)F)cc1,RTRMULGGHHCQSN-BUHFOSPRSA-N,332.243
CHEMBL8029,N#CN/C(=N/c1cccc(Cl)c1)NC(Cn1ccnc1)c1ccc(Cl)cc1Cl,N#CN/C(=N/c1cccc(Cl)c1)NC(Cn1ccnc1)c1ccc(Cl)cc1Cl,JWCDMFSLLGMXNN-UHFFFAOYSA-N,433.73000000000013
CHEMBL7791,O=C1c2ccc(OCc3ccccc3)cc2CCC1CC(=O)N1CCC(c2ccccc2)CC1,O=C1c2ccc(OCc3ccccc3)cc2CCC1CC(=O)N1CCC(c2ccccc2)CC1,VFZHAZYDXSIRHK-UHFFFAOYSA-N,453.58200000000033
CHEMBL7869,CN(C)C(=O)[C@]12CCC(C)(C)CC1C1C(=O)C=C3[C@@]4(C)C=C(C#N)C(=O)C(C)(C)[C@@H]4CC[C@@]3(C)[C@]1(C)CC2,CN(C)C(=O)[C@]12CCC(C)(C)CC1C1C(=O)C=C3[C@@]4(C)C=C(C#N)C(=O)C(C)(C)[C@@H]4CC[C@@]3(C)[C@]1(C)CC2,YPQNGKZSKASBRT-TWSKLZPESA-N,518.7420000000004
CHEMBL268786,Nc1nc(S)nc2ccc(Sc3ccc4ccccc4c3)cc12,Nc1nc(S)nc2ccc(Sc3ccc4ccccc4c3)cc12,UAZUKMLXGIJJRM-UHFFFAOYSA-N,335.45700000000005
CHEMBL275735,COc1cc(C(=O)/C(C)=C/c2ccc3c(c2)OCO3)cc(OC)c1OC,COc1cc(C(=O)/C(C)=C/c2ccc3c(c2)OCO3)cc(OC)c1OC,QAIZVRXELIUDMQ-KPKJPENVSA-N,356.37400000000014
CHEMBL8295,C=C1CC2(CCCc3ccccc32)OC1=O,C=C1CC2(CCCc3ccccc32)OC1=O,ISIQOXGBFBNCCJ-UHFFFAOYSA-N,214.26399999999998
CHEMBL426,CN(Cc1cnc2nc(N)nc(N)c2n1)c1ccc(C(=O)NC(CCC(=O)O)C(=O)O)cc1,CN(Cc1cnc2nc(N)nc(N)c2n1)c1ccc(C(=O)NC(CCC(=O)O)C(=O)O)cc1,FBOZXECLQNJBKD-UHFFFAOYSA-N,454.44700000000023
CHEMBL553108,CCCc1ccc(S(=O)(=O)N[C@@H](CC#Cc2ccc(NC)cc2)C(=O)N(C)C2CCCC2)cc1,CCCc1ccc(S(=O)(=O)N[C@@H](CC#Cc2ccc(NC)cc2)C(=O)N(C)C2CCCC2)cc1,VNEQUOUVFXAVMH-SANMLTNESA-N,481.66200000000026
CHEMBL269294,O=C(N[C@H](Cc1ccc2ccccc2c1)C(=O)O)c1ccccc1Br,O=C(N[C@H](Cc1ccc2ccccc2c1)C(=O)O)c1ccccc1Br,CKTMVJJCJZZQTH-GOSISDBHSA-N,398.25600000000003
CHEMBL428480,NC(=O)[C@H](Cc1ccc2ccccc2c1)NCc1c[nH]c2ccccc12,NC(=O)[C@H](Cc1ccc2ccccc2c1)NCc1c[nH]c2ccccc12,HHYJJFFVZCZRNO-NRFANRHFSA-N,343.43000000000006
CHEMBL7421,CC[C@@H]1Cc2cc3c(C(F)(F)F)cc(O)nc3cc2N[C@@H]1CC,CC[C@@H]1Cc2cc3c(C(F)(F)F)cc(O)nc3cc2N[C@@H]1CC,LOVUSVPDJMJWAS-NOZJJQNGSA-N,324.34600000000006
CHEMBL7619,Oc1cc2c(cc1Sc1ccccc1)OCC2,Oc1cc2c(cc1Sc1ccccc1)OCC2,MWFNSWRXQDPKQQ-UHFFFAOYSA-N,244.31499999999997
CHEMBL24,CC(C)NCC(O)COc1ccc(CC(N)=O)cc1,CC(C)NCC(O)COc1ccc(CC(N)=O)cc1,METKIMKYRPQLGS-UHFFFAOYSA-N,266.34099999999995
CHEMBL6834,CC1=CC2[C@@]3(O)[C@H](C)C[C@]4(OC(=O)CCCCCCC[C@H]5C[C@@H]5C)[C@H]([C@@H]3C(C)=C(CO)C[C@]2(O)C1=O)C4(C)C,CC1=CC2[C@@]3(O)[C@H](C)C[C@]4(OC(=O)CCCCCCC[C@H]5C[C@@H]5C)[C@H]([C@@H]3C(C)=C(CO)C[C@]2(O)C1=O)C4(C)C,HYMYZKAGLLSVMV-ZRBIGWEPSA-N,542.7570000000003
CHEMBL266025,CC1(C)N=C(N)N=C(N)N1c1cccc(OCCOc2ccccc2)c1,CC1(C)N=C(N)N=C(N)N1c1cccc(OCCOc2ccccc2)c1,FLSFYHOJHGHMRO-UHFFFAOYSA-N,353.42600000000004
CHEMBL266591,Cc1[nH]c2ccc(O)cc2c1CCN,Cc1[nH]c2ccc(O)cc2c1CCN,WYWNEDARFVJQSG-UHFFFAOYSA-N,190.24599999999992
CHEMBL7629,CN(C)c1ncnc2c1ncn2Cc1ccc(C#N)cc1,CN(C)c1ncnc2c1ncn2Cc1ccc(C#N)cc1,CUROLVOKDFSRLS-UHFFFAOYSA-N,278.31899999999996
CHEMBL6363,Cc1cc(-n2ncc(=O)[nH]c2=O)ccc1C(=O)c1ccccc1,Cc1cc(-n2ncc(=O)[nH]c2=O)ccc1C(=O)c1ccccc1,ZKEKOOJDMYTEMP-UHFFFAOYSA-N,307.309
CHEMBL266145,CC1=C(c2ccc(-n3ccnc3)cc2)CNC1=O,CC1=C(c2ccc(-n3ccnc3)cc2)CNC1=O,LFSVTQCVEVAXED-UHFFFAOYSA-N,239.278
CHEMBL7036,O=C(OC[C@H]1C[C@@H]2O[C@H]1[C@H]1C(=O)OC(=O)[C@H]12)c1cccc(Oc2ccccc2)c1,O=C(OC[C@H]1C[C@@H]2O[C@H]1[C@H]1C(=O)OC(=O)[C@H]12)c1cccc(Oc2ccccc2)c1,DUSDRKIBWMLPMJ-QWQQUQAHSA-N,394.3790000000001
CHEMBL6866,CC(C)Nc1ccc(N2CCN(C(=O)c3ccc4[nH]ccc4c3)CC2)nc1,CC(C)Nc1ccc(N2CCN(C(=O)c3ccc4[nH]ccc4c3)CC2)nc1,VRPNTFMBIIIQSN-UHFFFAOYSA-N,363.4650000000001
CHEMBL9534,COc1cccc(N(CC(=O)N(C)c2ccccc2)C(=O)CNC(=O)Nc2cccc(C)c2)c1,COc1cccc(N(CC(=O)N(C)c2ccccc2)C(=O)CNC(=O)Nc2cccc(C)c2)c1,IKCMNOLFQSPMGM-UHFFFAOYSA-N,460.5340000000002
CHEMBL268429,CC(=O)Oc1cccc(/C=C/C=C(C)/C=C/C2=C(C)CCCC2(C)C)c1,CC(=O)Oc1cccc(/C=C/C=C(C)/C=C/C2=C(C)CCCC2(C)C)c1,KXJVUJRSNJHQAA-IJXILNRDSA-N,350.5020000000002
CHEMBL8550,CC1Cc2cc3c(cc2C(c2ccc(N)cc2)=NN1C(=O)C1CC1)OCO3,CC1Cc2cc3c(cc2C(c2ccc(N)cc2)=NN1C(=O)C1CC1)OCO3,YMLQEUUIRLVQRB-UHFFFAOYSA-N,363.4170000000002
CHEMBL7334,Oc1ccc(-c2nnc3nc4ccccc4n3c2O)cc1O,Oc1ccc(-c2nnc3nc4ccccc4n3c2O)cc1O,OASBIGBNMZTLBE-UHFFFAOYSA-N,294.27000000000004
CHEMBL269773,Cc1c(C)c2c(c(C)c1O)C(CN(C)CCOc1ccc(/C=C3\SC(=O)NC3=O)cc1)C(C)(C)O2,Cc1c(C)c2c(c(C)c1O)C(CN(C)CCOc1ccc(/C=C3\SC(=O)NC3=O)cc1)C(C)(C)O2,UQTBFJKRXXWVLC-BKUYFWCQSA-N,496.6290000000002
CHEMBL275687,COC(=O)CNP(=O)(CO[C@H](C)Cn1cnc2c(N)ncnc21)Oc1ccccc1,COC(=O)CNP(=O)(CO[C@H](C)Cn1cnc2c(N)ncnc21)Oc1ccccc1,RIFUFUCBOKDLQN-SGSXECEGSA-N,434.3930000000002
CHEMBL7134,Nc1nc(N)c2c(CCc3ccc4ccccc4c3)cccc2n1,Nc1nc(N)c2c(CCc3ccc4ccccc4c3)cccc2n1,OICSWALALWBGPH-UHFFFAOYSA-N,314.39200000000005
CHEMBL9199,CCOC(=O)C1=NO[C@]2(C(=O)CO)[C@H]1CC1C3CCC4=CC(=O)C=C[C@]4(C)[C@@]3(F)[C@@H](O)C[C@@]12C,CCOC(=O)C1=NO[C@]2(C(=O)CO)[C@H]1CC1C3CCC4=CC(=O)C=C[C@]4(C)[C@@]3(F)[C@@H](O)C[C@@]12C,PKNLYAAUFTXMLE-OPMZGQBISA-N,475.51300000000026
CHEMBL9370,COC(=O)C[C@@H](c1ccc(OC)nc1)N(C)C(=O)CCCCc1nc2c(cc1[N+](=O)[O-])CCCN2,COC(=O)C[C@@H](c1ccc(OC)nc1)N(C)C(=O)CCCCc1nc2c(cc1[N+](=O)[O-])CCCN2,PGSNGOGCWPCEDH-IBGZPJMESA-N,485.5410000000004
CHEMBL266195,C=CCc1ccccc1OCC(O)CNC(C)C,C=CCc1ccccc1OCC(O)CNC(C)C,PAZJSJFMUHDSTF-UHFFFAOYSA-N,249.35399999999996
CHEMBL9550,COC(=O)C[C@@H](c1ccc(OC)nc1)N(C)C(=O)CCCCc1nc2c(cc1NS(C)(=O)=O)CCCN2,COC(=O)C[C@@H](c1ccc(OC)nc1)N(C)C(=O)CCCCc1nc2c(cc1NS(C)(=O)=O)CCCN2,BPFSDEAWEWNYMO-NRFANRHFSA-N,533.6510000000003
CHEMBL8613,CCOc1ccc2[nH]c3c(S)nncc3c2c1,CCOc1ccc2[nH]c3c(S)nncc3c2c1,UZEWIAZGJIKVML-UHFFFAOYSA-N,245.30700000000002
CHEMBL268889,c1ccc(-c2nc3n(c2-c2ccc4c(c2)OCO4)CCC3)nc1,c1ccc(-c2nc3n(c2-c2ccc4c(c2)OCO4)CCC3)nc1,MUYFXUIFVHSJSW-UHFFFAOYSA-N,305.33700000000005
CHEMBL274775,O=C(O)CN1C(=O)c2ccccc2CCc2ccccc21,O=C(O)CN1C(=O)c2ccccc2CCc2ccccc21,PPDITWWAUXVIGN-UHFFFAOYSA-N,281.311
CHEMBL275341,Cc1cccc2c(Nc3ccc(NS(C)(=O)=O)cc3)c3ccccc3nc12,Cc1cccc2c(Nc3ccc(NS(C)(=O)=O)cc3)c3ccccc3nc12,BGCDRFRIYSWZDU-UHFFFAOYSA-N,377.4690000000001
CHEMBL267863,CC1(C)[C@H](C(=O)O)N2C(=O)[C@@H](Cc3cn(-c4ccc(N)cc4)nn3)[C@H]2S1(=O)=O,CC1(C)[C@H](C(=O)O)N2C(=O)[C@@H](Cc3cn(-c4ccc(N)cc4)nn3)[C@H]2S1(=O)=O,QEYUTORLTFVDOI-VNHYZAJKSA-N,405.4360000000001
CHEMBL267178,COc1ccc(S(=O)(=O)N(Cc2cccnc2)[C@@H](C(=O)NO)C(C)C)cc1,COc1ccc(S(=O)(=O)N(Cc2cccnc2)[C@@H](C(=O)NO)C(C)C)cc1,BSIZUMJRKYHEBR-QGZVFWFLSA-N,393.4650000000001
CHEMBL276473,O=C(/C=C/c1ccccc1)c1ccc(O)cc1,O=C(/C=C/c1ccccc1)c1ccc(O)cc1,UAHGNXFYLAJDIN-IZZDOVSWSA-N,224.25900000000001
CHEMBL414184,Cc1oc(-c2ccc(C(F)(F)F)cc2)nc1COc1cccc(/C=C/Cn2oc(=O)[nH]c2=O)c1,Cc1oc(-c2ccc(C(F)(F)F)cc2)nc1COc1cccc(/C=C/Cn2oc(=O)[nH]c2=O)c1,NSNXEAAXFVIWJN-HWKANZROSA-N,473.4070000000002
CHEMBL7738,CCOC(=O)C(=O)/C=C1\C=C(OC)C=C(O)O1,CCOC(=O)C(=O)/C=C1\C=C(OC)C=C(O)O1,RTKKQOAPTBOXDP-VMPITWQZSA-N,240.21099999999998
CHEMBL6444,Cc1cc(CCCCCOc2ccc(C3=NCCO3)cc2Cl)on1,Cc1cc(CCCCCOc2ccc(C3=NCCO3)cc2Cl)on1,FCSKOFQQCWLGMV-UHFFFAOYSA-N,348.8300000000001
CHEMBL9157,COc1ccc(C2=C(C)C(=O)NC2)cc1OC,COc1ccc(C2=C(C)C(=O)NC2)cc1OC,NAWWKDRRTUVBBZ-UHFFFAOYSA-N,233.26699999999997
CHEMBL276374,COCc1c(C)nn(-c2ccccc2)c1-c1ccccc1,COCc1c(C)nn(-c2ccccc2)c1-c1ccccc1,GGHOLKQZQAXRLS-UHFFFAOYSA-N,278.355
CHEMBL8692,CCCCCC(O)c1cccc(Oc2ccc3ccccc3n2)c1,CCCCCC(O)c1cccc(Oc2ccc3ccccc3n2)c1,HXCXPHNMRPMFTG-UHFFFAOYSA-N,321.42
CHEMBL8412,O=C1c2ccccc2S(=O)(=O)N1CCCCN1CCN(c2ncccn2)CC1,O=C1c2ccccc2S(=O)(=O)N1CCCCN1CCN(c2ncccn2)CC1,TZJUVVIWVWFLCD-UHFFFAOYSA-N,401.49200000000013
CHEMBL267697,O=C1NC(=O)/C(=C/c2ccc(C(=O)NC[C@@H]3C[C@@H](OCc4ccccc4-c4ccccc4)CN3C(=O)c3ccccc3C(=O)c3ccc(F)cc3F)cc2)S1,O=C1NC(=O)/C(=C/c2ccc(C(=O)NC[C@@H]3C[C@@H](OCc4ccccc4-c4ccccc4)CN3C(=O)c3ccccc3C(=O)c3ccc(F)cc3F)cc2)S1,UHELBOJXUPVRLQ-WDRWBBAQSA-N,757.8150000000003
CHEMBL268855,CN(C)c1cccc2c(S(=O)(=O)Nc3ccccn3)cccc12,CN(C)c1cccc2c(S(=O)(=O)Nc3ccccn3)cccc12,QTTGUFALNOXXDZ-UHFFFAOYSA-N,327.409
CHEMBL275007,Cc1ccc(N(CC(=O)O)C(=O)c2ccccc2)cc1,Cc1ccc(N(CC(=O)O)C(=O)c2ccccc2)cc1,IZBVPKXZYVQSFQ-UHFFFAOYSA-N,269.3
CHEMBL269361,COc1ccc(C(=O)c2ccc3n2CCCC3C(=O)O)cc1,COc1ccc(C(=O)c2ccc3n2CCCC3C(=O)O)cc1,SNYFALKQFAOOEL-UHFFFAOYSA-N,299.32599999999996
CHEMBL261922,CC(CNC(=O)c1cc2cc(Cl)ccc2[nH]1)Cn1ccnc1,CC(CNC(=O)c1cc2cc(Cl)ccc2[nH]1)Cn1ccnc1,PAXODAHNIGRLDN-UHFFFAOYSA-N,316.79200000000003
CHEMBL267850,CC(C)[C@@H]1CCc2cc3c(C(F)(F)F)cc(O)nc3cc2N1,CC(C)[C@@H]1CCc2cc3c(C(F)(F)F)cc(O)nc3cc2N1,LGNMYPWWRADFMJ-LBPRGKRZSA-N,310.319
CHEMBL47,Cc1c(C)c2c(c(C)c1O)CC[C@@](C)(CCC[C@H](C)CCC[C@H](C)CCCC(C)C)O2,Cc1c(C)c2c(c(C)c1O)CC[C@@](C)(CCC[C@H](C)CCC[C@H](C)CCCC(C)C)O2,GVJHHUAWPYXKBD-IEOSBIPESA-N,430.7170000000003
CHEMBL268055,CC12N[C@H](Cc3ccccc31)c1ccccc12,CC12N[C@H](Cc3ccccc31)c1ccccc12,LBOJYSIDWZQNJS-AAFJCEBUSA-N,221.303
CHEMBL7643,O=C(Nc1ccc(Cl)cc1)NS(=O)(=O)c1ccc2c(c1)CCC2,O=C(Nc1ccc(Cl)cc1)NS(=O)(=O)c1ccc2c(c1)CCC2,JQJSFAJISYZPER-UHFFFAOYSA-N,350.82700000000017
CHEMBL7055,N#Cc1ccc2nc(N3CCNCC3)cnc2c1,N#Cc1ccc2nc(N3CCNCC3)cnc2c1,CJYRCGCHBUJFCY-UHFFFAOYSA-N,239.28199999999998
CHEMBL7872,Cc1ccccc1Oc1cnc(O)nc1,Cc1ccccc1Oc1cnc(O)nc1,ZUOUIFQBQUJMEU-UHFFFAOYSA-N,202.21300000000002
CHEMBL266533,O=C1[C@@H](NS(=O)(=O)c2ccc(-c3ccc(Cl)s3)s2)CCN1Cc1cc2[nH]cccc-2n1,O=C1[C@@H](NS(=O)(=O)c2ccc(-c3ccc(Cl)s3)s2)CCN1Cc1cc2[nH]cccc-2n1,XQONFWKWEMVRAJ-AWEZNQCLSA-N,493.03500000000025
CHEMBL7978,CN(C)c1ncnc2c1ncn2Cc1ccc(O)cc1,CN(C)c1ncnc2c1ncn2Cc1ccc(O)cc1,OHPHKSYDILBCSO-UHFFFAOYSA-N,269.308
CHEMBL8069,COc1ccc(Cl)c(C2(F)C(=O)Nc3c(C#N)cccc32)c1,COc1ccc(Cl)c(C2(F)C(=O)Nc3c(C#N)cccc32)c1,YVQQRDMMEJVMGI-UHFFFAOYSA-N,316.719
CHEMBL8730,N=C(N)NCCC[C@@H](NCc1c[nH]c2ccccc12)C(N)=O,N=C(N)NCCC[C@@H](NCc1c[nH]c2ccccc12)C(N)=O,FFEMNDCABCQPCS-CYBMUJFWSA-N,302.3820000000001
CHEMBL7386,Cc1cc([N+](=O)[O-])ccc1C(=O)OCC(O)CNC(C)(C)C,Cc1cc([N+](=O)[O-])ccc1C(=O)OCC(O)CNC(C)(C)C,UFDVHWZYCKEZLH-UHFFFAOYSA-N,310.3500000000001
CHEMBL417243,c1ccc(COc2ccc(Cc3ccc(NC4=NCCN4)cc3)cc2)cc1,c1ccc(COc2ccc(Cc3ccc(NC4=NCCN4)cc3)cc2)cc1,GMUIKVPURQDOIP-UHFFFAOYSA-N,357.457
CHEMBL6984,CC(C)NCC(O)COC(=O)c1cccc2ccccc12,CC(C)NCC(O)COC(=O)c1cccc2ccccc12,ZZSBGFQPTJBSCP-UHFFFAOYSA-N,287.35900000000004
CHEMBL417426,Cc1ccnc(NCCCCCCC(=O)NC(CC(=O)O)c2cccc([N+](=O)[O-])c2)c1,Cc1ccnc(NCCCCCCC(=O)NC(CC(=O)O)c2cccc([N+](=O)[O-])c2)c1,QXUZEPOJJWMXPE-UHFFFAOYSA-N,428.48900000000015
CHEMBL6404,CCC(c1ccc(O)cc1)C(CC)c1ccc(O)c(F)c1,CCC(c1ccc(O)cc1)C(CC)c1ccc(O)c(F)c1,ILINIAJBGBCWBF-UHFFFAOYSA-N,288.36199999999997
CHEMBL269134,COc1cc(C(=O)N2CCN(C(=O)c3cc(OC)c(OC)c(OC)c3)C(COC(=O)NCC(C)(C)C)C2)cc(OC)c1OC,COc1cc(C(=O)N2CCN(C(=O)c3cc(OC)c(OC)c(OC)c3)C(COC(=O)NCC(C)(C)C)C2)cc(OC)c1OC,ZJUIACXULIBYQJ-UHFFFAOYSA-N,617.6960000000003
CHEMBL6551,O=C(NCc1ccccc1)c1cc(-c2ccncc2)nnc1Cl,O=C(NCc1ccccc1)c1cc(-c2ccncc2)nnc1Cl,SPPRTXLXIZNGFC-UHFFFAOYSA-N,324.7710000000001
CHEMBL7977,CN(C)c1ncnc2c1ncn2C,CN(C)c1ncnc2c1ncn2C,GQKLJZOIXKFFQC-UHFFFAOYSA-N,177.21099999999998
CHEMBL273365,Oc1cccc(N/C(S)=N/c2ccccc2)c1,Oc1cccc(N/C(S)=N/c2ccccc2)c1,BTFREYNHBKXMCJ-UHFFFAOYSA-N,244.31900000000005
CHEMBL8815,CN1CC=C(c2c(O)cc(O)c3c(=O)cc(C4CCCCC4)oc23)CC1,CN1CC=C(c2c(O)cc(O)c3c(=O)cc(C4CCCCC4)oc23)CC1,HXEULGMWCGDEJE-UHFFFAOYSA-N,355.43400000000025
CHEMBL22,COc1cc(Cc2cnc(N)nc2N)cc(OC)c1OC,COc1cc(Cc2cnc(N)nc2N)cc(OC)c1OC,IEDVJHCEMCRBQM-UHFFFAOYSA-N,290.32300000000004
CHEMBL8326,C/C(=C/C(N)C(=O)O)CC(N)C(=O)O,C/C(=C/C(N)C(=O)O)CC(N)C(=O)O,GTCAXECMLDTNRH-RQOWECAXSA-N,202.20999999999998
CHEMBL475,C[C@H]1C[C@H](N)c2cc(S(N)(=O)=O)sc2S1(=O)=O,C[C@H]1C[C@H](N)c2cc(S(N)(=O)=O)sc2S1(=O)=O,HVURBRAECUMAHY-NJGYIYPDSA-N,296.39500000000004
CHEMBL7255,Oc1cnnc2nc3ccccc3n12,Oc1cnnc2nc3ccccc3n12,JEVBDKCBMRNBFX-UHFFFAOYSA-N,186.174
CHEMBL6959,CC[C@H]1Cc2cc3c(C(F)(F)F)cc(O)nc3cc2N[C@@H]1CC,CC[C@H]1Cc2cc3c(C(F)(F)F)cc(O)nc3cc2N[C@@H]1CC,LOVUSVPDJMJWAS-TVQRCGJNSA-N,324.34600000000006
CHEMBL7027,O=C(c1cc2ccccc2[nH]1)c1cc2cc(OC(=O)C(c3ccccc3)c3ccccc3)ccc2[nH]1,O=C(c1cc2ccccc2[nH]1)c1cc2cc(OC(=O)C(c3ccccc3)c3ccccc3)ccc2[nH]1,GTMAMZOWGONZHQ-UHFFFAOYSA-N,470.5280000000001
CHEMBL7947,O=C1[C@@H](NS(=O)(=O)c2cc3c(Cl)nccc3s2)CCN1Cc1cc2[nH]cccc-2n1,O=C1[C@@H](NS(=O)(=O)c2cc3c(Cl)nccc3s2)CCN1Cc1cc2[nH]cccc-2n1,SGMXXDVRQGBQSY-AWEZNQCLSA-N,461.95600000000024
CHEMBL266708,CC(=O)c1cc2c(Sc3ccc(C)cc3)cncc2s1,CC(=O)c1cc2c(Sc3ccc(C)cc3)cncc2s1,ZYKASDRUVLHDCC-UHFFFAOYSA-N,299.42
CHEMBL268195,C[N+](C)(CCCCCC[N+](C)(C)CCCN1C(=O)c2cc(F)c(F)cc2C1=O)CCCN1C(=O)c2cc(F)c(F)cc2C1=O.[Br-].[Br-],C[N+](C)(CCCCCC[N+](C)(C)CCCN1C(=O)c2cc(F)c(F)cc2C1=O)CCCN1C(=O)c2cc(F)c(F)cc2C1=O,HZJKWNCTJCYLBC-UHFFFAOYSA-N,620.6880000000003
CHEMBL267037,COc1ccc(CC(=O)O)cc1-c1ccc(Cl)cc1,COc1ccc(CC(=O)O)cc1-c1ccc(Cl)cc1,HOSXFBPAUOSEAP-UHFFFAOYSA-N,276.719
CHEMBL8261,Cn1cc(C2=NCC3(CN4CCC3CC4)O2)c2cc(O)ccc21,Cn1cc(C2=NCC3(CN4CCC3CC4)O2)c2cc(O)ccc21,AMBLMDDGYKDABV-UHFFFAOYSA-N,311.385
CHEMBL9508,Cc1ccnc(NCCCCC(=O)NNC(=O)CC(CC(=O)O)c2cc(Cl)cc(Cl)c2)c1,Cc1ccnc(NCCCCC(=O)NNC(=O)CC(CC(=O)O)c2cc(Cl)cc(Cl)c2)c1,YQIZMAFWDNCDLY-UHFFFAOYSA-N,481.3800000000002
CHEMBL8757,CCN1C(C(=O)N[C@@H](Cc2ccccc2)C(=O)C(=O)NCCCNS(=O)(=O)c2ccc(F)cc2)Cc2cc3c(cc2S1(=O)=O)OCCO3,CCN1C(C(=O)N[C@@H](Cc2ccccc2)C(=O)C(=O)NCCCNS(=O)(=O)c2ccc(F)cc2)Cc2cc3c(cc2S1(=O)=O)OCCO3,RKPKFJWNGYASQH-PMCHYTPCSA-N,702.7830000000001
CHEMBL9281,O=C(O)c1cc2c3cc(Cl)c(Cl)cc3nc(O)n2n1,O=C(O)c1cc2c3cc(Cl)c(Cl)cc3nc(O)n2n1,JXMKTUJSOCNULB-UHFFFAOYSA-N,298.085
CHEMBL275946,N=C(N)NCCC[C@H](NC(=O)[C@H](Cc1ccccc1)NC(=O)Nc1ccc2c(CN3CCCC3)cn(Cc3ccc(F)cc3)c2c1)C(=O)NCc1ccccc1,N=C(N)NCCC[C@H](NC(=O)[C@H](Cc1ccccc1)NC(=O)Nc1ccc2c(CN3CCCC3)cn(Cc3ccc(F)cc3)c2c1)C(=O)NCc1ccccc1,BIGFAABVAZSDBH-UWXQCODUSA-N,759.9310000000003
CHEMBL7366,COC(=O)c1ccc(C(=O)Oc2ccc3c(c2)OC(C)(C)C=C3C)cc1,COC(=O)c1ccc(C(=O)Oc2ccc3c(c2)OC(C)(C)C=C3C)cc1,MJCVHGXCUYYEPY-UHFFFAOYSA-N,352.3860000000001
CHEMBL6970,Nc1nc(N)c2c(n1)CCC(Cc1ccccc1)C2,Nc1nc(N)c2c(n1)CCC(Cc1ccccc1)C2,JHAGNGFBQHOFEL-UHFFFAOYSA-N,254.337
CHEMBL275516,CC1(C(=O)O)C2CCC(O2)C1(C)C(=O)O,CC1(C(=O)O)C2CCC(O2)C1(C)C(=O)O,NMTNUQBORQILRK-UHFFFAOYSA-N,214.21699999999998
CHEMBL9358,CC12NC(C3CCCCC31)[C@H](O)c1ccccc12,CC12NC(C3CCCCC31)[C@H](O)c1ccccc12,QUUVVNAADCNVJY-HZEFBVEASA-N,243.35000000000005
CHEMBL6281,CC1(C)[C@H](C(=O)O)N2C(=O)[C@@H](Cc3cn(-c4ccc(O)cc4)nn3)[C@H]2S1(=O)=O,CC1(C)[C@H](C(=O)O)N2C(=O)[C@@H](Cc3cn(-c4ccc(O)cc4)nn3)[C@H]2S1(=O)=O,KPAZRDMJBFRIBA-VNHYZAJKSA-N,406.4200000000001
CHEMBL7909,Cn1c2ccccc2n2c(=O)c(-c3ccccc3)nnc12,Cn1c2ccccc2n2c(=O)c(-c3ccccc3)nnc12,YUHUCHUOJJIJPC-UHFFFAOYSA-N,276.29900000000004
CHEMBL6839,C/N=c1\ccc(-c2ccc(N3CC(CNC(C)=O)OC3=O)cc2)ccc1O,C/N=c1\ccc(-c2ccc(N3CC(CNC(C)=O)OC3=O)cc2)ccc1O,KAKXRVVBBNLNRY-UHFFFAOYSA-N,367.4050000000001
CHEMBL263079,CCNc1cccc2c(S(=O)(=O)Nc3ncc(Br)nc3OC)cccc12,CCNc1cccc2c(S(=O)(=O)Nc3ncc(Br)nc3OC)cccc12,YDPOXHCJDBMWLW-UHFFFAOYSA-N,437.3190000000001
CHEMBL8446,CC(NC(=O)c1ccccc1)C1CCC2C3CC=C4CC(O)CCC4(C)C3CCC12C,CC(NC(=O)c1ccccc1)C1CCC2C3CC=C4CC(O)CCC4(C)C3CCC12C,NOVUBZJSKIJHDS-UHFFFAOYSA-N,421.6250000000003
CHEMBL8187,Cc1nc(NC(=O)c2ccc(C(=N)N)cc2)sc1CCC(=O)O,Cc1nc(NC(=O)c2ccc(C(=N)N)cc2)sc1CCC(=O)O,NXTXRLGABIDNIS-UHFFFAOYSA-N,332.38500000000016
CHEMBL9299,Cc1ccccc1C(=O)c1ccc2n1CCC2C(=O)O,Cc1ccccc1C(=O)c1ccc2n1CCC2C(=O)O,XZDNBSYTXJNDNK-UHFFFAOYSA-N,269.29999999999995
CHEMBL9858,OC[C@@]1(CCCc2ccccc2)CC2C3Cc4ccc(O)c5c4C2(CCN3CC2CCC2)C(O5)[C@@H]1O,OC[C@@]1(CCCc2ccccc2)CC2C3Cc4ccc(O)c5c4C2(CCN3CC2CCC2)C(O5)[C@@H]1O,ONHZVISJAPERIM-OLYUUFHWSA-N,489.6560000000004
CHEMBL266720,CC(C)(C)NCC(O)COC(=O)C1c2ccccc2-c2ccccc21,CC(C)(C)NCC(O)COC(=O)C1c2ccccc2-c2ccccc21,LUGYPRZZKYRHPI-UHFFFAOYSA-N,339.43500000000006
CHEMBL415033,O=C(NCCCn1ccnc1)c1ccc([N+](=O)[O-])o1,O=C(NCCCn1ccnc1)c1ccc([N+](=O)[O-])o1,XYCKCWONTSWPCN-UHFFFAOYSA-N,264.241
CHEMBL8116,N#Cc1ccc(C(=O)C(Nc2ccc(Cl)cc2)NC(Cn2ccnc2)c2ccc(Cl)cc2Cl)cc1,N#Cc1ccc(C(=O)C(Nc2ccc(Cl)cc2)NC(Cn2ccnc2)c2ccc(Cl)cc2Cl)cc1,DJTIBRWKPJKQCE-UHFFFAOYSA-N,524.8390000000002
CHEMBL6306,COC(=O)/C=C/C=C/C(=O)N1CCN(c2nc(N)c3cc(OC)c(OC)cc3n2)CC1,COC(=O)/C=C/C=C/C(=O)N1CCN(c2nc(N)c3cc(OC)c(OC)cc3n2)CC1,LSWGVLAKCJCDNW-YDFGWWAZSA-N,427.46100000000024
CHEMBL9891,C=CC/N=c1\c(O)c(O)\c1=N/[C@@H](Cc1ccc(NC(=O)c2c(Cl)cncc2Cl)cc1)C(=O)O,C=CC/N=c1\c(O)c(O)\c1=N/[C@@H](Cc1ccc(NC(=O)c2c(Cl)cncc2Cl)cc1)C(=O)O,PQDIJZIJCHDYMZ-RGSASCSGSA-N,489.31500000000017
CHEMBL9062,CC[C@H]1OC(=O)CC(O)[C@H](C)[C@@H](O[C@@H]2O[C@H](C)C[C@H](N(C)C)[C@H]2O)[C@@H](CCN(C)CCN(C)C(=O)[C@H](C)N)C[C@@H](C)C(=O)/C=C/C(C)=C/[C@@H]1C,CC[C@H]1OC(=O)CC(O)[C@H](C)[C@@H](O[C@@H]2O[C@H](C)C[C@H](N(C)C)[C@H]2O)[C@@H](CCN(C)CCN(C)C(=O)[C@H](C)N)C[C@@H](C)C(=O)/C=C/C(C)=C/[C@@H]1C,MUGBPTHNXDQXCH-BLAGAWBRSA-N,708.9820000000001
CHEMBL269550,CCOC(=O)C1=C(O)C(=O)N(Cc2ccccc2)C1,CCOC(=O)C1=C(O)C(=O)N(Cc2ccccc2)C1,IGYRPDIWSYGHMY-UHFFFAOYSA-N,261.27700000000004
CHEMBL7315,Cc1c(NC(=O)Cc2ccc(Br)cc2)ccc2nc(N)nc(N)c12,Cc1c(NC(=O)Cc2ccc(Br)cc2)ccc2nc(N)nc(N)c12,NKIBCARHJYUPCY-UHFFFAOYSA-N,386.25300000000016
CHEMBL269307,N#CN/C(=N\C(Cn1ccnc1)c1ccc(Cl)cc1Cl)Nc1cccc(Cl)c1Cl,N#CN/C(=N\C(Cn1ccnc1)c1ccc(Cl)cc1Cl)Nc1cccc(Cl)c1Cl,RKMFUBJLERRRMH-UHFFFAOYSA-N,468.17500000000007
CHEMBL8708,NC1(C(=O)O)CCc2ccccc2C1,NC1(C(=O)O)CCc2ccccc2C1,CDULPPOISZOUTK-UHFFFAOYSA-N,191.23
CHEMBL8622,CCCCCC(O)c1cccc(OCc2cccc(C(F)(F)F)c2)c1,CCCCCC(O)c1cccc(OCc2cccc(C(F)(F)F)c2)c1,KOFXOCZOOZGDDT-UHFFFAOYSA-N,352.396
CHEMBL8194,COC1=C/C(=C\C(=O)C(=O)O)OC(O)=C1,COC1=C/C(=C\C(=O)C(=O)O)OC(O)=C1,IOOLITKHGZBQCD-ZZXKWVIFSA-N,212.15699999999998
CHEMBL267007,N=C(N)NCCC[C@H](NCc1c[nH]c2ccccc12)C(=O)N[C@@H](Cc1c[nH]c2ccccc12)C(N)=O,N=C(N)NCCC[C@H](NCc1c[nH]c2ccccc12)C(=O)N[C@@H](Cc1c[nH]c2ccccc12)C(N)=O,WJDGOUONVAEKJN-GOTSBHOMSA-N,488.5960000000003
CHEMBL9082,CCCCC(=O)CN1C[C@@H](c2ccc3c(c2)OCO3)[C@H](C(=O)O)[C@H]1c1ccc(OC)cc1,CCCCC(=O)CN1C[C@@H](c2ccc3c(c2)OCO3)[C@H](C(=O)O)[C@H]1c1ccc(OC)cc1,AFWSQGJVIWWEOP-NKKJXINNSA-N,439.5080000000002
CHEMBL9061,O=C(NCCCn1ccnc1)c1ccc(Br)o1,O=C(NCCCn1ccnc1)c1ccc(Br)o1,CULTXFNTXQFDBC-UHFFFAOYSA-N,298.14
CHEMBL266595,CC[C@H]1OC(=O)CC(O)[C@H](C)[C@@H](O[C@@H]2O[C@H](C)C[C@H](N(C)C)[C@H]2O)[C@@H](CCN2CCCCCC2)C[C@@H](C)C(=O)/C=C/C(C)=C/[C@@H]1C,CC[C@H]1OC(=O)CC(O)[C@H](C)[C@@H](O[C@@H]2O[C@H](C)C[C@H](N(C)C)[C@H]2O)[C@@H](CCN2CCCCCC2)C[C@@H](C)C(=O)/C=C/C(C)=C/[C@@H]1C,OYDVERACJVZDME-ADKOJLCPSA-N,648.9260000000004
CHEMBL9532,Cc1cccc(NC(=O)NNc2nc3ccccc3c(=O)n2-c2cccc3ccccc23)c1,Cc1cccc(NC(=O)NNc2nc3ccccc3c(=O)n2-c2cccc3ccccc23)c1,GJNBBUANUDPABU-UHFFFAOYSA-N,435.4870000000002
CHEMBL269613,CCCC[C@@H](C[C@@H](CCc1ccc(-c2ccc(SC)cc2)cc1)C(=O)N[C@H](C(=O)NC)C(C)(C)C)C(=O)O,CCCC[C@@H](C[C@@H](CCc1ccc(-c2ccc(SC)cc2)cc1)C(=O)N[C@H](C(=O)NC)C(C)(C)C)C(=O)O,ZQJRBAHLNKPYFN-CMTIAEDTSA-N,540.7700000000003
CHEMBL8105,NC1=NC(C2CC2)Cc2sccc21,NC1=NC(C2CC2)Cc2sccc21,SDSGBYHHAGJJCK-UHFFFAOYSA-N,192.287
CHEMBL441216,Nc1nc(O)c2ncn(C3CC(O)C(O)C(CO)O3)c2n1,Nc1nc(O)c2ncn(C3CC(O)C(O)C(CO)O3)c2n1,HYFGWXRYSFKMMQ-UHFFFAOYSA-N,297.271
CHEMBL8617,COc1cccc2c1C(CCCN1CCN(c3ccccn3)CC1)=CCC2,COc1cccc2c1C(CCCN1CCN(c3ccccn3)CC1)=CCC2,LFPMDBSDZKZDIJ-UHFFFAOYSA-N,363.5050000000001
CHEMBL7251,C/C(=C\Cn1oc(=O)[nH]c1=O)c1cccc(OCc2cc(C(F)(F)F)cc(C(F)(F)F)c2)c1,C/C(=C\Cn1oc(=O)[nH]c1=O)c1cccc(OCc2cc(C(F)(F)F)cc(C(F)(F)F)c2)c1,SXVQTFJOJPTOJT-LFYBBSHMSA-N,474.357
CHEMBL428005,CCC(C)[C@H](NC(=O)[C@@H]1CCCN1[P@](=O)(OC)[C@H](Cc1ccccc1)NC(=O)[C@H](CC(N)=O)NC(=O)OC(C)(C)C)C(=O)NCC(C)C,CCC(C)[C@H](NC(=O)[C@@H]1CCCN1[P@](=O)(OC)[C@H](Cc1ccccc1)NC(=O)[C@H](CC(N)=O)NC(=O)OC(C)(C)C)C(=O)NCC(C)C,CQUPDLMNSMWCST-QNSNAVKOSA-N,694.8109999999999
CHEMBL7859,CS(=O)(=O)c1nc(-c2cc(Cl)cc(Cl)c2)c(-c2cc(Cl)cc(Cl)c2)[nH]1,CS(=O)(=O)c1nc(-c2cc(Cl)cc(Cl)c2)c(-c2cc(Cl)cc(Cl)c2)[nH]1,FXRICUFKFAVNCF-UHFFFAOYSA-N,436.14700000000016
CHEMBL266143,COc1ccc([C@@H]2[C@@H](C(=O)O)[C@H](c3ccc4c(c3)OCO4)CN2CCc2ccccn2)cc1,COc1ccc([C@@H]2[C@@H](C(=O)O)[C@H](c3ccc4c(c3)OCO4)CN2CCc2ccccn2)cc1,APUCFGMBXSLHQL-GVXSCFBNSA-N,446.50300000000027
CHEMBL9905,Oc1ccc2c3c1OC1[C@H]4OC[C@@]4(CCc4ccccc4)CC4C(C2)N(CC2CC2)CCC341,Oc1ccc2c3c1OC1[C@H]4OC[C@@]4(CCc4ccccc4)CC4C(C2)N(CC2CC2)CCC341,NYZTYOCWQZDJNH-WGCWOVTKSA-N,443.58700000000033
CHEMBL6654,CCC1Nc2cc3oc(=O)cc(C(F)(F)F)c3cc2CC1C,CCC1Nc2cc3oc(=O)cc(C(F)(F)F)c3cc2CC1C,GTZWEKOQKQIWQD-UHFFFAOYSA-N,311.30300000000005
CHEMBL6631,COc1ccc(Sc2cnc3nc(N)nc(N)c3n2)cc1,COc1ccc(Sc2cnc3nc(N)nc(N)c3n2)cc1,JGFCVHSDXCZJCY-UHFFFAOYSA-N,300.34700000000004
CHEMBL427643,CO[C@@H]1[C@@H](N)[C@@H](O)[C@@H](O)[C@H]1O,CO[C@@H]1[C@@H](N)[C@@H](O)[C@@H](O)[C@H]1O,NLCVJSNNNWJBCS-YDMGZANHSA-N,163.173
CHEMBL7910,CC(=O)c1cc(NC(=O)c2cccs2)ccc1OCC(O)CNC(C)(C)C,CC(=O)c1cc(NC(=O)c2cccs2)ccc1OCC(O)CNC(C)(C)C,WVGAOPSZYMBUJB-UHFFFAOYSA-N,390.5050000000002
CHEMBL9266,CCC/C=C/C(=O)O[C@H](CC=C(C)C)C1=CC(=O)c2c(O)ccc(O)c2C1=O,CCC/C=C/C(=O)O[C@H](CC=C(C)C)C1=CC(=O)c2c(O)ccc(O)c2C1=O,VYCHNOJGHOBLGU-IPLHWJFFSA-N,384.4280000000001
CHEMBL457,Cc1ccc(C)c(OCCCC(C)(C)C(=O)O)c1,Cc1ccc(C)c(OCCCC(C)(C)C(=O)O)c1,HEMJJKBWTPKOJG-UHFFFAOYSA-N,250.33799999999997
CHEMBL8437,O=C1[C@@H](NS(=O)(=O)c2cc3ccc(Cl)cc3s2)CCN1Cc1cc2[nH]cccc-2n1,O=C1[C@@H](NS(=O)(=O)c2cc3ccc(Cl)cc3s2)CCN1Cc1cc2[nH]cccc-2n1,RSRMYNXNAJWEPU-INIZCTEOSA-N,460.96800000000025
CHEMBL8091,COC(=O)c1cc(Nc2ccc(F)cc2)c(Nc2ccc(F)cc2)cc1C(=O)OC,COC(=O)c1cc(Nc2ccc(F)cc2)c(Nc2ccc(F)cc2)cc1C(=O)OC,PRAKUYLJFUQFBZ-UHFFFAOYSA-N,412.39200000000017
CHEMBL9501,CCOC(=O)c1cccc(NC(=O)NNc2nc3ccccc3c(=O)n2-c2cccc(F)c2)c1,CCOC(=O)c1cccc(NC(=O)NNc2nc3ccccc3c(=O)n2-c2cccc(F)c2)c1,UGXATLNWGKUSNL-UHFFFAOYSA-N,461.45300000000015
CHEMBL6599,C/C(=C\Cn1oc(=O)[nH]c1=O)c1ccc(OCc2nc(-c3ccc(C(F)(F)F)cc3)oc2C)cc1,C/C(=C\Cn1oc(=O)[nH]c1=O)c1ccc(OCc2nc(-c3ccc(C(F)(F)F)cc3)oc2C)cc1,FVSXNRBACMJALL-SDNWHVSQSA-N,487.43400000000014
CHEMBL6493,O=C(c1cc2ccccc2[nH]1)N1CCN(c2ncccc2NCc2ccccc2)CC1,O=C(c1cc2ccccc2[nH]1)N1CCN(c2ncccc2NCc2ccccc2)CC1,LJRNOCGYBNRDSO-UHFFFAOYSA-N,411.5090000000002
CHEMBL266995,Oc1cc(O)c2c(O)c(-c3cccc(Cl)c3)cnc2c1,Oc1cc(O)c2c(O)c(-c3cccc(Cl)c3)cnc2c1,ZDTZOBIXVNHHCR-UHFFFAOYSA-N,287.702
CHEMBL441015,C=C1C(=O)OC2C3CCC(C3)C12,C=C1C(=O)OC2C3CCC(C3)C12,DIHDLUOQJUUOHH-UHFFFAOYSA-N,164.20399999999998
CHEMBL267745,CC(=O)OCC1=C(C(=O)[O-])N2C(=O)/C(=C/c3ccccn3)[C@H]2SC1.[Na+],CC(=O)OCC1=C(C(=O)[O-])N2C(=O)/C(=C/c3ccccn3)[C@H]2SC1,CQNPZZNQXQNFCS-NYXMJBRJSA-M,345.35600000000005
CHEMBL7223,C/C(=C\CC1OC(=O)NC1=O)c1cccc(OCc2nc(-c3ccc(OC(F)(F)F)cc3)oc2C)c1,C/C(=C\CC1OC(=O)NC1=O)c1cccc(OCc2nc(-c3ccc(OC(F)(F)F)cc3)oc2C)c1,RTYQRACVLWMXIE-MKMNVTDBSA-N,502.44500000000016
CHEMBL266598,CC(C)Oc1cccc(-n2c(CCNC(=O)Nc3ccc(Br)cc3)nc3ccccc3c2=O)c1,CC(C)Oc1cccc(-n2c(CCNC(=O)Nc3ccc(Br)cc3)nc3ccccc3c2=O)c1,JMVWXYXYSBRGFH-UHFFFAOYSA-N,521.4150000000002
CHEMBL8965,CC[C@H]1OC(=O)C[C@@H](O)[C@H](C)[C@@H](O[C@@H]2O[C@H](C)C[C@H](N(C)C)[C@H]2O)[C@@H](CC=O)C[C@@H](C)C(=O)/C=C/[C@]2(C)O[C@H]2[C@@H]1C,CC[C@H]1OC(=O)C[C@@H](O)[C@H](C)[C@@H](O[C@@H]2O[C@H](C)C[C@H](N(C)C)[C@H]2O)[C@@H](CC=O)C[C@@H](C)C(=O)/C=C/[C@]2(C)O[C@H]2[C@@H]1C,IUPCWCLVECYZRV-JZMZINANSA-N,581.7470000000003
CHEMBL276448,C=CCCC(=O)O[C@H](CC=C(C)C)C1=CC(=O)c2c(O)ccc(O)c2C1=O,C=CCCC(=O)O[C@H](CC=C(C)C)C1=CC(=O)c2c(O)ccc(O)c2C1=O,QXZLBNXXSDDTEZ-QGZVFWFLSA-N,370.40100000000007
CHEMBL7878,CC(C)(CCCOc1ccc([S+]([O-])CCCC(C)(C)C(=O)O)cc1)C(=O)O,CC(C)(CCCOc1ccc([S+]([O-])CCCC(C)(C)C(=O)O)cc1)C(=O)O,ODXOUNLVTKUSHB-UHFFFAOYSA-N,398.52100000000013
CHEMBL273920,CCCCc1cc(C)c2cccc(CCCC)c2n1,CCCCc1cc(C)c2cccc(CCCC)c2n1,CCAOIMOPQQHQNU-UHFFFAOYSA-N,255.40499999999994
CHEMBL7123,OCCCc1cc2c(cc1O)CCO2,OCCCc1cc2c(cc1O)CCO2,NBCPEELHRMPYFF-UHFFFAOYSA-N,194.22999999999996
CHEMBL8934,CCOC(=O)Nc1cc2c(c(N)n1)N=C(CN(C)c1ccc(Cl)cc1)CN2,CCOC(=O)Nc1cc2c(c(N)n1)N=C(CN(C)c1ccc(Cl)cc1)CN2,WFGUUZFDPSFSLK-UHFFFAOYSA-N,388.85900000000004
CHEMBL446,Cc1cc(C)nc(NS(=O)(=O)c2ccc(N)cc2)n1,Cc1cc(C)nc(NS(=O)(=O)c2ccc(N)cc2)n1,ASWVTGNCAZCNNR-UHFFFAOYSA-N,278.337
CHEMBL7313,CC(C)(C)NCC(O)COC(=O)c1ccc(F)cc1,CC(C)(C)NCC(O)COC(=O)c1ccc(F)cc1,YFVVIVOYNIKDNA-UHFFFAOYSA-N,269.316
CHEMBL8771,Nc1ncnc2c1ncn2[C@@H]1C=C(CO)[C@@H](O)[C@H]1O,Nc1ncnc2c1ncn2[C@@H]1C=C(CO)[C@@H](O)[C@H]1O,XUGWUUDOWNZAGW-VDAHYXPESA-N,263.257
CHEMBL7568,CCN(CC)CCCC(C)Nc1c2ccc(Cl)cc2nc2ccc(OC)cc12,CCN(CC)CCCC(C)Nc1c2ccc(Cl)cc2nc2ccc(OC)cc12,GPKJTRJOBQGKQK-UHFFFAOYSA-N,399.9660000000002
CHEMBL9523,CCCCC/C=C/C/C=C/C/C=C/CCCCC(=O)O[C@H](CC=C(C)C)C1=CC(=O)c2c(O)ccc(O)c2C1=O,CCCCC/C=C/C/C=C/C/C=C/CCCCC(=O)O[C@H](CC=C(C)C)C1=CC(=O)c2c(O)ccc(O)c2C1=O,YTUKKDBIYWXAAW-IAJOTDISSA-N,548.7200000000003
CHEMBL275686,CC(C)Oc1ccccc1NC(=O)Nc1ccc2cnccc2n1,CC(C)Oc1ccccc1NC(=O)Nc1ccc2cnccc2n1,SUSAJNWKHZFVCV-UHFFFAOYSA-N,322.36800000000005
CHEMBL275716,OCC1OC(n2cnc3c(O)ncnc32)CC1O,OCC1OC(n2cnc3c(O)ncnc32)CC1O,VGONTNSXDCQUGY-UHFFFAOYSA-N,252.23000000000002
CHEMBL7460,C(#Cc1ccccc1)CN1CCC(COC(c2ccccc2)c2ccccc2)CC1,C(#Cc1ccccc1)CN1CCC(COC(c2ccccc2)c2ccccc2)CC1,SKNKVBFJWGCXGI-UHFFFAOYSA-N,395.5460000000001
CHEMBL6244,COc1cc(C(=O)N2CCN(C(=O)c3cc(OC)c(OC)c(OC)c3)CC2)cc(OC)c1OC,COc1cc(C(=O)N2CCN(C(=O)c3cc(OC)c(OC)c(OC)c3)CC2)cc(OC)c1OC,RSMOCRIXTHPCBX-UHFFFAOYSA-N,474.51000000000033
CHEMBL33,C[C@H]1COc2c(N3CCN(C)CC3)c(F)cc3c(=O)c(C(=O)O)cn1c23,C[C@H]1COc2c(N3CCN(C)CC3)c(F)cc3c(=O)c(C(=O)O)cn1c23,GSDSWSVVBLHKDQ-JTQLQIEISA-N,361.37300000000005
CHEMBL266675,c1ccc(Cn2cnc3c(N4CCC4)ncnc32)cc1,c1ccc(Cn2cnc3c(N4CCC4)ncnc32)cc1,VYXJCDQZDPJDQO-UHFFFAOYSA-N,265.32
CHEMBL7375,COc1ccc(OC)c(CC2CCc3nc(N)nc(N)c3C2)c1,COc1ccc(OC)c(CC2CCc3nc(N)nc(N)c3C2)c1,YGCBRLOKQASAIE-UHFFFAOYSA-N,314.38900000000007
CHEMBL267832,C#CCN(Cc1ccc2nc(C)nc(O)c2c1)c1ccc(C(=O)N[C@@H](C(=O)O)C(C)C)cc1,C#CCN(Cc1ccc2nc(C)nc(O)c2c1)c1ccc(C(=O)N[C@@H](C(=O)O)C(C)C)cc1,AXUMAJPONGIXCH-JOCHJYFZSA-N,446.5070000000001
CHEMBL9333,CN(C)CCCNC(=O)c1cc(NC(=O)Cn2cc(C3=C(c4c[nH]c5ccccc45)C(=O)NC3=O)c3ccccc32)cn1C,CN(C)CCCNC(=O)c1cc(NC(=O)Cn2cc(C3=C(c4c[nH]c5ccccc45)C(=O)NC3=O)c3ccccc32)cn1C,XEHLOWUQJDBYNM-UHFFFAOYSA-N,591.6720000000001
CHEMBL266603,CC/C=C/CC(=O)O[C@H](CC=C(C)C)C1=CC(=O)c2c(O)ccc(O)c2C1=O,CC/C=C/CC(=O)O[C@H](CC=C(C)C)C1=CC(=O)c2c(O)ccc(O)c2C1=O,UMQNOZZHHOMJRU-DUMMIQTOSA-N,384.4280000000001
CHEMBL6421,CN1Cc2c(C(=O)OC(C)(C)C)ncn2-c2ccc(N=[N+]=[N-])cc2C1=O,CN1Cc2c(C(=O)OC(C)(C)C)ncn2-c2ccc(N=[N+]=[N-])cc2C1=O,ORJZGDWYWRKAAI-UHFFFAOYSA-N,354.3700000000001
CHEMBL9273,Cc1cc(C)nc(N2C(=O)Cc3ccccc3C2=O)c1,Cc1cc(C)nc(N2C(=O)Cc3ccccc3C2=O)c1,HZZRADCXFWEWAW-UHFFFAOYSA-N,266.3
CHEMBL7057,CCN(C)c1ncnc2c1ncn2Cc1ccccc1F,CCN(C)c1ncnc2c1ncn2Cc1ccccc1F,KFGCYZMYXQCICS-UHFFFAOYSA-N,285.326
CHEMBL8842,CC(C)c1cc(/C=C/c2cccnc2)cc(C(C)C)c1O,CC(C)c1cc(/C=C/c2cccnc2)cc(C(C)C)c1O,HROSMMTTXLTWAH-BQYQJAHWSA-N,281.399
CHEMBL7946,NC1=NC(c2ccc(F)cc2)Cc2cc(F)ccc21,NC1=NC(c2ccc(F)cc2)Cc2cc(F)ccc21,PZUJYUAPVWDTTH-UHFFFAOYSA-N,258.271
CHEMBL6849,NS(=O)(=O)c1cc(C(=O)NN2Cc3ccccc3C2C(=O)O)ccc1Cl,NS(=O)(=O)c1cc(C(=O)NN2Cc3ccccc3C2C(=O)O)ccc1Cl,XYBPXNKGYOGVST-UHFFFAOYSA-N,395.82400000000007
CHEMBL9217,O=c1cc(-c2ccccc2Cl)oc2c(C3CCCC[C@@H]3O)c(O)cc(O)c12,O=c1cc(-c2ccccc2Cl)oc2c(C3CCCC[C@@H]3O)c(O)cc(O)c12,KBAVAXSPHRGERT-PYMCNQPYSA-N,386.83100000000013
CHEMBL269138,CCCCCCCC(=O)c1c(O)cc(CCCCCCC)oc1=O,CCCCCCCC(=O)c1c(O)cc(CCCCCCC)oc1=O,UXMFHBGEDUHLJO-UHFFFAOYSA-N,336.4720000000001
CHEMBL6618,Nc1nc(N)c2nc(Sc3ccc4ccccc4c3)cnc2n1,Nc1nc(N)c2nc(Sc3ccc4ccccc4c3)cnc2n1,CQSNOLHCEIHDLG-UHFFFAOYSA-N,320.38100000000003
CHEMBL266240,Nc1cc(Cl)c(S(N)(=O)=O)cc1S(N)(=O)=O,Nc1cc(Cl)c(S(N)(=O)=O)cc1S(N)(=O)=O,IHJCXVZDYSXXFT-UHFFFAOYSA-N,285.73400000000004
CHEMBL413497,CCN(CC)CCNCCNc1ccc2ncn3c4ccc(O)cc4c(=O)c1c23,CCN(CC)CCNCCNc1ccc2ncn3c4ccc(O)cc4c(=O)c1c23,HBDZOSKQWYTSLZ-UHFFFAOYSA-N,393.4910000000002
CHEMBL26,CCN1CCCC1CNC(=O)c1cc(S(N)(=O)=O)ccc1OC,CCN1CCCC1CNC(=O)c1cc(S(N)(=O)=O)ccc1OC,BGRJTUBHPOOWDU-UHFFFAOYSA-N,341.4330000000001
CHEMBL7835,COc1ccc(-c2cc(OCCCC(C)(C)C(=O)O)ccc2OCCCC(C)(C)C(=O)O)cc1,COc1ccc(-c2cc(OCCCC(C)(C)C(=O)O)ccc2OCCCC(C)(C)C(=O)O)cc1,SPTMJBDZHZZXSB-UHFFFAOYSA-N,472.57800000000026
CHEMBL267639,CC(C)(C)Nc1ncnc2c1ncn2Cc1ccccc1F,CC(C)(C)Nc1ncnc2c1ncn2Cc1ccccc1F,RWMJBLZOYSIUQZ-UHFFFAOYSA-N,299.353
CHEMBL269306,CC1(C)CC[C@]2(C#N)CC[C@]3(C)C(C(=O)C=C4[C@@]5(C)C=C(C#N)C(=O)C(C)(C)[C@@H]5CC[C@]43C)C2C1,CC1(C)CC[C@]2(C#N)CC[C@]3(C)C(C(=O)C=C4[C@@]5(C)C=C(C#N)C(=O)C(C)(C)[C@@H]5CC[C@]43C)C2C1,VKTPMWHWKXESHY-PSLRDTHTSA-N,472.67300000000034
CHEMBL269342,C#CCN(Cc1ccc2nc(C)nc(O)c2c1)c1ccc(C(=O)NCc2cscn2)cc1,C#CCN(Cc1ccc2nc(C)nc(O)c2c1)c1ccc(C(=O)NCc2cscn2)cc1,DYASCMVQIVJPKN-UHFFFAOYSA-N,443.5320000000001
CHEMBL268387,Cc1ccc(NS(=O)(=O)c2cccc3c(N(C)C)cccc23)nn1,Cc1ccc(NS(=O)(=O)c2cccc3c(N(C)C)cccc23)nn1,FMSIUEZKWYHEOF-UHFFFAOYSA-N,342.4240000000001
CHEMBL267907,C[C@H]1Nc2cc3nc(O)cc(C(F)(F)F)c3cc2CC1(C)C,C[C@H]1Nc2cc3nc(O)cc(C(F)(F)F)c3cc2CC1(C)C,PGOAGJVPXTWBGW-MRVPVSSYSA-N,310.3190000000001
CHEMBL275553,Cc1cc(C2CCCCC2)nc2c(C3CCCCC3)cccc12,Cc1cc(C2CCCCC2)nc2c(C3CCCCC3)cccc12,SFQWYDOIDCFGQN-UHFFFAOYSA-N,307.481
CHEMBL8855,C[N+](C)(CCCCCC[N+](C)(C)CCCN1C(=O)c2cc(Cl)c(Cl)cc2C1=O)CCCN1C(=O)c2cc(Cl)c(Cl)cc2C1=O.[Br-].[Br-],C[N+](C)(CCCCCC[N+](C)(C)CCCN1C(=O)c2cc(Cl)c(Cl)cc2C1=O)CCCN1C(=O)c2cc(Cl)c(Cl)cc2C1=O,AVDKOUNYQWFEDD-UHFFFAOYSA-N,686.5080000000002
CHEMBL266430,Cc1cc(O)nc2cc(N)ccc12,Cc1cc(O)nc2cc(N)ccc12,MJXYFLJHTUSJGU-UHFFFAOYSA-N,174.20299999999997
CHEMBL8721,Cc1ccc2c(c1)C(=O)N(CC(C)(C)C[N+](C)(C)CCCCCC[N+](C)(C)CC(C)(C)CN1C(=O)c3cccc4cccc(c34)C1=O)C2=O.[Br-].[Br-],Cc1ccc2c(c1)C(=O)N(CC(C)(C)C[N+](C)(C)CCCCCC[N+](C)(C)CC(C)(C)CN1C(=O)c3cccc4cccc(c34)C1=O)C2=O,ZXQVQYUVDBPBBV-UHFFFAOYSA-N,668.9230000000005
CHEMBL266684,CN(C)c1cccc2c(S(=O)(=O)Nc3ccc(I)cn3)cccc12,CN(C)c1cccc2c(S(=O)(=O)Nc3ccc(I)cn3)cccc12,AVIZINDXBJTFCL-UHFFFAOYSA-N,453.305
CHEMBL273657,COc1ccc(-c2nnc3nc4ccccc4n3c2O)cc1OC,COc1ccc(-c2nnc3nc4ccccc4n3c2O)cc1OC,JWXFRYYGVKMUTL-UHFFFAOYSA-N,322.32400000000007
CHEMBL266266,O=c1[nH]c(=O)c2cc(Sc3ccc4ccccc4c3)ccc2[nH]1,O=c1[nH]c(=O)c2cc(Sc3ccc4ccccc4c3)ccc2[nH]1,YSJIKSAEGVRPAR-UHFFFAOYSA-N,320.373
CHEMBL8193,COc1cccc(Cn2cnc3c(N(C)C)ncnc32)c1,COc1cccc(Cn2cnc3c(N(C)C)ncnc32)c1,KQILSVQIKSHHMH-UHFFFAOYSA-N,283.33500000000004
CHEMBL8919,CCCCCC(OC)c1cccc(OCc2cccc(C(=O)OC)c2)c1,CCCCCC(OC)c1cccc(OCc2cccc(C(=O)OC)c2)c1,SIYNIKOWVCLNFU-UHFFFAOYSA-N,356.4620000000001
CHEMBL6632,C#CCN(Cc1cc2c(O)nc(C)nc2cc1C)c1ccc(C(=O)NCc2ccccn2)c(F)c1,C#CCN(Cc1cc2c(O)nc(C)nc2cc1C)c1ccc(C(=O)NCc2ccccn2)c(F)c1,VFBHWSHDVLQQPY-UHFFFAOYSA-N,469.52000000000015
CHEMBL267193,COc1ccc2c(c1)-c1nc(-c3ccncc3)[nH]c1CCC2,COc1ccc2c(c1)-c1nc(-c3ccncc3)[nH]c1CCC2,RESUKVWAYHNQKC-UHFFFAOYSA-N,291.3540000000001
CHEMBL415297,C/C=C1/C(=O)C[C@@H](C(=O)O)[C@H](C)C(=O)N[C@@H](C(C)C)C(=O)N[C@@H](/C=C/C(C)=C/[C@H](C)[C@H](Cc2ccccc2)OC)[C@H](C)C(=O)N[C@@H](C(=O)O)CCC(=O)N1C,C/C=C1/C(=O)C[C@@H](C(=O)O)[C@H](C)C(=O)N[C@@H](C(C)C)C(=O)N[C@@H](/C=C/C(C)=C/[C@H](C)[C@H](Cc2ccccc2)OC)[C@H](C)C(=O)N[C@@H](C(=O)O)CCC(=O)N1C,YGPFHSIUUSEAMQ-RFFGMVOZSA-N,766.933
CHEMBL9580,CC/N=C(\N)Nc1ccc(Sc2ccc(Cl)cc2)cc1,CC/N=C(\N)Nc1ccc(Sc2ccc(Cl)cc2)cc1,ZIJLCEOYEUOLNB-UHFFFAOYSA-N,305.834
CHEMBL416143,O=C(NCCCCn1ccnc1)c1sc2ccccc2c1Cl,O=C(NCCCCn1ccnc1)c1sc2ccccc2c1Cl,JXJTUIRJFXTYNJ-UHFFFAOYSA-N,333.84400000000005
CHEMBL8460,CC(C)[C@@H]1OC(=O)[C@@H](C)N(O)C(=O)[C@@H]2CCCNN2C(=O)CNC(=O)[C@H](C)N(O)C(=O)[C@H]2CCCNN2C(=O)[C@H]1NC(=O)[C@@](C)(O)CCCc1ccccc1,CC(C)[C@@H]1OC(=O)[C@@H](C)N(O)C(=O)[C@@H]2CCCNN2C(=O)CNC(=O)[C@H](C)N(O)C(=O)[C@H]2CCCNN2C(=O)[C@H]1NC(=O)[C@@](C)(O)CCCc1ccccc1,QAEGJKUKPVAHJK-GOJBKEDNSA-N,774.8729999999999
CHEMBL9736,C[C@@]1(CCc2ccccc2)CC2C3Cc4ccc(O)c5c4C2(CCN3CC2CCC2)C(O5)C1=O,C[C@@]1(CCc2ccccc2)CC2C3Cc4ccc(O)c5c4C2(CCN3CC2CCC2)C(O5)C1=O,NLXNHMISEPLMNT-SYIQPVFRSA-N,457.6140000000004
CHEMBL416329,CN(C(=O)[C@H](Cc1ccc(C(N)NN)cc1)NS(=O)(=O)c1ccc2ccccc2c1)C1CC1,CN(C(=O)[C@H](Cc1ccc(C(N)NN)cc1)NS(=O)(=O)c1ccc2ccccc2c1)C1CC1,ZZKGLFBXUGAYQY-NQCNTLBGSA-N,467.59500000000025
CHEMBL6936,CCOC(=O)C1=C(O)C(=O)N(c2ccccc2)C1,CCOC(=O)C1=C(O)C(=O)N(c2ccccc2)C1,GQWLFHZHHVTAOT-UHFFFAOYSA-N,247.25
CHEMBL7988,C=CCC1Oc2ccc(F)c(OC)c2-c2ccc3c(c21)C(C)=CC(C)(C)N3,C=CCC1Oc2ccc(F)c(OC)c2-c2ccc3c(c21)C(C)=CC(C)(C)N3,RWLAOUIUIWXAOY-UHFFFAOYSA-N,365.4480000000001
CHEMBL8766,COC(=O)CCCCCCCCCC(=O)CC(=O)N[C@H]1CCOC1=O,COC(=O)CCCCCCCCCC(=O)CC(=O)N[C@H]1CCOC1=O,LPHGVVGIAZFOIC-HNNXBMFYSA-N,355.43100000000004
CHEMBL274799,CC(C)(C)c1cc(C/C=C/c2cccs2)cc(C(C)(C)C)c1O,CC(C)(C)c1cc(C/C=C/c2cccs2)cc(C(C)(C)C)c1O,JQIYAULCQNVSAA-JXMROGBWSA-N,328.5210000000001
CHEMBL8427,CCCCCC(OC1CCCCO1)c1cccc(OCc2cccc(C(=O)OC)c2)c1,CCCCCC(OC1CCCCO1)c1cccc(OCc2cccc(C(=O)OC)c2)c1,LZMGDMPAIGSAHU-UHFFFAOYSA-N,426.55300000000017
CHEMBL275932,C=C1C(=O)OC2CC3(C)CCCC4(CO4)C3CC12,C=C1C(=O)OC2CC3(C)CCCC4(CO4)C3CC12,HQZRHGHRYBWKFN-UHFFFAOYSA-N,248.32199999999992
CHEMBL7050,Nc1nc(N)c2cc(Sc3ccc4ccccc4c3)ccc2n1,Nc1nc(N)c2cc(Sc3ccc4ccccc4c3)ccc2n1,PFAYJJZRASFRBB-UHFFFAOYSA-N,318.40500000000003
CHEMBL415488,Cc1cccc(Oc2cnc(O)nc2O)c1,Cc1cccc(Oc2cnc(O)nc2O)c1,MRAFQBWAGNWURO-UHFFFAOYSA-N,218.212
CHEMBL8560,CCCCCC(C)CCC(=O)CC(=O)N[C@H]1CCOC1=O,CCCCCC(C)CCC(=O)CC(=O)N[C@H]1CCOC1=O,JBOLYOUZDZUFBX-PYMCNQPYSA-N,297.39500000000004
CHEMBL7070,Cc1cccc(N2C(N)=NC(N)=NC2(C)C)c1,Cc1cccc(N2C(N)=NC(N)=NC2(C)C)c1,VODVTOKGXQMTDK-UHFFFAOYSA-N,231.303
CHEMBL267915,CN1CCC[C@H]1CN1CCN(Cc2cccnc2)CC1,CN1CCC[C@H]1CN1CCN(Cc2cccnc2)CC1,ULRNQAZROUDCII-INIZCTEOSA-N,274.4120000000001
CHEMBL428658,Nc1nc(N)c2cc(S(=O)(=O)c3ccc(Cl)c(Cl)c3)ccc2n1,Nc1nc(N)c2cc(S(=O)(=O)c3ccc(Cl)c(Cl)c3)ccc2n1,FQPCGSYKAFBZTI-UHFFFAOYSA-N,369.23300000000006
CHEMBL7532,CC(C)(C)C(=O)c1cccnc1N1CCN(C(=O)c2cc3ccccc3[nH]2)CC1,CC(C)(C)C(=O)c1cccnc1N1CCN(C(=O)c2cc3ccccc3[nH]2)CC1,PVGYPMPWQDSXBZ-UHFFFAOYSA-N,390.48700000000014
CHEMBL428644,COc1ccc([C@@H]2[C@@H](C(=O)O)[C@H](c3ccc4c(c3)OCO4)CN2CC(=O)N2CCCCC2)cc1,COc1ccc([C@@H]2[C@@H](C(=O)O)[C@H](c3ccc4c(c3)OCO4)CN2CC(=O)N2CCCCC2)cc1,LBZPYIWLWZOBDY-KSNOWIBYSA-N,466.53400000000045
CHEMBL17,NS(=O)(=O)c1cc(Cl)c(Cl)c(S(N)(=O)=O)c1,NS(=O)(=O)c1cc(Cl)c(Cl)c(S(N)(=O)=O)c1,GJQPMPFPNINLKP-UHFFFAOYSA-N,305.16400000000004
CHEMBL9476,CCC(C)/N=c1\c(O)c(O)\c1=N/[C@@H](Cc1ccc(NC(=O)c2c(Cl)cncc2Cl)cc1)C(=O)O,CCC(C)/N=c1\c(O)c(O)\c1=N/[C@@H](Cc1ccc(NC(=O)c2c(Cl)cncc2Cl)cc1)C(=O)O,LULBOWHKBZHNPL-CKLPVXCESA-N,505.3580000000002
CHEMBL268459,COC(=O)c1oc2c(sc3ccccc32)c1OC(=O)N(C)C,COC(=O)c1oc2c(sc3ccccc32)c1OC(=O)N(C)C,OWVLGIHMRGXJOF-UHFFFAOYSA-N,319.3380000000001
CHEMBL9148,C/C=C/C=C/C(=O)O[C@H](CC=C(C)C)C1=CC(=O)c2c(O)ccc(O)c2C1=O,C/C=C/C=C/C(=O)O[C@H](CC=C(C)C)C1=CC(=O)c2c(O)ccc(O)c2C1=O,CCIMACYQRBTRGP-ZXKJJQAMSA-N,382.4120000000001
CHEMBL428145,O=[N+]([O-])c1cc2ccc3cc4ccccc4cc3c2o1,O=[N+]([O-])c1cc2ccc3cc4ccccc4cc3c2o1,SKKPTIULHWFSGR-UHFFFAOYSA-N,263.252
CHEMBL7447,C=C(C)[C@@H]1CC[C@]2(C(=O)NCCCCCCCC(=O)N[C@@H](CC(C)C)[C@@H](O)CC(=O)O)CC[C@]3(C)[C@H](CC[C@@H]4[C@@]5(C)CC[C@H](O)C(C)(C)[C@@H]5CC[C@]43C)[C@@H]12,C=C(C)[C@@H]1CC[C@]2(C(=O)NCCCCCCCC(=O)N[C@@H](CC(C)C)[C@@H](O)CC(=O)O)CC[C@]3(C)[C@H](CC[C@@H]4[C@@]5(C)CC[C@H](O)C(C)(C)[C@@H]5CC[C@]43C)[C@@H]12,SPZFCKVVHXRLAI-XOCWCZJOSA-N,755.1379999999997
CHEMBL6902,CC(C)NCC(O)COc1ccc(C[S+]([O-])CC2CC2)cc1,CC(C)NCC(O)COc1ccc(C[S+]([O-])CC2CC2)cc1,KALNDAPKXOYQKD-UHFFFAOYSA-N,325.4740000000001
CHEMBL267498,COc1c2occc2c(CN(C)C)c2ccc(=O)oc12.Cl,COc1c2occc2c(CN(C)C)c2ccc(=O)oc12,ISCUJUPPEBJPTQ-UHFFFAOYSA-N,273.288
CHEMBL7748,Nc1nc2ccc(OCc3ccccc3)cc2c2nc(-c3ccco3)nn12,Nc1nc2ccc(OCc3ccccc3)cc2c2nc(-c3ccco3)nn12,HLVWGYRGLULGIP-UHFFFAOYSA-N,357.3730000000001
CHEMBL9287,Cc1cccc(NC(=O)NNc2nc3ccccc3c(=O)n2-c2cccc(Cl)c2Cl)c1,Cc1cccc(NC(=O)NNc2nc3ccccc3c(=O)n2-c2cccc(Cl)c2Cl)c1,PDHMYNMLZUBRGQ-UHFFFAOYSA-N,454.31700000000023
CHEMBL8041,NC1=NC(c2cccs2)Cc2ccsc21,NC1=NC(c2cccs2)Cc2ccsc21,LSTQFUCKHDHNPQ-UHFFFAOYSA-N,234.34899999999996
CHEMBL7610,COc1ccc(C[C@H](NC(=O)Nc2ccc3c(CN4CCCC4)cn(Cc4c(Cl)cccc4Cl)c3c2)C(=O)N[C@@H](CCCNC(=N)N)C(=O)NCc2ccccc2)cc1,COc1ccc(C[C@H](NC(=O)Nc2ccc3c(CN4CCCC4)cn(Cc4c(Cl)cccc4Cl)c3c2)C(=O)N[C@@H](CCCNC(=N)N)C(=O)NCc2ccccc2)cc1,BCXNFSKGOXTNLM-YDAXCOIMSA-N,840.857
CHEMBL8088,NC1=NC(c2ccc(F)cc2)Cc2ccccc21,NC1=NC(c2ccc(F)cc2)Cc2ccccc21,KWMGDJOVVNCHIR-UHFFFAOYSA-N,240.281
CHEMBL9031,CCCCCCCCCCC(=O)N[C@H]1CCOC1=O,CCCCCCCCCCC(=O)N[C@H]1CCOC1=O,YAWJNUREPGJHSG-ZDUSSCGKSA-N,269.385
CHEMBL415105,C#CCN(Cc1ccc2nc(C)nc(O)c2c1)c1ccc(C(=O)Nc2ccccc2)cc1,C#CCN(Cc1ccc2nc(C)nc(O)c2c1)c1ccc(C(=O)Nc2ccccc2)cc1,CIZRYSKNRLNVSU-UHFFFAOYSA-N,422.48800000000006
CHEMBL6290,COc1cc2nc(N3CCN(C(=O)/C=C/c4ccc(Br)cc4)CC3)nc(N)c2cc1OC,COc1cc2nc(N3CCN(C(=O)/C=C/c4ccc(Br)cc4)CC3)nc(N)c2cc1OC,MHIHVTNOKUCTSW-VMPITWQZSA-N,498.38100000000026
CHEMBL7451,O=C(CCc1ccccc1)OC[C@H]1C[C@@H]2O[C@H]1[C@H]1C(=O)OC(=O)[C@H]12,O=C(CCc1ccccc1)OC[C@H]1C[C@@H]2O[C@H]1[C@H]1C(=O)OC(=O)[C@H]12,YASDWUIXLWVSRS-ZLTXHLNPSA-N,330.33600000000007
CHEMBL7065,CC(C)NCC(O)COc1ccc(C[S+]([O-])CC2CCCC2)cc1,CC(C)NCC(O)COc1ccc(C[S+]([O-])CC2CCCC2)cc1,NEWTVTARTFDJKI-UHFFFAOYSA-N,353.5280000000002
CHEMBL9471,O=C(Nc1ccccc1)Nc1ccc(O)cc1,O=C(Nc1ccccc1)Nc1ccc(O)cc1,BNIXCWKOADUVSB-UHFFFAOYSA-N,228.25099999999998
CHEMBL265675,C=C1[C@@H](CC(N)=O)[C@H]1CCCC,C=C1[C@@H](CC(N)=O)[C@H]1CCCC,GLLVRGYMYUTTMW-DTWKUNHWSA-N,167.25199999999998
CHEMBL9481,CC(C)Oc1ccc(C(=O)c2ccc3n2CCC3C(=O)O)cc1,CC(C)Oc1ccc(C(=O)c2ccc3n2CCC3C(=O)O)cc1,SSOSUTKXTSZZHT-UHFFFAOYSA-N,313.353
CHEMBL7244,CCCCCC[C@@H](C(=O)N1C[C@@H](Oc2ccc(CC(=O)O)cc2)C[C@H]1C(=O)O)n1cnc(NC(=O)c2ccccc2S(=O)(=O)O)c1,CCCCCC[C@@H](C(=O)N1C[C@@H](Oc2ccc(CC(=O)O)cc2)C[C@H]1C(=O)O)n1cnc(NC(=O)c2ccccc2S(=O)(=O)O)c1,NVBICAJOAFEGRK-HVCNVCAESA-N,656.7140000000004
CHEMBL6246,O=c1oc2c(O)c(O)cc3c(=O)oc4c(O)c(O)cc1c4c23,O=c1oc2c(O)c(O)cc3c(=O)oc4c(O)c(O)cc1c4c23,AFSDNFLWKVMVRB-UHFFFAOYSA-N,302.194
CHEMBL414205,c1cncc(-c2nc3c([nH]2)-c2ccccc2CCC3)c1,c1cncc(-c2nc3c([nH]2)-c2ccccc2CCC3)c1,PAZBASWNOHAZDJ-UHFFFAOYSA-N,261.328
CHEMBL8643,Cc1ccc(-c2cc(OCCCC(C)(C)C(=O)O)ccc2OCCCC(C)(C)C(=O)O)cc1,Cc1ccc(-c2cc(OCCCC(C)(C)C(=O)O)ccc2OCCCC(C)(C)C(=O)O)cc1,WWTSDKAYHLQVPM-UHFFFAOYSA-N,456.57900000000024
CHEMBL6651,O=C1Nc2cccc(Cl)c2C12OCCO2,O=C1Nc2cccc(Cl)c2C12OCCO2,IZFWKLOVSIUDEK-UHFFFAOYSA-N,225.63099999999991
CHEMBL267415,Nc1nc2ccccc2c2nc(-c3ccco3)nn12,Nc1nc2ccccc2c2nc(-c3ccco3)nn12,WTQTWLIUVOLCCQ-UHFFFAOYSA-N,251.24899999999997
CHEMBL267485,O=C(O)COCc1ccc(Cl)c(Cl)c1,O=C(O)COCc1ccc(Cl)c(Cl)c1,MWZJIYRBTKZIPI-UHFFFAOYSA-N,235.066
CHEMBL7723,CSc1ncnc2c1ncn2Cc1ccccc1,CSc1ncnc2c1ncn2Cc1ccccc1,VFTQNGOHOHGYRP-UHFFFAOYSA-N,256.334
CHEMBL54,O=C(CCCN1CCC(O)(c2ccc(Cl)cc2)CC1)c1ccc(F)cc1,O=C(CCCN1CCC(O)(c2ccc(Cl)cc2)CC1)c1ccc(F)cc1,LNEPOXFFQSENCJ-UHFFFAOYSA-N,375.87100000000015
CHEMBL9452,CCCCOc1ccccc1N1CCNCC1,CCCCOc1ccccc1N1CCNCC1,YNPHKRWUIFAKLL-UHFFFAOYSA-N,234.34299999999993
CHEMBL7990,COc1cccc(N(C)c2ccc(NC(=O)C(C)C)cc2)c1,COc1cccc(N(C)c2ccc(NC(=O)C(C)C)cc2)c1,XMQJJKFSSLPUQX-UHFFFAOYSA-N,298.386
CHEMBL268530,Cc1ccc(Sc2cncc3sc(CO)cc23)cc1,Cc1ccc(Sc2cncc3sc(CO)cc23)cc1,WJRCKUZHLDRTKL-UHFFFAOYSA-N,287.409
CHEMBL8829,O=Cc1ccn(-c2cc3c(cc2Cl)nc(O)n2nc(C(=O)O)cc32)c1,O=Cc1ccn(-c2cc3c(cc2Cl)nc(O)n2nc(C(=O)O)cc32)c1,IPDQBXQCJNLMHR-UHFFFAOYSA-N,356.7250000000001
CHEMBL6901,Clc1cc2ncc(N3CCNCC3)nc2cc1Cl,Clc1cc2ncc(N3CCNCC3)nc2cc1Cl,YHIIYPAPGGCWLA-UHFFFAOYSA-N,283.162
CHEMBL9548,O=C1NC(c2ccc([N+](=O)[O-])cc2)Nc2ncccc21,O=C1NC(c2ccc([N+](=O)[O-])cc2)Nc2ncccc21,MIAFKOUDAIHDIM-UHFFFAOYSA-N,270.24800000000005
CHEMBL6855,CCCC1CCNc2cc3oc(=O)cc(C(F)(F)F)c3cc21,CCCC1CCNc2cc3oc(=O)cc(C(F)(F)F)c3cc21,VTRALRXIBUAIMP-UHFFFAOYSA-N,311.303
CHEMBL7450,CN(C(=O)[C@H](CC#Cc1ccc(NN)cc1)NS(=O)(=O)c1ccc2ccccc2c1)C1CCCC1,CN(C(=O)[C@H](CC#Cc1ccc(NN)cc1)NS(=O)(=O)c1ccc2ccccc2c1)C1CCCC1,KGTZAGCAWHYWGV-SANMLTNESA-N,490.62900000000036
CHEMBL402580,O=C1Nc2ccccc2C12OCCS2,O=C1Nc2ccccc2C12OCCS2,ZIBIJMUZBVWSHR-UHFFFAOYSA-N,207.25399999999993
CHEMBL8739,CC/C=C\C/C=C\C/C=C\CCCCCCCC(=O)O,CC/C=C\C/C=C\C/C=C\CCCCCCCC(=O)O,DTOSIQBPPRVQHS-PDBXOOCHSA-N,278.4359999999999
CHEMBL8357,CCOC(=O)C1CC2OC1C(C(=O)O)C2C(=O)O,CCOC(=O)C1CC2OC1C(C(=O)O)C2C(=O)O,KLJMWDHCGAZVEJ-UHFFFAOYSA-N,258.226
CHEMBL6431,COc1cc2nc(N3CCC(C(=O)NCCO)CC3)nc(N)c2cc1OC,COc1cc2nc(N3CCC(C(=O)NCCO)CC3)nc(N)c2cc1OC,DSZDMTCWVSGILQ-UHFFFAOYSA-N,375.42900000000014
CHEMBL9868,COc1ccc(Sc2ccccc2NC2=NCCN2)cc1,COc1ccc(Sc2ccccc2NC2=NCCN2)cc1,FLZNOMBPCFVWRM-UHFFFAOYSA-N,299.39900000000006
CHEMBL8517,N#CN1Cc2cc3ccccc3nc2C1,N#CN1Cc2cc3ccccc3nc2C1,KLQYVOXLSMHROZ-UHFFFAOYSA-N,195.22499999999997
CHEMBL268691,COc1cc(Br)c2c3c([nH]c2c1)CNCC3,COc1cc(Br)c2c3c([nH]c2c1)CNCC3,UOJPZOFUKSVRMM-UHFFFAOYSA-N,281.1530000000001
CHEMBL269359,CCCc1cc(=O)oc2c3c(c4c(c12)OC(C)(C)C=C4)O[C@H](C(C)C)[C@@H](C)[C@H]3O,CCCc1cc(=O)oc2c3c(c4c(c12)OC(C)(C)C=C4)O[C@H](C(C)C)[C@@H](C)[C@H]3O,JLMSPBCWZNHEJD-CJMONDIMSA-N,398.4990000000001
CHEMBL8506,O=C1[C@@H](NS(=O)(=O)c2cc3c(Cl)nccc3s2)CCN1Cc1cc2cc[nH]cc-2n1,O=C1[C@@H](NS(=O)(=O)c2cc3c(Cl)nccc3s2)CCN1Cc1cc2cc[nH]cc-2n1,IFLPJNBMINIOJE-AWEZNQCLSA-N,461.95600000000024
CHEMBL414208,CCOC(=O)C1=C(O)C(=O)N(Cc2ccc(OC)cc2)C1,CCOC(=O)C1=C(O)C(=O)N(Cc2ccc(OC)cc2)C1,CNXSHPZDKZIAOV-UHFFFAOYSA-N,291.303
CHEMBL417601,Cn1c(=O)[nH]c2[nH]c(-c3ccc(S(=O)(=O)Oc4ccc([N+](=O)[O-])cc4)cc3)nc2c1=O,Cn1c(=O)[nH]c2[nH]c(-c3ccc(S(=O)(=O)Oc4ccc([N+](=O)[O-])cc4)cc3)nc2c1=O,WRKCXHQWGGFYMC-UHFFFAOYSA-N,443.39700000000016
CHEMBL8578,CCCC[C@@H](C[C@@H](CCc1ccc(/C=C/c2ccccc2)cc1)C(=O)N[C@H](C(=O)NC)C(C)(C)C)C(=O)O,CCCC[C@@H](C[C@@H](CCc1ccc(/C=C/c2ccccc2)cc1)C(=O)N[C@H](C(=O)NC)C(C)(C)C)C(=O)O,JHLCBEICWMJALX-ULNYTKQRSA-N,520.7140000000003
CHEMBL6696,CCC1CCc2nc(N)nc(N)c2C1,CCC1CCc2nc(N)nc(N)c2C1,MXKYJSLULQXXGG-UHFFFAOYSA-N,192.266
CHEMBL9656,CCCCN1CCC(COC(c2ccccc2)c2ccccc2)CC1,CCCCN1CCC(COC(c2ccccc2)c2ccccc2)CC1,XXCODRRDVUJDPD-UHFFFAOYSA-N,337.5070000000001
CHEMBL441587,COc1ccc(CCCN2CCC(COCc3ccc(Cl)c(Cl)c3)CC2)cc1,COc1ccc(CCCN2CCC(COCc3ccc(Cl)c(Cl)c3)CC2)cc1,WGFDCVFIATZRIQ-UHFFFAOYSA-N,422.3960000000001
CHEMBL7495,O=C(Oc1ccc2[nH]c(C(=O)c3cc4ccccc4[nH]3)cc2c1)c1cccnc1,O=C(Oc1ccc2[nH]c(C(=O)c3cc4ccccc4[nH]3)cc2c1)c1cccnc1,SGZMABKXCSXQTM-UHFFFAOYSA-N,381.391
CHEMBL266784,CCNC(=O)C(=O)[C@H](Cc1ccccc1)NC(=O)C1Cc2cc(Cl)ccc2S(=O)(=O)N1CC,CCNC(=O)C(=O)[C@H](Cc1ccccc1)NC(=O)C1Cc2cc(Cl)ccc2S(=O)(=O)N1CC,OFZUFEGVGGUHAB-OYKVQYDMSA-N,491.99700000000024
CHEMBL7721,O=C(/C=C/c1ccc(Cl)c(Cl)c1)c1ccc(O)cc1,O=C(/C=C/c1ccc(Cl)c(Cl)c1)c1ccc(O)cc1,DXRYJTYVYNBKKK-KRXBUXKQSA-N,293.149
CHEMBL268906,CC[C@H]1OC(=O)CC(O)[C@H](C)[C@@H](O[C@@H]2O[C@H](C)C[C@H](N(C)C)[C@H]2O)[C@@H](CCN2CCCCCC2)C[C@@H](C)C(=O)/C=C/[C@]2(C)O[C@H]2[C@@H]1C,CC[C@H]1OC(=O)CC(O)[C@H](C)[C@@H](O[C@@H]2O[C@H](C)C[C@H](N(C)C)[C@H]2O)[C@@H](CCN2CCCCCC2)C[C@@H](C)C(=O)/C=C/[C@]2(C)O[C@H]2[C@@H]1C,INCNYXSDFKGPSD-YIMFJMEHSA-N,664.9250000000004
CHEMBL430326,CC[C@@H]1/C=C(\C)C[C@H](C)C[C@H](OC)[C@H]2O[C@@](O)(C(=O)C(=O)N3CCCC[C@H]3C(=O)O[C@H](/C(C)=C/[C@@H]3CC[C@@H](Oc4cccc(OC)c4)[C@H](OC)C3)[C@H](C)[C@@H](O)CC1=O)[C@H](C)C[C@@H]2OC,CC[C@@H]1/C=C(\C)C[C@H](C)C[C@H](OC)[C@H]2O[C@@](O)(C(=O)C(=O)N3CCCC[C@H]3C(=O)O[C@H](/C(C)=C/[C@@H]3CC[C@@H](Oc4cccc(OC)c4)[C@H](OC)C3)[C@H](C)[C@@H](O)CC1=O)[C@H](C)C[C@@H]2OC,DGCQWFZXUMZVFM-TXYHKLEPSA-N,898.1440000000001
CHEMBL8858,CCN1C(C(=O)N[C@@H](Cc2ccccc2)C(=O)C(=O)NCCNS(=O)(=O)c2ccccc2)Cc2cc3c(cc2S1(=O)=O)OCCO3,CCN1C(C(=O)N[C@@H](Cc2ccccc2)C(=O)C(=O)NCCNS(=O)(=O)c2ccccc2)Cc2cc3c(cc2S1(=O)=O)OCCO3,RMFBRTUWKVBHBU-SKCDSABHSA-N,670.7660000000002
CHEMBL6327,CC/C(=C(\c1ccc(I)cc1)c1ccc(OCCCCCN(C)C)cc1)c1ccccc1,CC/C(=C(\c1ccc(I)cc1)c1ccc(OCCCCCN(C)C)cc1)c1ccccc1,KILJJPMNQOHZIY-ZIADKAODSA-N,539.5010000000004
CHEMBL267272,CCCOc1cc2c(cc1O)CCO2,CCCOc1cc2c(cc1O)CCO2,SFZAYWPGQWUWPR-UHFFFAOYSA-N,194.22999999999993
CHEMBL8132,CCn1ncc2c(N[C@@H](C)C3CCCCC3)c3cc(C#N)ccc3nc21,CCn1ncc2c(N[C@@H](C)C3CCCCC3)c3cc(C#N)ccc3nc21,RJVXRUZKDTUTHG-AWEZNQCLSA-N,347.466
CHEMBL66,O=C1c2c(O)cc(O)cc2O[C@H](c2ccc(O)c(O)c2)[C@H]1O,O=C1c2c(O)cc(O)cc2O[C@H](c2ccc(O)c(O)c2)[C@H]1O,CXQWRCVTCMQVQX-LSDHHAIUSA-N,304.25399999999996
CHEMBL6356,Nc1cc[n+](Cc2ccc3c(c2)Cc2cc(C[n+]4ccc(N)c5ccccc54)ccc2-3)c2ccccc12,Nc1cc[n+](Cc2ccc3c(c2)Cc2cc(C[n+]4ccc(N)c5ccccc54)ccc2-3)c2ccccc12,USOMLPZSQWAHIS-UHFFFAOYSA-P,480.6150000000002
CHEMBL172054,CC(=O)N(CCCCNC(=O)C1CSC(c2ccccc2O)=N1)CCCCNC(=O)C1CSC(c2ccccc2O)=N1,CC(=O)N(CCCCNC(=O)C1CSC(c2ccccc2O)=N1)CCCCNC(=O)C1CSC(c2ccccc2O)=N1,LLLVWPRMQMUHDD-UHFFFAOYSA-N,611.7900000000003
CHEMBL8313,CC[C@@H]1CC2C(CCC3(C)C(=O)CCC23)C2(C)C=CC(=O)C=C12,CC[C@@H]1CC2C(CCC3(C)C(=O)CCC23)C2(C)C=CC(=O)C=C12,XCVPQQKZRNPVKM-HWYUWTSOSA-N,312.45300000000003
CHEMBL9450,CCCc1cc(C)c2ccccc2n1,CCCc1cc(C)c2ccccc2n1,PBILQHLRWUAGRT-UHFFFAOYSA-N,185.26999999999998
CHEMBL7488,COc1cc(NCC2CCc3nc(N)nc(N)c3C2)cc(OC)c1OC,COc1cc(NCC2CCc3nc(N)nc(N)c3C2)cc(OC)c1OC,OUUUTANMTDKIPT-UHFFFAOYSA-N,359.4300000000002
CHEMBL266529,C=CCOc1ccccc1C(=O)OCC(O)CNC(C)C,C=CCOc1ccccc1C(=O)OCC(O)CNC(C)C,GFNHPWSZFRJUOF-UHFFFAOYSA-N,293.363
CHEMBL7498,CCCC/C(=C\Cn1oc(=O)[nH]c1=O)c1cccc(Oc2ccc(C)cc2)c1,CCCC/C(=C\Cn1oc(=O)[nH]c1=O)c1cccc(Oc2ccc(C)cc2)c1,MNRANRDCKDZOBW-GHRIWEEISA-N,380.44400000000013
CHEMBL8222,COC(=O)c1cc(Nc2ccccc2)c(Nc2ccccc2)cc1C(=O)OC,COC(=O)c1cc(Nc2ccccc2)c(Nc2ccccc2)cc1C(=O)OC,WJWUNGQMBUGZHX-UHFFFAOYSA-N,376.41200000000015
CHEMBL6779,CSCC[C@H](NC(=O)NC12CC3CC(CC(C3)C1)C2)C(=O)N[C@@H](CC(C)C)C(=O)N[C@@H](Cc1ccccc1)C(=O)O,CSCC[C@H](NC(=O)NC12CC3CC(CC(C3)C1)C2)C(=O)N[C@@H](CC(C)C)C(=O)N[C@@H](Cc1ccccc1)C(=O)O,JFKJSFBAYQEYLM-HCSYYRSOSA-N,586.7990000000004
CHEMBL7328,O=C1c2ccc(OCc3cccc(-c4ccccc4)c3)cc2CCC1CCN1CCC(c2ccccc2)CC1,O=C1c2ccc(OCc3cccc(-c4ccccc4)c3)cc2CCC1CCN1CCC(c2ccccc2)CC1,JQFIBEBVODCPDV-UHFFFAOYSA-N,515.6970000000003
CHEMBL6524,CC1(C)CC(C)(C)c2cc(N/C(S)=N/c3ccc(S(N)(=O)=O)cc3)ccc2S1,CC1(C)CC(C)(C)c2cc(N/C(S)=N/c3ccc(S(N)(=O)=O)cc3)ccc2S1,HNXZQKZCCDWHKO-UHFFFAOYSA-N,435.64000000000016
CHEMBL267258,CC(C)CN(Cc1ccccc1-c1ccccc1)[C@@H]1C[C@@H](CNC(=O)/C=C/c2ccc(/C=C3\SC(=O)NC3=O)cc2)N(C(=O)c2ccccc2C(=O)c2ccc(F)cc2)C1,CC(C)CN(Cc1ccccc1-c1ccccc1)[C@@H]1C[C@@H](CNC(=O)/C=C/c2ccc(/C=C3\SC(=O)NC3=O)cc2)N(C(=O)c2ccccc2C(=O)c2ccc(F)cc2)C1,GTNUCDHEVGOKQK-FKIBAZGLSA-N,820.9870000000001
CHEMBL451551,CC12CCC(OC=O)CC1CCC1C2CCC2(C)[C@@H](C3=CC(=O)OC3)C(OC=O)CC12O,CC12CCC(OC=O)CC1CCC1C2CCC2(C)[C@@H](C3=CC(=O)OC3)C(OC=O)CC12O,AISBGAJDNGFBRL-SJJSKVOPSA-N,446.5400000000002
CHEMBL263076,O=c1oc2c(O)c(O)ccc2c2cc(F)ccc12,O=c1oc2c(O)c(O)ccc2c2cc(F)ccc12,DTDCPMLDXTXQEE-UHFFFAOYSA-N,246.19299999999996
CHEMBL9505,COc1ccc(CCCN2CCN(CCC(c3ccccc3)c3ccccc3)CC2)cc1,COc1ccc(CCCN2CCN(CCC(c3ccccc3)c3ccccc3)CC2)cc1,GWYICQIMZJHISZ-UHFFFAOYSA-N,428.6200000000001
CHEMBL266039,c1ccc(CCN2CCN3CC(c4ccccc4)c4ccccc4C3C2)cc1,c1ccc(CCN2CCN3CC(c4ccccc4)c4ccccc4C3C2)cc1,ZTNUFLBDJULOLU-UHFFFAOYSA-N,368.5240000000001
CHEMBL276860,COC(=O)[C@H](C)NP(=O)(CO[C@H](C)Cn1cnc2c(N)ncnc21)Oc1ccccc1,COC(=O)[C@H](C)NP(=O)(CO[C@H](C)Cn1cnc2c(N)ncnc21)Oc1ccccc1,CHUKKLIYPXUHTH-JMRRJAMASA-N,448.42000000000013
CHEMBL9283,CCCCN(C(=O)CN1C[C@@H](c2ccc3c(c2)OCO3)[C@H](C(=O)O)[C@H]1c1ccc(OC)cc1)c1ccccc1,CCCCN(C(=O)CN1C[C@@H](c2ccc3c(c2)OCO3)[C@H](C(=O)O)[C@H]1c1ccc(OC)cc1)c1ccccc1,DFQYXTXEDKPKTC-JPHFWNGBSA-N,530.6210000000003
CHEMBL268798,COc1ccc(-n2cc(C(=O)NCCN(C)C)c3nc4c(C)cccc4cc3c2=O)cc1OC,COc1ccc(-n2cc(C(=O)NCCN(C)C)c3nc4c(C)cccc4cc3c2=O)cc1OC,GNEBWYREXBRIFC-UHFFFAOYSA-N,460.5340000000002
CHEMBL267706,Nc1nc2c(s1)CN=C(c1ccccc1F)c1cc(Cl)ccc1-2,Nc1nc2c(s1)CN=C(c1ccccc1F)c1cc(Cl)ccc1-2,ZYDYNNDNZMEHHE-UHFFFAOYSA-N,343.814
CHEMBL9953,COc1ccc(Sc2ccc(C(=N)N)cc2)cc1,COc1ccc(Sc2ccc(C(=N)N)cc2)cc1,GIZPXGUVGZCEHV-UHFFFAOYSA-N,258.346
CHEMBL267385,Oc1ccc(C2=Cc3cc(O)ccc3C23Cc2ccc(OCCN4CCCCC4)cc2C3)cc1,Oc1ccc(C2=Cc3cc(O)ccc3C23Cc2ccc(OCCN4CCCCC4)cc2C3)cc1,DJJCBDOVULVMNS-UHFFFAOYSA-N,453.5820000000004
CHEMBL6819,Cc1oc(-c2ccc(C(F)(F)F)cc2)nc1COc1cccc(C2CC2Cn2oc(=O)[nH]c2=O)c1,Cc1oc(-c2ccc(C(F)(F)F)cc2)nc1COc1cccc(C2CC2Cn2oc(=O)[nH]c2=O)c1,KRSLIGYAOXNGIZ-UHFFFAOYSA-N,487.43400000000025
CHEMBL267932,CN1CN(c2ccccc2)C2(CCN(CCCC(=O)c3ccc(F)cc3)CC2)C1=O,CN1CN(c2ccccc2)C2(CCN(CCCC(=O)c3ccc(F)cc3)CC2)C1=O,QHJLPOSPWKZACG-UHFFFAOYSA-N,409.5050000000001
CHEMBL275451,O=C1c2ccccc2CCCN1CCN1CCC(Oc2ccc(F)cc2)CC1,O=C1c2ccccc2CCCN1CCN1CCC(Oc2ccc(F)cc2)CC1,JMMXMAWAVLJQSY-UHFFFAOYSA-N,382.4790000000001
CHEMBL6624,COc1ccc(NS(=O)(=O)c2cccc3c(N(C)C)cccc23)nn1,COc1ccc(NS(=O)(=O)c2cccc3c(N(C)C)cccc23)nn1,DMZKKCRZCZZBAT-UHFFFAOYSA-N,358.42300000000006
CHEMBL9132,CCCN(CCC)C(=O)CCN1C[C@@H](c2ccc3c(c2)OCO3)[C@H](C(=O)O)[C@H]1c1ccc(OC)cc1,CCCN(CCC)C(=O)CCN1C[C@@H](c2ccc3c(c2)OCO3)[C@H](C(=O)O)[C@H]1c1ccc(OC)cc1,MKPFPHYZZBVPHL-WDDWZANVSA-N,496.60400000000027
CHEMBL7759,CN(C)c1nc2ccc(Cl)cc2c2nc(-c3ccco3)nn12,CN(C)c1nc2ccc(Cl)cc2c2nc(-c3ccco3)nn12,FQCINMURYBKZPG-UHFFFAOYSA-N,313.748
CHEMBL380444,CCC(CC)NC(=O)OCC1CN(C(=O)c2cc(OC)c(OC)c(OC)c2)CCN1C(=O)c1cc(OC)c(OC)c(OC)c1,CCC(CC)NC(=O)OCC1CN(C(=O)c2cc(OC)c(OC)c(OC)c2)CCN1C(=O)c1cc(OC)c(OC)c(OC)c1,SBHBWISDHLCEJR-UHFFFAOYSA-N,617.6960000000003
CHEMBL6973,COc1ccc(S(=O)(=O)N2CN(C)C(=O)C[C@@H]2C(=O)NO)cc1,COc1ccc(S(=O)(=O)N2CN(C)C(=O)C[C@@H]2C(=O)NO)cc1,DRWHINQPSIPRHF-LLVKDONJSA-N,343.361
CHEMBL6467,CSc1ccc(CC(C)N)cc1,CSc1ccc(CC(C)N)cc1,OLEWMKVPSUCNLG-UHFFFAOYSA-N,181.30399999999997
CHEMBL268739,Oc1ncc(Oc2ccc(Cl)cc2)cn1,Oc1ncc(Oc2ccc(Cl)cc2)cn1,QDMLLRTTXHNIOL-UHFFFAOYSA-N,222.631
CHEMBL484,Nc1ncnc2c1ncn2CCOCP(=O)(O)O,Nc1ncnc2c1ncn2CCOCP(=O)(O)O,SUPKOOSCJHTBAH-UHFFFAOYSA-N,273.1889999999999
CHEMBL428339,Cc1cc(-c2c(F)cc3c(=O)c(Cc4c(O)cc(O)cc4O)cn(C4CC4)c3c2F)cc(C)n1,Cc1cc(-c2c(F)cc3c(=O)c(Cc4c(O)cc(O)cc4O)cn(C4CC4)c3c2F)cc(C)n1,RFDGFRCCZHJVEL-UHFFFAOYSA-N,464.4680000000002
CHEMBL9455,COc1ccc(CCCN2CCC(COC(c3ccc(Cl)cc3)c3ccc(Cl)cc3)CC2)cc1,COc1ccc(CCCN2CCC(COC(c3ccc(Cl)cc3)c3ccc(Cl)cc3)CC2)cc1,LMZOSNWKXWBOSG-UHFFFAOYSA-N,498.49400000000014
CHEMBL269123,CCOC(=O)c1cccc(NC(=O)NNc2nc3ccccc3c(=O)n2-c2cccc(Cl)c2)c1,CCOC(=O)c1cccc(NC(=O)NNc2nc3ccccc3c(=O)n2-c2cccc(Cl)c2)c1,WCFFPYQXWQRBQE-UHFFFAOYSA-N,477.90800000000013
CHEMBL268526,Cc1ccc2cc(-c3ccc(CC(Cc4ccc(C(F)(F)P(=O)(O)O)cc4)(c4ccccc4)n4nnc5ccccc54)cc3)cc(P(=O)(O)O)c2n1,Cc1ccc2cc(-c3ccc(CC(Cc4ccc(C(F)(F)P(=O)(O)O)cc4)(c4ccccc4)n4nnc5ccccc54)cc3)cc(P(=O)(O)O)c2n1,SZXQFEXBARNEFM-UHFFFAOYSA-N,740.6400000000001
CHEMBL7483,CCNc1cccnc1N1CCN(C(=O)c2cc3ccccc3[nH]2)CC1,CCNc1cccnc1N1CCN(C(=O)c2cc3ccccc3[nH]2)CC1,OPOVDOVPCBBDRF-UHFFFAOYSA-N,349.43800000000005
CHEMBL7496,O=C(c1cc2ccccc2[nH]1)c1cc2cc(OC(=O)C3CCC3)ccc2[nH]1,O=C(c1cc2ccccc2[nH]1)c1cc2cc(OC(=O)C3CCC3)ccc2[nH]1,DHMRMUNCZPEPED-UHFFFAOYSA-N,358.3970000000001
CHEMBL441326,CC(C)CN(Cc1ccccc1-c1ccccc1)[C@@H]1C[C@@H](CNC(=O)/C=C/c2ccc(/C=C3\SC(=O)NC3=O)cc2)N(C(=O)c2ccccc2C(=O)c2ccc(F)cc2F)C1,CC(C)CN(Cc1ccccc1-c1ccccc1)[C@@H]1C[C@@H](CNC(=O)/C=C/c2ccc(/C=C3\SC(=O)NC3=O)cc2)N(C(=O)c2ccccc2C(=O)c2ccc(F)cc2F)C1,OBIPTWMZQPZWHN-NFFGKUDUSA-N,838.9770000000001
CHEMBL440085,COc1noc2c1CN(C)CC2.Cl,COc1noc2c1CN(C)CC2,RZHYIWSMOFFQER-UHFFFAOYSA-N,168.19599999999997
CHEMBL267973,CCNc1cccnc1N1CCN(C(=O)c2cc3ccccc3oc2=O)CC1,CCNc1cccnc1N1CCN(C(=O)c2cc3ccccc3oc2=O)CC1,PAWLLBZUYYALQK-UHFFFAOYSA-N,378.43200000000013
CHEMBL6410,CC/C(=C(\c1ccc(I)cc1)c1ccc(OCCCCCCCCN2CCCC2)cc1)c1ccccc1,CC/C(=C(\c1ccc(I)cc1)c1ccc(OCCCCCCCCN2CCCC2)cc1)c1ccccc1,BFXFDLMTMKFDSG-YHZPTAEISA-N,607.6200000000006
CHEMBL275475,O=C1c2ccccc2CCCN1CCN1CCC(n2nnc3ccccc32)CC1,O=C1c2ccccc2CCCN1CCN1CCC(n2nnc3ccccc32)CC1,NFXKJHPEAASJRA-UHFFFAOYSA-N,389.5030000000001
CHEMBL266463,COc1ccc(Cc2cn(C3CC3)c3c(F)c(-c4cc(C)nc(C)c4)c(F)cc3c2=O)cc1,COc1ccc(Cc2cn(C3CC3)c3c(F)c(-c4cc(C)nc(C)c4)c(F)cc3c2=O)cc1,WLCNRYNOIAJNOA-UHFFFAOYSA-N,446.4970000000001
CHEMBL268654,Cc1ccc2c(c1)-c1nc(-c3ccccn3)[nH]c1CCC2,Cc1ccc2c(c1)-c1nc(-c3ccccn3)[nH]c1CCC2,QKPZHNRODORATF-UHFFFAOYSA-N,275.3550000000001
CHEMBL7281,CC(C)(C)OC(=O)Nc1ccc2c(c1)cc1c(=O)n3c(cc4cc(NC(=O)OC(C)(C)C)ccc43)c(=O)n12,CC(C)(C)OC(=O)Nc1ccc2c(c1)cc1c(=O)n3c(cc4cc(NC(=O)OC(C)(C)C)ccc43)c(=O)n12,KFRSEOVKUHAOPQ-UHFFFAOYSA-N,516.5540000000003
CHEMBL6528,CN(C)CC1c2ccccc2C(c2ccccc2)CN1C,CN(C)CC1c2ccccc2C(c2ccccc2)CN1C,RJXXPJSDBLRNBL-UHFFFAOYSA-N,280.415
CHEMBL8741,CCCCCNC(=O)C(=O)[C@H](Cc1ccccc1)NC(=O)C1Cc2cc3c(cc2S(=O)(=O)N1CC)OCCO3,CCCCCNC(=O)C(=O)[C@H](Cc1ccccc1)NC(=O)C1Cc2cc3c(cc2S(=O)(=O)N1CC)OCCO3,BPOXPDBMVNWHQX-HMTLIYDFSA-N,557.6690000000002
CHEMBL6253,C[C@]12CC[C@H](O)CC1=CCC1C2CC[C@@]2(C)C1CC[C@@H]2OC1CC1,C[C@]12CC[C@H](O)CC1=CCC1C2CC[C@@]2(C)C1CC[C@@H]2OC1CC1,POSDCFGKQJATFR-WCYMMUEPSA-N,330.5120000000001
CHEMBL266374,CC(C)Cc1cccc(Br)c1O[C@@H]1C[C@@H](CNC(=O)c2ccc(/C=C3\SC(=O)NC3=O)cc2)N(C(=O)c2ccccc2C(=O)c2ccc(F)cc2F)C1,CC(C)Cc1cccc(Br)c1O[C@@H]1C[C@@H](CNC(=O)c2ccc(/C=C3\SC(=O)NC3=O)cc2)N(C(=O)c2ccccc2C(=O)c2ccc(F)cc2F)C1,LELMLDBIODSMGN-DRQJHZCHSA-N,802.6940000000001
CHEMBL9489,CCCCn1cc(C(=O)NCCN(C)C)c2nc3c(C)cccc3cc2c1=O,CCCCn1cc(C(=O)NCCN(C)C)c2nc3c(C)cccc3cc2c1=O,LXVWVQWTLDEQMC-UHFFFAOYSA-N,380.4920000000001
CHEMBL266548,CC(C)NCC(O)COC(=O)c1ccc2c(c1)OCO2,CC(C)NCC(O)COC(=O)c1ccc2c(c1)OCO2,RGSNDMQWSXTJNN-UHFFFAOYSA-N,281.30800000000005
CHEMBL412,CC12CCC3c4ccc(O)cc4CCC3C1CCC2O,CC12CCC3c4ccc(O)cc4CCC3C1CCC2O,VOXZDWNPVJITMN-UHFFFAOYSA-N,272.3879999999999
CHEMBL268878,CC(C)Nc1cccnc1N1CCN(C(=O)c2cc3ccccc3[nH]2)CC1.CS(=O)(=O)O,CC(C)Nc1cccnc1N1CCN(C(=O)c2cc3ccccc3[nH]2)CC1,ASOMNDIOOKDVDC-UHFFFAOYSA-N,363.4650000000001
CHEMBL267942,O=S(=O)(c1ccc(F)cc1)N1Cc2ccccc2N(Cc2c[nH]cn2)C(CCc2ccccc2)C1,O=S(=O)(c1ccc(F)cc1)N1Cc2ccccc2N(Cc2c[nH]cn2)C(CCc2ccccc2)C1,YKHPFCVXIGYTRM-UHFFFAOYSA-N,490.60400000000027
CHEMBL7221,CN(C(=O)[C@H](CC#Cc1cccc(N)c1)NS(=O)(=O)c1ccc2ccccc2c1)C1CCCC1,CN(C(=O)[C@H](CC#Cc1cccc(N)c1)NS(=O)(=O)c1ccc2ccccc2c1)C1CCCC1,MFFFXQAPSOMTFZ-SANMLTNESA-N,475.6140000000004
CHEMBL7067,CC(CCc1ccccc1)NCC(O)c1cc(C(N)=O)c2c(ccn2C)c1,CC(CCc1ccccc1)NCC(O)c1cc(C(N)=O)c2c(ccn2C)c1,IIVGKARVLHONDS-UHFFFAOYSA-N,365.4770000000001
CHEMBL9043,CCCCNC(=O)N1N=C(c2ccc(N)cc2)c2cc3c(cc2CC1C)OCO3,CCCCNC(=O)N1N=C(c2ccc(N)cc2)c2cc3c(cc2CC1C)OCO3,NYMJRWVPTSIOGZ-UHFFFAOYSA-N,394.4750000000002
CHEMBL7969,NC1=NC(c2ccc(F)cc2)Cc2c(F)cccc21,NC1=NC(c2ccc(F)cc2)Cc2c(F)cccc21,KEASVJPWDYZLCE-UHFFFAOYSA-N,258.271
CHEMBL8024,O=C(c1ccc(Cl)cc1)C(Nc1ccc(Cl)cc1)NC(Cn1ccnc1)c1ccc(Cl)cc1Cl,O=C(c1ccc(Cl)cc1)C(Nc1ccc(Cl)cc1)NC(Cn1ccnc1)c1ccc(Cl)cc1Cl,XKPZFHQUOCYFRH-UHFFFAOYSA-N,534.2740000000002
CHEMBL9652,COc1ccc(OC)c(C(=O)/C(C)=C/c2ccc(N(C)C)cc2)c1,COc1ccc(OC)c(C(=O)/C(C)=C/c2ccc(N(C)C)cc2)c1,AJMWJDGKNKNYEW-WYMLVPIESA-N,325.408
CHEMBL8223,CCN(CC)c1ccc(Nc2cc3c(cc2Nc2ccc(N(CC)CC)cc2)C(=O)NC3=O)cc1,CCN(CC)c1ccc(Nc2cc3c(cc2Nc2ccc(N(CC)CC)cc2)C(=O)NC3=O)cc1,ZIUKVZLABPRJTA-UHFFFAOYSA-N,471.60500000000025
CHEMBL266364,CC[C@H]1OC(=O)CC(O)[C@H](C)[C@@H](O[C@@H]2O[C@H](C)C[C@H](N(C)C)[C@H]2O)[C@@H](CCN2CC(C)CC(C)C2)C[C@@H](C)C(=O)/C=C/[C@]2(C)O[C@H]2[C@@H]1C,CC[C@H]1OC(=O)CC(O)[C@H](C)[C@@H](O[C@@H]2O[C@H](C)C[C@H](N(C)C)[C@H]2O)[C@@H](CCN2CC(C)CC(C)C2)C[C@@H](C)C(=O)/C=C/[C@]2(C)O[C@H]2[C@@H]1C,QTGPMHAKDFKPSE-CZAMDFNMSA-N,678.9520000000003
CHEMBL9017,C[N+](C)(CCCCCC[N+](C)(C)CCCN1C(=O)c2ccc(C(F)(F)F)cc2C1=O)CCCN1C(=O)c2ccc(C(F)(F)F)cc2C1=O.[Br-].[Br-],C[N+](C)(CCCCCC[N+](C)(C)CCCN1C(=O)c2ccc(C(F)(F)F)cc2C1=O)CCCN1C(=O)c2ccc(C(F)(F)F)cc2C1=O,OPDMWAUCOIPRLB-UHFFFAOYSA-N,684.7220000000003
CHEMBL9440,CN(Cc1ccc(S(=O)(=O)N2CCOCC2)cc1)c1ccc2c3c(cccc13)C(=N)N2,CN(Cc1ccc(S(=O)(=O)N2CCOCC2)cc1)c1ccc2c3c(cccc13)C(=N)N2,CVEGTZWWWRJCFK-UHFFFAOYSA-N,436.53700000000003
CHEMBL269703,CCC1COC(c2ccc(OCCCCCCCc3cc(C)no3)cc2)=N1,CCC1COC(c2ccc(OCCCCCCCc3cc(C)no3)cc2)=N1,PZDSRPCFNWOUFP-UHFFFAOYSA-N,370.493
CHEMBL7442,Clc1ccc(N2CCN(Cc3cnn4c3CCCC4)CC2)cc1,Clc1ccc(N2CCN(Cc3cnn4c3CCCC4)CC2)cc1,JSUUGLPJPMVFDV-UHFFFAOYSA-N,330.8630000000001
CHEMBL267276,O=C(O)c1nc2c(O)nc3cc(Cl)c(-n4cnnc4)cc3n2n1,O=C(O)c1nc2c(O)nc3cc(Cl)c(-n4cnnc4)cc3n2n1,QYMZRTSHYZACQA-UHFFFAOYSA-N,331.67900000000003
CHEMBL269155,CC(C)(CCCCOc1ccc(OCCCCC(C)(C)C(=O)O)c(-c2ccccc2)c1)C(=O)O,CC(C)(CCCCOc1ccc(OCCCCC(C)(C)C(=O)O)c(-c2ccccc2)c1)C(=O)O,JWCXYZMAGXIEDN-UHFFFAOYSA-N,470.60600000000017
CHEMBL6832,Fc1ccccc1Cn1cnc2c(N3CCCC3)ncnc21,Fc1ccccc1Cn1cnc2c(N3CCCC3)ncnc21,YJZXZDMHKVLZLH-UHFFFAOYSA-N,297.337
CHEMBL8308,O=C1[C@@H](NS(=O)(=O)c2cc3cccnc3s2)CCN1Cc1cc2c[nH]ccc-2n1,O=C1[C@@H](NS(=O)(=O)c2cc3cccnc3s2)CCN1Cc1cc2c[nH]ccc-2n1,RDABAGHKNJZIMG-INIZCTEOSA-N,427.51100000000025
CHEMBL6371,Cc1ccc(Sc2cncc3sc(C(=O)c4ccccc4)cc23)cc1,Cc1ccc(Sc2cncc3sc(C(=O)c4ccccc4)cc23)cc1,SHYPADXIXXYMGH-UHFFFAOYSA-N,361.49100000000004
CHEMBL269340,CCCCNC(=O)OCC1CN(C(=O)c2cc(OC)c(OC)c(OC)c2)CCN1C(=O)c1cc(OC)c(OC)c(OC)c1,CCCCNC(=O)OCC1CN(C(=O)c2cc(OC)c(OC)c(OC)c2)CCN1C(=O)c1cc(OC)c(OC)c(OC)c1,KFLCKESTWZJUOI-UHFFFAOYSA-N,603.6690000000003
CHEMBL268680,O=C(C[C@@H](Cc1ccc(-c2ccccc2-c2nn[nH]n2)cc1)C(=O)N[C@H]1c2ccccc2C[C@H]1O)NO,O=C(C[C@@H](Cc1ccc(-c2ccccc2-c2nn[nH]n2)cc1)C(=O)N[C@H]1c2ccccc2C[C@H]1O)NO,YKDJPMMXYREXJX-NIDLKEISSA-N,498.5430000000002
CHEMBL6342,COc1cc2nc(N3CCN(C(=O)/C(F)=C/c4ccccc4)CC3)nc(N)c2cc1OC,COc1cc2nc(N3CCN(C(=O)/C(F)=C/c4ccccc4)CC3)nc(N)c2cc1OC,OJVQDVDDAFKCSK-ATVHPVEESA-N,437.47500000000025
CHEMBL265673,Cc1c(NC(=O)CCc2ccc(Cl)cc2)ccc2nc(N)nc(N)c12,Cc1c(NC(=O)CCc2ccc(Cl)cc2)ccc2nc(N)nc(N)c12,WYAMVBVFLMIWRM-UHFFFAOYSA-N,355.8290000000002
CHEMBL8509,O=C1[C@@H](NS(=O)(=O)c2cc3ccc(Cl)nc3s2)CCN1Cc1cc2c[nH]ccc-2n1,O=C1[C@@H](NS(=O)(=O)c2cc3ccc(Cl)nc3s2)CCN1Cc1cc2c[nH]ccc-2n1,CLQYGQLPEARJLO-HNNXBMFYSA-N,461.95600000000024
CHEMBL9553,CNC(=O)c1cccc2c(Nc3ccc(NP(=O)(OC)OC)cc3)c3ccccc3nc12,CNC(=O)c1cccc2c(Nc3ccc(NP(=O)(OC)OC)cc3)c3ccccc3nc12,PJNZCBJIXMETTK-UHFFFAOYSA-N,450.43500000000023
CHEMBL7245,CCCC/C(=C\Cn1oc(=O)[nH]c1=O)c1cccc(OCc2nc(-c3ccc(C(F)(F)F)cc3)oc2C)c1,CCCC/C(=C\Cn1oc(=O)[nH]c1=O)c1cccc(OCc2nc(-c3ccc(C(F)(F)F)cc3)oc2C)c1,LXBZMMHQVHWFSB-QGOAFFKASA-N,529.5150000000002
CHEMBL6236,Cc1cc(-n2ncc(=O)[nH]c2=O)cc(Cl)c1C(=O)c1ccc(Cl)cc1,Cc1cc(-n2ncc(=O)[nH]c2=O)cc(Cl)c1C(=O)c1ccc(Cl)cc1,DRZJIUZHBUPPIJ-UHFFFAOYSA-N,376.19900000000007
CHEMBL268008,CCCCCCCCCCCCCCCCCC(=O)OCC(OC(C)=O)C1OC(O)C(NC(C)=O)C1OC(C)C(=O)N[C@@H](C)C(=O)NC(CCC(=O)O)C(N)=O,CCCCCCCCCCCCCCCCCC(=O)OCC(OC(C)=O)C1OC(O)C(NC(C)=O)C1OC(C)C(=O)N[C@@H](C)C(=O)NC(CCC(=O)O)C(N)=O,MUYVOFJJZFLTPN-HIZIZFNZSA-N,800.9879999999999
CHEMBL417240,CC(=O)N(c1ccccc1)C(C)C(=O)O,CC(=O)N(c1ccccc1)C(C)C(=O)O,OGRDVTGIBRIYAG-UHFFFAOYSA-N,207.22899999999998
CHEMBL264723,COc1ccc(CCNCC(O)COC(=O)c2cccc(C)c2)cc1OC,COc1ccc(CCNCC(O)COC(=O)c2cccc(C)c2)cc1OC,IWXWOEASCMPJLS-UHFFFAOYSA-N,373.4490000000001
CHEMBL9425,CN1CCC23c4c5ccc(O)c4OC2[C@H](O)[C@](CO)(CCCCCc2ccccc2)CC3C1C5,CN1CCC23c4c5ccc(O)c4OC2[C@H](O)[C@](CO)(CCCCCc2ccccc2)CC3C1C5,ICRFIYUMWKRNHE-LGFLZJIQSA-N,463.61800000000034
CHEMBL274390,CC(C)(C)/N=c1\c(O)c(O)\c1=N/[C@@H](Cc1ccc(NC(=O)c2c(Cl)cncc2Cl)cc1)C(=O)O,CC(C)(C)/N=c1\c(O)c(O)\c1=N/[C@@H](Cc1ccc(NC(=O)c2c(Cl)cncc2Cl)cc1)C(=O)O,DEBNOGITKRDNAL-QXPDGPNTSA-N,505.3580000000002
CHEMBL8714,CCCCC(O)c1cccc(OCc2ccccc2C(=O)OC)c1,CCCCC(O)c1cccc(OCc2ccccc2C(=O)OC)c1,XHEAPTZAUJDAEL-UHFFFAOYSA-N,328.4080000000001
CHEMBL7060,COc1ccc2c(c1OC(C)=O)-c1cc(O)cc3c1C(C2)N(C(=O)CN(CCCl)CCCl)CC3,COc1ccc2c(c1OC(C)=O)-c1cc(O)cc3c1C(C2)N(C(=O)CN(CCCl)CCCl)CC3,XFGMGBXXJINQHS-UHFFFAOYSA-N,507.4140000000003
CHEMBL428999,Brc1ccc2c3c([nH]c2c1)C=NCC3,Brc1ccc2c3c([nH]c2c1)C=NCC3,NTZLLWPDAQVIOA-UHFFFAOYSA-N,249.11099999999996
CHEMBL7652,CCCc1cc(=O)oc2c3c(c4c(c12)OC(C)(C)C=C4)OC[C@H](C)C31OCOCO1,CCCc1cc(=O)oc2c3c(c4c(c12)OC(C)(C)C=C4)OC[C@H](C)C31OCOCO1,HFVCNIYXWWFQML-ZDUSSCGKSA-N,414.45400000000024
CHEMBL273659,NC1=NC(c2ccccc2)Cc2ccccc21,NC1=NC(c2ccccc2)Cc2ccccc21,NXQKWROQUYKWQS-UHFFFAOYSA-N,222.29099999999997
CHEMBL266088,FC(F)(F)c1ccc2nc(N3CCNCC3)cnc2c1,FC(F)(F)c1ccc2nc(N3CCNCC3)cnc2c1,FHSHYECWAIAKCY-UHFFFAOYSA-N,282.26899999999995
CHEMBL9192,C[C@@]1(N2C(=O)c3cccc(N)c3C2=O)CCC(=O)NC1=O,C[C@@]1(N2C(=O)c3cccc(N)c3C2=O)CCC(=O)NC1=O,VZTDWPXKIYLLAT-CQSZACIVSA-N,287.2749999999999
CHEMBL8206,Cc1c(S(=O)(=O)N[C@H]2CCN(Cc3cc4[nH]cccc-4n3)C2=O)sc2ccc(Cl)cc12,Cc1c(S(=O)(=O)N[C@H]2CCN(Cc3cc4[nH]cccc-4n3)C2=O)sc2ccc(Cl)cc12,IBUYULCNCPHRJE-KRWDZBQOSA-N,474.9950000000002
CHEMBL6905,Nc1nc(O)nc2ccc(Sc3ccc4ccccc4c3)cc12,Nc1nc(O)nc2ccc(Sc3ccc4ccccc4c3)cc12,AIZZNMJLXYTWBX-UHFFFAOYSA-N,319.38900000000007
CHEMBL6725,Cc1oc2c(C)c3oc(=O)cc(C)c3cc2c1CNCCO,Cc1oc2c(C)c3oc(=O)cc(C)c3cc2c1CNCCO,GEUFHXIJTOGPOA-UHFFFAOYSA-N,301.34200000000004
CHEMBL268869,COc1ccc(NS(=O)(=O)c2ccc(N)cc2)nn1,COc1ccc(NS(=O)(=O)c2ccc(N)cc2)nn1,VLYWMPOKSSWJAL-UHFFFAOYSA-N,280.30899999999997
CHEMBL418333,CCCn1c(=O)c2nc(-c3ccc(S(=O)(=O)O)cc3)[nH]c2n(CCC)c1=O,CCCn1c(=O)c2nc(-c3ccc(S(=O)(=O)O)cc3)[nH]c2n(CCC)c1=O,IWALGNIFYOBRKC-UHFFFAOYSA-N,392.4370000000002
CHEMBL7766,CC(C)(CCCOc1ccc(OCCCC(C)(C)C(=O)O)c(Sc2ccccc2)c1)C(=O)O,CC(C)(CCCOc1ccc(OCCCC(C)(C)C(=O)O)c(Sc2ccccc2)c1)C(=O)O,BQYKOOXHUPHZMB-UHFFFAOYSA-N,474.61900000000014
CHEMBL6898,CC(C)NC1CCc2cc(O)c(O)cc2[C@H]1O,CC(C)NC1CCc2cc(O)c(O)cc2[C@H]1O,OCSSSNKRNYLNAI-JLOHTSLTSA-N,237.299
CHEMBL8831,C=C1C(=O)OC2CC3(C)CCCC(C)C3=CC12,C=C1C(=O)OC2CC3(C)CCCC(C)C3=CC12,PXOYOCNNSUAQNS-UHFFFAOYSA-N,232.32299999999995
CHEMBL8392,CC1(C)CC[C@]2(C(=O)n3cccn3)CC[C@]3(C)C(C(=O)C=C4[C@@]5(C)C=C(C#N)C(=O)C(C)(C)[C@@H]5CC[C@]43C)C2C1,CC1(C)CC[C@]2(C(=O)n3cccn3)CC[C@]3(C)C(C(=O)C=C4[C@@]5(C)C=C(C#N)C(=O)C(C)(C)[C@@H]5CC[C@]43C)C2C1,YYXHRJLIOGMXCT-BRIYRCOXSA-N,541.7360000000003
CHEMBL262712,C=CCOC(NC(=O)[C@H](Cc1ccccc1)NS(=O)(=O)N1CCOCC1)C(=O)N[C@@H](CC1CCCCC1)[C@@H](O)[C@@H](O)CC(C)C,C=CCOC(NC(=O)[C@H](Cc1ccccc1)NS(=O)(=O)N1CCOCC1)C(=O)N[C@@H](CC1CCCCC1)[C@@H](O)[C@@H](O)CC(C)C,GECFWRLWUREZAB-GDZMZIAQSA-N,652.8550000000004
CHEMBL267975,COC(=O)C(C)(C)CCCOc1ccc(C=N/N=C(/N)S)c(OCCCC(C)(C)C(=O)OC)c1,COC(=O)C(C)(C)CCCOc1ccc(C=N/N=C(/N)S)c(OCCCC(C)(C)C(=O)OC)c1,JUZMNVFABALRHD-UHFFFAOYSA-N,495.6420000000004
CHEMBL8903,O=C(NCCCn1ccnc1)c1cccnc1Cl,O=C(NCCCn1ccnc1)c1cccnc1Cl,MKIFFBQALFZHNT-UHFFFAOYSA-N,264.716
CHEMBL267692,CC(C)(C)c1cccc(N2C(N)=NC(N)=NC2(C)C)c1,CC(C)(C)c1cccc(N2C(N)=NC(N)=NC2(C)C)c1,HRDHEUBWDVJRHA-UHFFFAOYSA-N,273.38399999999996
CHEMBL9664,CN(C)c1cccc2c(S(=O)(=O)N[C@@H](Cc3ccc(C(N)NN)cc3)C(=O)N(C)C3CCCC3)cccc12,CN(C)c1cccc2c(S(=O)(=O)N[C@@H](Cc3ccc(C(N)NN)cc3)C(=O)N(C)C3CCCC3)cccc12,LZIUPSRPZFFNPG-BXXZMZEQSA-N,538.7180000000003
CHEMBL268887,CCNCC1CCN(c2c(F)cc3c(=O)c(C(=O)O)cn(-c4ccc(F)cc4)c3c2F)C1,CCNCC1CCN(c2c(F)cc3c(=O)c(C(=O)O)cn(-c4ccc(F)cc4)c3c2F)C1,FXQNQEKWVGWJLT-UHFFFAOYSA-N,445.4410000000001
CHEMBL9741,CCCCCCCN1CCC(COC(c2ccccc2)c2ccccc2)CC1,CCCCCCCN1CCC(COC(c2ccccc2)c2ccccc2)CC1,HQKRIUARAITANA-UHFFFAOYSA-N,379.58800000000014
CHEMBL268683,CNC(N)c1ccc(C[C@@H](NC(=O)CNS(=O)(=O)c2ccc3ccccc3c2)C(=O)N2CCCCC2)cc1,CNC(N)c1ccc(C[C@@H](NC(=O)CNS(=O)(=O)c2ccc3ccccc3c2)C(=O)N2CCCCC2)cc1,HROCVSSGJITHAQ-CSMDKSQMSA-N,537.6860000000005
CHEMBL9118,CC[C@H]1OC(=O)CC(O)[C@H](C)[C@@H](O[C@@H]2O[C@H](C)C[C@H](N(C)C)[C@H]2O)[C@@H](CCN(CC)CC)C[C@@H](C)C(=O)/C=C/[C@]2(C)O[C@H]2[C@@H]1C,CC[C@H]1OC(=O)CC(O)[C@H](C)[C@@H](O[C@@H]2O[C@H](C)C[C@H](N(C)C)[C@H]2O)[C@@H](CCN(CC)CC)C[C@@H](C)C(=O)/C=C/[C@]2(C)O[C@H]2[C@@H]1C,GTKFJFWBDGHPGI-RPMVFPDXSA-N,638.8870000000004
CHEMBL6885,Nc1ccc2nc(N)nc(N)c2c1,Nc1ccc2nc(N)nc(N)c2c1,LJBWEZVYRBKOCI-UHFFFAOYSA-N,175.19500000000002
CHEMBL268403,NC1=NC(c2ccccc2F)Cc2ccccc21,NC1=NC(c2ccccc2F)Cc2ccccc21,XVFZTEAZCMAZMP-UHFFFAOYSA-N,240.28099999999995
CHEMBL6469,C[C@]1(/C=C\C#N)[C@H](C(=O)[O-])N2C(=O)[C@@H](CO)[C@H]2S1(=O)=O.[Na+],C[C@]1(/C=C\C#N)[C@H](C(=O)[O-])N2C(=O)[C@@H](CO)[C@H]2S1(=O)=O,NZNHTQCXWOAKDT-QORJOZBASA-M,299.28400000000005
CHEMBL9248,CC[C@H]1OC(=O)CC(O)[C@H](C)[C@@H](O[C@@H]2O[C@H](C)C[C@H](N(C)C)[C@H]2O)[C@@H](CCN2CCCC2)C[C@@H](C)C(=O)/C=C/C(C)=C/[C@@H]1C,CC[C@H]1OC(=O)CC(O)[C@H](C)[C@@H](O[C@@H]2O[C@H](C)C[C@H](N(C)C)[C@H]2O)[C@@H](CCN2CCCC2)C[C@@H](C)C(=O)/C=C/C(C)=C/[C@@H]1C,WPDLJDLIVLHYKP-VLGOSVMCSA-N,620.8720000000004
CHEMBL267504,COC(=O)C1=NN2C(=O)Nc3cc(Cl)c(Cl)cc3C2C1,COC(=O)C1=NN2C(=O)Nc3cc(Cl)c(Cl)cc3C2C1,RBHAKXWQKABHBO-UHFFFAOYSA-N,314.1280000000001
CHEMBL269133,CCCC(C)NC(=O)OCC1CN(C(=O)c2cc(OC)c(OC)c(OC)c2)CCN1C(=O)c1cc(OC)c(OC)c(OC)c1,CCCC(C)NC(=O)OCC1CN(C(=O)c2cc(OC)c(OC)c(OC)c2)CCN1C(=O)c1cc(OC)c(OC)c(OC)c1,SGVUFQYRNRMBDS-UHFFFAOYSA-N,617.6960000000003
CHEMBL8252,COC(=O)[C@]12CCC(C)(C)CC1C1C(=O)C=C3[C@@]4(C)C=C(C(=O)O)C(=O)C(C)(C)[C@@H]4CC[C@@]3(C)[C@]1(C)CC2,COC(=O)[C@]12CCC(C)(C)CC1C1C(=O)C=C3[C@@]4(C)C=C(C(=O)O)C(=O)C(C)(C)[C@@H]4CC[C@@]3(C)[C@]1(C)CC2,GDGLLAIROCGCFV-WVVCWRGISA-N,524.6980000000004
CHEMBL8652,CCC(C)(C)c1cc(/C=C/c2cccnc2)cc(C(C)(C)CC)c1O,CCC(C)(C)c1cc(/C=C/c2cccnc2)cc(C(C)(C)CC)c1O,YCCDUTQGSUSILQ-VAWYXSNFSA-N,337.5070000000001
CHEMBL6594,Cc1cc(CCCCCOc2c(Cl)cc(C3=NCCO3)cc2Cl)on1,Cc1cc(CCCCCOc2c(Cl)cc(C3=NCCO3)cc2Cl)on1,JJDHAOLOHQTGMG-UHFFFAOYSA-N,383.27500000000015
CHEMBL266220,O=C(C1CCCCN1)N1CCN(Cc2ccncc2)CC1,O=C(C1CCCCN1)N1CCN(Cc2ccncc2)CC1,GUHWAALAWWMKDC-UHFFFAOYSA-N,288.3950000000001
CHEMBL8013,N=C(CP(=O)([O-])[O-])NCCC(=O)O.[Na+].[Na+],N=C(CP(=O)([O-])[O-])NCCC(=O)O,UFRHJDYSEPPTTJ-UHFFFAOYSA-L,208.10999999999996
CHEMBL8935,FC(F)(F)c1ccc(Sc2ccc(NC3=NCCN3)cc2)cc1,FC(F)(F)c1ccc(Sc2ccc(NC3=NCCN3)cc2)cc1,FTNQLOBIHBFXGY-UHFFFAOYSA-N,337.37000000000006
CHEMBL6396,Cc1cc(O)nc2c3c(ccc12)OC(C)(C)[C@H](OC(=O)C12CCC(C)(C(=O)O1)C2(C)C)[C@@H]3OC(=O)C12CCC(C)(C(=O)O1)C2(C)C,Cc1cc(O)nc2c3c(ccc12)OC(C)(C)[C@H](OC(=O)C12CCC(C)(C(=O)O1)C2(C)C)[C@@H]3OC(=O)C12CCC(C)(C(=O)O1)C2(C)C,QUNWSCRURXSLAV-QFSSIGTRSA-N,635.7100000000003
CHEMBL269163,O=C(/C=C/c1ccccc1Cl)c1ccc(O)cc1,O=C(/C=C/c1ccccc1Cl)c1ccc(O)cc1,GTSKIPKSVPFFLB-JXMROGBWSA-N,258.704
CHEMBL7810,COc1cc(O)c2c(=O)c(-c3cccc(Cl)c3)cn(CCc3ccccc3)c2c1,COc1cc(O)c2c(=O)c(-c3cccc(Cl)c3)cn(CCc3ccccc3)c2c1,YEELQJLZRMCLAG-UHFFFAOYSA-N,405.88100000000014
CHEMBL9099,CCOC(=O)/C=C(C)/C(F)=C/C=C(C)/C=C/c1c(Cl)cc(OC)c(C)c1C,CCOC(=O)/C=C(C)/C(F)=C/C=C(C)/C=C/c1c(Cl)cc(OC)c(C)c1C,CWGBOAHFBDDIBF-MTIYHWQOSA-N,392.89800000000014
CHEMBL6994,Cc1c(N2C[C@H](C3(N)CC3)C(F)(F)C2)c(F)c(N)c2c(=O)c(C(=O)O)cn([C@@H]3C[C@@H]3F)c12,Cc1c(N2C[C@H](C3(N)CC3)C(F)(F)C2)c(F)c(N)c2c(=O)c(C(=O)O)cn([C@@H]3C[C@@H]3F)c12,HSWSGNKZTJKOSA-QJPTWQEYSA-N,454.4240000000002
CHEMBL8178,Cc1nc(O)c(N)cc1-c1ccc(-n2ccnc2)cc1,Cc1nc(O)c(N)cc1-c1ccc(-n2ccnc2)cc1,LCVFEQPUMAUHPP-UHFFFAOYSA-N,266.30400000000003
CHEMBL267220,CC(CCc1ccccc1)NCC(O)COc1ccc(CCOCC2CCC2)cc1,CC(CCc1ccccc1)NCC(O)COc1ccc(CCOCC2CCC2)cc1,IYSSLVYNZYSAIT-UHFFFAOYSA-N,411.5860000000003
CHEMBL7795,Cc1noc2c(Cl)c3c(cc12)CC(C(=O)O)O3,Cc1noc2c(Cl)c3c(cc12)CC(C(=O)O)O3,MRHUPUABEQCYFM-UHFFFAOYSA-N,253.641
CHEMBL274413,CC(C)(CN1C(=O)c2cccc3cccc(c23)C1=O)C[N+](C)(C)CCCCCC[N+](C)(C)CCCN1C(=O)c2ccccc2C1=O.[Br-].[Br-],CC(C)(CN1C(=O)c2cccc3cccc(c23)C1=O)C[N+](C)(C)CCCCCC[N+](C)(C)CCCN1C(=O)c2ccccc2C1=O,JUFKZJDUYOXXML-UHFFFAOYSA-N,626.8420000000004
CHEMBL9228,CCCCN(CCCC)CC(=O)N1C[C@@H](c2ccc3c(c2)OCO3)[C@H](C(=O)O)[C@H]1c1ccc(OC)cc1,CCCCN(CCCC)CC(=O)N1C[C@@H](c2ccc3c(c2)OCO3)[C@H](C(=O)O)[C@H]1c1ccc(OC)cc1,JUONOKQDVODJLD-MXSCXNJPSA-N,510.63100000000026
CHEMBL9520,Nc1ccccc1/N=C(\S)Nc1ccccc1N,Nc1ccccc1/N=C(\S)Nc1ccccc1N,YDCHZQDCEFMJTK-UHFFFAOYSA-N,258.35
CHEMBL266984,O=C1[C@@H](NS(=O)(=O)c2ccc(-c3ccon3)s2)CCN1Cc1cc2cc[nH]cc-2n1,O=C1[C@@H](NS(=O)(=O)c2ccc(-c3ccon3)s2)CCN1Cc1cc2cc[nH]cc-2n1,ZEYYFTJJSDUGPX-HNNXBMFYSA-N,443.5100000000002
CHEMBL8461,C=C1CC(c2ccccc2)OC1=O,C=C1CC(c2ccccc2)OC1=O,QQZWJUGXPKGMND-UHFFFAOYSA-N,174.19899999999996
CHEMBL268529,Cn1cc(C2=C(c3cn(CCN)c4ccccc34)C(=O)NC2=O)c2ccccc21,Cn1cc(C2=C(c3cn(CCN)c4ccccc34)C(=O)NC2=O)c2ccccc21,OZVIXSLTRMYODX-UHFFFAOYSA-N,384.4390000000001
CHEMBL9636,CN1CCC23c4c5ccc(O)c4OC2[C@H](O)[C@](CO)(CCc2ccccc2)CC3C1C5,CN1CCC23c4c5ccc(O)c4OC2[C@H](O)[C@](CO)(CCc2ccccc2)CC3C1C5,ZELXTDSEXKEECP-RSXNRGPVSA-N,421.5370000000002
CHEMBL7826,CCCCc1nc(C(=O)OCC)c(C(=O)OCC)n1Cc1ccc(-c2ccccc2-c2nn[nH]n2)cc1,CCCCc1nc(C(=O)OCC)c(C(=O)OCC)n1Cc1ccc(-c2ccccc2-c2nn[nH]n2)cc1,XUQDJOQXEHZVAU-UHFFFAOYSA-N,502.57500000000016
CHEMBL266557,CCOC(=O)c1cccc(NC(=O)NNc2nc3ccccc3c(=O)n2-c2ccc(Cl)c(Cl)c2)c1,CCOC(=O)c1cccc(NC(=O)NNc2nc3ccccc3c(=O)n2-c2ccc(Cl)c(Cl)c2)c1,KVRLNPFFLBVSGJ-UHFFFAOYSA-N,512.3530000000002
CHEMBL268115,CC(C)[C@@H]1CC[C@]2(C(=O)O)CC[C@]3(C)[C@H](CC[C@@H]4[C@@]5(C)CC[C@H](OC(=O)C(C)(C)CC(=O)O)C(C)(C)[C@@H]5CC[C@]43C)[C@@H]12,CC(C)[C@@H]1CC[C@]2(C(=O)O)CC[C@]3(C)[C@H](CC[C@@H]4[C@@]5(C)CC[C@H](OC(=O)C(C)(C)CC(=O)O)C(C)(C)[C@@H]5CC[C@]43C)[C@@H]12,JQTXXLPQZJUCSQ-WRFMNRASSA-N,586.8540000000003
CHEMBL266979,CCCCC(C)(O)C/C=C/[C@H]1[C@H](O)CC(=O)[C@@H]1CC/C=C\CCC(=O)OC,CCCCC(C)(O)C/C=C/[C@H]1[C@H](O)CC(=O)[C@@H]1CC/C=C\CCC(=O)OC,CIBHDGPIOICRGX-ZQCHCGQNSA-N,380.5250000000002
CHEMBL417244,COc1ccc2c3c1OC1[C@H]4OC[C@@]4(CCCc4ccccc4)CC4C(C2)N(CC2CCC2)CCC341,COc1ccc2c3c1OC1[C@H]4OC[C@@]4(CCCc4ccccc4)CC4C(C2)N(CC2CCC2)CCC341,JLJBPQCBCSAYOQ-QOEBWKIUSA-N,485.66800000000035
CHEMBL6965,COc1ccc2ccc3oc([N+](=O)[O-])cc3c2c1OC,COc1ccc2ccc3oc([N+](=O)[O-])cc3c2c1OC,WYFNATANRSCXOC-UHFFFAOYSA-N,273.24399999999997
CHEMBL7607,O=C1c2ccc(OCc3ccccc3)cc2CCC1CCN1CCC(c2ccccc2)CC1,O=C1c2ccc(OCc3ccccc3)cc2CCC1CCN1CCC(c2ccccc2)CC1,CYZOBDVPCDGVGS-UHFFFAOYSA-N,439.59900000000033
CHEMBL8608,O=C(CCCCCCCCCCBr)CC(=O)N[C@H]1CCOC1=O,O=C(CCCCCCCCCCBr)CC(=O)N[C@H]1CCOC1=O,HITQIRLWGOWKEQ-HNNXBMFYSA-N,390.3180000000002
CHEMBL274118,CC(=O)N(CC(=O)O)c1ccc(Cl)cc1,CC(=O)N(CC(=O)O)c1ccc(Cl)cc1,ZGNWAMZWJGOIAU-UHFFFAOYSA-N,227.64700000000002
CHEMBL8699,COCC(=O)N1N=C(c2ccc(N)cc2)c2cc3c(cc2CC1C)OCO3,COCC(=O)N1N=C(c2ccc(N)cc2)c2cc3c(cc2CC1C)OCO3,YVRMLRKWKYMHJQ-UHFFFAOYSA-N,367.4050000000002
CHEMBL6985,c1ccc(-c2nc3c([nH]2)CCOc2ccccc2-3)cc1,c1ccc(-c2nc3c([nH]2)CCOc2ccccc2-3)cc1,HLFWKNALKQTOQJ-UHFFFAOYSA-N,262.31199999999995
CHEMBL9883,Clc1ccc(Sc2ccc(NC3=NCCN3)cc2)cc1,Clc1ccc(Sc2ccc(NC3=NCCN3)cc2)cc1,XBWWFMWPJCKVEN-UHFFFAOYSA-N,303.818
CHEMBL7349,Cc1oc(-c2ccccc2)nc1COc1cccc(C#CC(C)n2oc(=O)[nH]c2=O)c1,Cc1oc(-c2ccccc2)nc1COc1cccc(C#CC(C)n2oc(=O)[nH]c2=O)c1,HJMDRBWKKVNCMQ-UHFFFAOYSA-N,417.42100000000016
CHEMBL8607,CC(=O)N(CC(=O)O)c1ccc([N+](=O)[O-])cc1,CC(=O)N(CC(=O)O)c1ccc([N+](=O)[O-])cc1,AIDUVQSRLOCSLR-UHFFFAOYSA-N,238.199
CHEMBL266541,O=C1N(CN2CCCC2)c2ccccc2C12OCCO2,O=C1N(CN2CCCC2)c2ccccc2C12OCCO2,GFINNYVMSIFFAB-UHFFFAOYSA-N,274.32000000000005
CHEMBL9562,CN(C(=O)CN)c1ccc(Cl)cc1C(=O)c1c(Cl)cccc1Cl.Cl,CN(C(=O)CN)c1ccc(Cl)cc1C(=O)c1c(Cl)cccc1Cl,SZHSENNQOQSFEA-UHFFFAOYSA-N,371.65100000000007
CHEMBL9079,Cn1cc(-c2csc(C(N)=O)n2)c2c1C(=O)C=C(N)C2=O,Cn1cc(-c2csc(C(N)=O)n2)c2c1C(=O)C=C(N)C2=O,VQVRACWMNPUNIC-UHFFFAOYSA-N,302.31500000000005
CHEMBL269733,CN(N=O)c1cc(O)ccc1O,CN(N=O)c1cc(O)ccc1O,HCJOLYFWJWJPTJ-UHFFFAOYSA-N,168.152
CHEMBL9855,CCCN(C)c1c(N[C@@H](Cc2ccc(NC(=O)c3c(Cl)cncc3Cl)cc2)C(=O)O)c(=O)c1=O,CCCN(C)c1c(N[C@@H](Cc2ccc(NC(=O)c3c(Cl)cncc3Cl)cc2)C(=O)O)c(=O)c1=O,OSNQUPAEVQKVCT-INIZCTEOSA-N,505.3580000000002
CHEMBL416142,O=C(Nc1ccc(Cl)cc1Cl)OC(Cn1ccnc1)c1ccc(Cl)cc1Cl,O=C(Nc1ccc(Cl)cc1Cl)OC(Cn1ccnc1)c1ccc(Cl)cc1Cl,QEAYWQUFAJAIBT-UHFFFAOYSA-N,445.13300000000015
CHEMBL6693,Nc1nc(N)c2c(S(=O)(=O)c3ccc4ccccc4c3)cccc2n1,Nc1nc(N)c2c(S(=O)(=O)c3ccc4ccccc4c3)cccc2n1,GVFOXCQJLIDWKA-UHFFFAOYSA-N,350.4030000000001
CHEMBL7511,Nc1nc2ccc(Cl)cc2c2nc(C3CCCO3)nn12,Nc1nc2ccc(Cl)cc2c2nc(C3CCCO3)nn12,BVFLWFQFKAPQFY-UHFFFAOYSA-N,289.72599999999994
CHEMBL6665,O=c1c(-c2ccc(O)cc2O)coc2cc(O)cc(O)c12,O=c1c(-c2ccc(O)cc2O)coc2cc(O)cc(O)c12,GSSOWCUOWLMMRJ-UHFFFAOYSA-N,286.23900000000003
CHEMBL7516,Cc1cccc(Cn2cnc3c(N(C)C)ncnc32)c1,Cc1cccc(Cn2cnc3c(N(C)C)ncnc32)c1,PWDRZNAEANKJAF-UHFFFAOYSA-N,267.336
CHEMBL7801,Oc1c(-c2cccc(Cl)c2)cnc2ccccc12,Oc1c(-c2cccc(Cl)c2)cnc2ccccc12,UIHKBJZDQJFFDS-UHFFFAOYSA-N,255.704
CHEMBL415485,CC(=O)[C@H]1O[C@@H](Oc2ccc(/C=C(\C)C(=O)N[C@H]3C4OC(C5OCOC54)[C@H]3O)cc2O)[C@@H](O)[C@@H]1O,CC(=O)[C@H]1O[C@@H](Oc2ccc(/C=C(\C)C(=O)N[C@H]3C4OC(C5OCOC54)[C@H]3O)cc2O)[C@@H](O)[C@@H]1O,RLSCCFFKLQQDQC-OZQRZYFBSA-N,493.4650000000002
CHEMBL8001,O=C1OC(=O)C2CC=CCC12,O=C1OC(=O)C2CC=CCC12,KMOUUZVZFBCRAM-UHFFFAOYSA-N,152.14899999999997
CHEMBL269254,CCCCc1oc2ccccc2c1COc1cccc(/C(C)=C/Cn2oc(=O)[nH]c2=O)c1,CCCCc1oc2ccccc2c1COc1cccc(/C(C)=C/Cn2oc(=O)[nH]c2=O)c1,RRTCWSDHRZBKEL-GHRIWEEISA-N,434.4920000000002
CHEMBL269497,Cc1cccc(Sc2cncc3sc(C(N)=O)cc23)c1,Cc1cccc(Sc2cncc3sc(C(N)=O)cc23)c1,UACRFIVYIWIGPW-UHFFFAOYSA-N,300.4080000000001
CHEMBL7025,Oc1[nH]c(Br)nc2nncc1-2,Oc1[nH]c(Br)nc2nncc1-2,KNSQVDBTBPZNPJ-UHFFFAOYSA-N,215.01
CHEMBL266056,O=C(c1ccccc1)C(Cc1ccc(C(F)(F)P(=O)(O)O)cc1)(Cc1ccc(C(F)(F)P(=O)(O)O)cc1)c1ccccc1,O=C(c1ccccc1)C(Cc1ccc(C(F)(F)P(=O)(O)O)cc1)(Cc1ccc(C(F)(F)P(=O)(O)O)cc1)c1ccccc1,IZDWSIZSMHRZPZ-UHFFFAOYSA-N,636.4710000000002
CHEMBL8489,O=C(NCCCCCCn1ccnc1)c1ccc(Cl)s1,O=C(NCCCCCCn1ccnc1)c1ccc(Cl)s1,VCJHUDQRUNCWKB-UHFFFAOYSA-N,311.8380000000001
CHEMBL267807,Cc1cn(C2CC(O)C(CNS(=O)(=O)CBr)O2)c(=O)[nH]c1=O,Cc1cn(C2CC(O)C(CNS(=O)(=O)CBr)O2)c(=O)[nH]c1=O,XIXHUSKWDOKIOI-UHFFFAOYSA-N,398.23500000000007
CHEMBL266458,O=c1oc2cc(O)c(O)cc2c2cc(O)c(O)cc12,O=c1oc2cc(O)c(O)cc2c2cc(O)c(O)cc12,OSFIGXJLZQHGJN-UHFFFAOYSA-N,260.20099999999996
CHEMBL9654,O=C1C2=CCC[C@@]1(O)C#C/C=C\C#C[C@@H]2O,O=C1C2=CCC[C@@]1(O)C#C/C=C\C#C[C@@H]2O,NRSBQPLJKFSDJK-ASPPQYHASA-N,214.22
CHEMBL7353,CCCCCNC(=O)NS(=O)(=O)c1cc([N+](=O)[O-])ccc1NC1CCCCC1,CCCCCNC(=O)NS(=O)(=O)c1cc([N+](=O)[O-])ccc1NC1CCCCC1,WNIPBGJWMANRGA-UHFFFAOYSA-N,412.5120000000003
CHEMBL8245,c1ccc2c(c1)c(C1=NCC3(CN4CCC3CC4)O1)cn2CC1CC1,c1ccc2c(c1)c(C1=NCC3(CN4CCC3CC4)O1)cn2CC1CC1,BESMUVURBIHFQF-UHFFFAOYSA-N,335.451
CHEMBL267298,Cc1cccc2c(C3=NCC4(CN5CCC4CC5)O3)cn(C)c12,Cc1cccc2c(C3=NCC4(CN5CCC4CC5)O3)cn(C)c12,RRKUMVTXGWOHMC-UHFFFAOYSA-N,309.41299999999995
CHEMBL269090,CCCc1cc(=O)oc2c3c(c4c(c12)OC(C)(C)C=C4)O[C@H](C)[C@@H](C)C3=O,CCCc1cc(=O)oc2c3c(c4c(c12)OC(C)(C)C=C4)O[C@H](C)[C@@H](C)C3=O,HQVBDUZROQMWRN-VXGBXAGGSA-N,368.4290000000001
CHEMBL9320,C=CCCCCC(=O)O[C@H](CC=C(C)C)C1=CC(=O)c2c(O)ccc(O)c2C1=O,C=CCCCCC(=O)O[C@H](CC=C(C)C)C1=CC(=O)c2c(O)ccc(O)c2C1=O,MTRXHGPZYWPECW-LJQANCHMSA-N,398.45500000000015
CHEMBL264212,CCCN(CCN1C(=O)c2ccccc2C1=O)C1COc2cccc(OC)c2C1,CCCN(CCN1C(=O)c2ccccc2C1=O)C1COc2cccc(OC)c2C1,IWAURPBNJCOTMU-UHFFFAOYSA-N,394.47100000000023
CHEMBL6982,Cc1oc(-c2ccc(C(F)(F)F)cc2)nc1COc1cccc(/C(=C/Cn2oc(=O)[nH]c2=O)C2CCCCC2)c1,Cc1oc(-c2ccc(C(F)(F)F)cc2)nc1COc1cccc(/C(=C/Cn2oc(=O)[nH]c2=O)C2CCCCC2)c1,NFKIAGHCEOESJC-ZVHZXABRSA-N,555.5530000000001
CHEMBL8266,CCCCN1CCCC(c2cccc(O)c2)C1,CCCCN1CCCC(c2cccc(O)c2)C1,ITXBDHMIXPKNIE-UHFFFAOYSA-N,233.355
CHEMBL266040,CC(=O)N[C@@H](C(=O)N1CCC[C@H]1C(=O)NCc1ccc(C(=N)NN)s1)C(c1ccccc1)c1ccccc1,CC(=O)N[C@@H](C(=O)N1CCC[C@H]1C(=O)NCc1ccc(C(=N)NN)s1)C(c1ccccc1)c1ccccc1,JFZYCDPARKZQMZ-WIOPSUGQSA-N,532.6700000000002
CHEMBL8166,Brc1ccc(-c2ccc(Br)cc2)cc1,Brc1ccc(-c2ccc(Br)cc2)cc1,HQJQYILBCQPYBI-UHFFFAOYSA-N,312.004
CHEMBL6359,COc1cc(C(=O)N2CCN(C(=O)c3cc(OC)c(OC)c(OC)c3)C(COC(=O)NC(C)(C)C)C2)cc(OC)c1OC,COc1cc(C(=O)N2CCN(C(=O)c3cc(OC)c(OC)c(OC)c3)C(COC(=O)NC(C)(C)C)C2)cc(OC)c1OC,SOMBNBNRGKHTPF-UHFFFAOYSA-N,603.6690000000003
CHEMBL6914,C/C(=C\c1cccc(OCc2nc(-c3ccc(C(F)(F)F)cc3)oc2C)c1)Cn1oc(=O)[nH]c1=O,C/C(=C\c1cccc(OCc2nc(-c3ccc(C(F)(F)F)cc3)oc2C)c1)Cn1oc(=O)[nH]c1=O,JTRNAMLFQVOYJP-GXDHUFHOSA-N,487.4340000000002
CHEMBL8884,CCCCCC1CC1CC1CC1CC1CC1CC1CC1CCCC(=O)O,CCCCCC1CC1CC1CC1CC1CC1CC1CC1CCCC(=O)O,VOEQWJRVRYMVGK-UHFFFAOYSA-N,360.58200000000016
CHEMBL8806,CCCC(=O)O[C@H](CC=C(C)C)C1=CC(=O)c2c(O)ccc(O)c2C1=O,CCCC(=O)O[C@H](CC=C(C)C)C1=CC(=O)c2c(O)ccc(O)c2C1=O,FMXUZLUFNDEQPM-MRXNPFEDSA-N,358.39000000000004
CHEMBL9768,COc1cnc(C[S+]([O-])c2nc3cc4c(cc3[nH]2)OC(F)(F)O4)cc1OC,COc1cnc(C[S+]([O-])c2nc3cc4c(cc3[nH]2)OC(F)(F)O4)cc1OC,AAJYURZARXDQCX-UHFFFAOYSA-N,397.3590000000001
CHEMBL276664,CC[C@@H]1/C=C(\C)C[C@H](C)C[C@H](OC)[C@H]2O[C@@](O)(C(=O)C(=O)N3CCCC[C@H]3C(=O)O[C@H](/C(C)=C/[C@@H]3CC[C@@H](Oc4cccc(C)c4)[C@H](OC)C3)[C@H](C)[C@@H](O)CC1=O)[C@H](C)C[C@@H]2OC,CC[C@@H]1/C=C(\C)C[C@H](C)C[C@H](OC)[C@H]2O[C@@](O)(C(=O)C(=O)N3CCCC[C@H]3C(=O)O[C@H](/C(C)=C/[C@@H]3CC[C@@H](Oc4cccc(C)c4)[C@H](OC)C3)[C@H](C)[C@@H](O)CC1=O)[C@H](C)C[C@@H]2OC,DPZQMNKLWIOQAD-NCGCXJITSA-N,882.1450000000001
CHEMBL7005,CC1(C)N=C(N)N=C(N)N1c1ccc(F)cc1,CC1(C)N=C(N)N=C(N)N1c1ccc(F)cc1,IFLSKJWEERCMHE-UHFFFAOYSA-N,235.26600000000002
CHEMBL269371,NCCCCNc1ccc2c(CNCCO)nn3c4cccc(O)c4c(=O)c1c23,NCCCCNc1ccc2c(CNCCO)nn3c4cccc(O)c4c(=O)c1c23,MLALAUOKSFGZOH-UHFFFAOYSA-N,395.46300000000014
CHEMBL273255,Cc1ccc2c(c1)C(=O)N(CC(C)(C)C[N+](C)(C)CCCCCC[N+](C)(C)CC(C)(C)CN1C(=O)c3ccccc3C1=O)C2=O.[Br-].[Br-],Cc1ccc2c(c1)C(=O)N(CC(C)(C)C[N+](C)(C)CCCCCC[N+](C)(C)CC(C)(C)CN1C(=O)c3ccccc3C1=O)C2=O,USJMGKAPZJFWKU-UHFFFAOYSA-N,618.8630000000005
CHEMBL9093,CCCCCCCC/C=C\CCCCCCCCOC(=O)N(CCCCCCCCCCCC)CC(F)F,CCCCCCCC/C=C\CCCCCCCCOC(=O)N(CCCCCCCCCCCC)CC(F)F,OWQIAWMFVFPFQX-MSUUIHNZSA-N,543.8680000000006
CHEMBL9674,CCCCCCCN(C)/N=N/c1ccc(C(=O)O)cc1,CCCCCCCN(C)/N=N/c1ccc(C(=O)O)cc1,DNHSRCVYAJUUOK-WUKNDPDISA-N,277.368
CHEMBL266523,Cc1cccc(NC(=O)NNc2nc3ccccc3c(=O)n2-c2cccc(F)c2)c1,Cc1cccc(NC(=O)NNc2nc3ccccc3c(=O)n2-c2cccc(F)c2)c1,MLGXHTVLQTVYMP-UHFFFAOYSA-N,403.41700000000014
CHEMBL9746,Cc1ccccc1N1CCNCC1,Cc1ccccc1N1CCNCC1,WICKLEOONJPMEQ-UHFFFAOYSA-N,176.26299999999998
CHEMBL8793,O=C(NCCCn1cnc(-c2ccccc2)c1)c1ccc(Cl)s1,O=C(NCCCn1cnc(-c2ccccc2)c1)c1ccc(Cl)s1,IHQNZBHTLCZZFX-UHFFFAOYSA-N,345.855
CHEMBL269655,C=C1CC(CC)(CC)OC1=O,C=C1CC(CC)(CC)OC1=O,GNWSZEDESCQTFB-UHFFFAOYSA-N,154.20899999999997
CHEMBL268744,CN(C)CCCNC(=O)c1cc(NC(=O)c2cc(NC(=O)c3cc(NC(=O)Cn4cc(C5=C(c6c[nH]c7ccccc67)C(=O)NC5=O)c5ccccc54)cn3C)cn2C)cn1C,CN(C)CCCNC(=O)c1cc(NC(=O)c2cc(NC(=O)c3cc(NC(=O)Cn4cc(C5=C(c6c[nH]c7ccccc67)C(=O)NC5=O)c5ccccc54)cn3C)cn2C)cn1C,DWVIAXXXIJXIJD-UHFFFAOYSA-N,835.9259999999999
CHEMBL429555,Cc1cc(O)c(C(C)C)cc1C1OCCc2ccccc21,Cc1cc(O)c(C(C)C)cc1C1OCCc2ccccc21,AMTBSEZODRHWRU-UHFFFAOYSA-N,282.383
CHEMBL267206,O=[N+]([O-])c1cc2c(cc3ccc4cccc5ccc2c3c45)o1,O=[N+]([O-])c1cc2c(cc3ccc4cccc5ccc2c3c45)o1,WHFLEYTWERSAMD-UHFFFAOYSA-N,287.27400000000006
CHEMBL9183,COCCOCCN1C[C@@H](c2ccc3c(c2)OCO3)[C@H](C(=O)O)[C@H]1c1ccc(OC)cc1,COCCOCCN1C[C@@H](c2ccc3c(c2)OCO3)[C@H](C(=O)O)[C@H]1c1ccc(OC)cc1,PUULHSKEAHPNQB-AJSBUHFISA-N,443.4960000000002
CHEMBL7622,CC(C)NCC(O)COC(=O)c1ccccc1Cl,CC(C)NCC(O)COC(=O)c1ccccc1Cl,IWEVUPMVOUVQAC-UHFFFAOYSA-N,271.744
CHEMBL6828,CCOC(=O)C1=C(O)C(=O)N(Cc2ccccn2)C1,CCOC(=O)C1=C(O)C(=O)N(Cc2ccccn2)C1,GDEFMBAXQUJLLI-UHFFFAOYSA-N,262.26500000000004
CHEMBL7046,C/C(=C\Cc1nnn[nH]1)c1cccc(OCc2nc(-c3ccc(OC(F)(F)F)cc3)oc2C)c1,C/C(=C\Cc1nnn[nH]1)c1cccc(OCc2nc(-c3ccc(OC(F)(F)F)cc3)oc2C)c1,STPUZSKIOBUIEH-MKMNVTDBSA-N,471.4390000000002
CHEMBL7461,CCOC(=O)C1=C(O)C(=O)N(CCc2ccccc2)C1,CCOC(=O)C1=C(O)C(=O)N(CCc2ccccc2)C1,UQXNDJGPNMLFQG-UHFFFAOYSA-N,275.30400000000003
CHEMBL429401,CCn1cc(C2=NCC3(CN4CCC3CC4)O2)c2ccccc21,CCn1cc(C2=NCC3(CN4CCC3CC4)O2)c2ccccc21,HQSDGCAZUNCTGQ-UHFFFAOYSA-N,309.41299999999995
CHEMBL6812,Cc1c(NC(=O)Cc2ccc(Cl)c(Cl)c2)ccc2nc(N)nc(N)c12,Cc1c(NC(=O)Cc2ccc(Cl)c(Cl)c2)ccc2nc(N)nc(N)c12,CERIHBDDMDRFHT-UHFFFAOYSA-N,376.2470000000001
CHEMBL9620,C=Cc1c(C)nn(CCCN2CCN(c3cccc(Cl)c3)CC2)c(=O)c1N,C=Cc1c(C)nn(CCCN2CCN(c3cccc(Cl)c3)CC2)c(=O)c1N,AZAMVQDPSRGHIK-UHFFFAOYSA-N,387.9150000000002
CHEMBL8679,O=C(NCCCn1ccnc1)c1cc2ccccc2o1,O=C(NCCCn1ccnc1)c1cc2ccccc2o1,HPZOOQXHLMXNNR-UHFFFAOYSA-N,269.30400000000003
CHEMBL7750,CC(C)(CNC(=O)C1CCCCC1)NCC(O)COC(=O)c1ccccc1F,CC(C)(CNC(=O)C1CCCCC1)NCC(O)COC(=O)c1ccccc1F,DWAJAFXXKDWCLL-UHFFFAOYSA-N,394.487
CHEMBL7290,CN1Cc2c(C(=O)OC(C)(C)C)ncn2-c2ccc([N+](=O)[O-])cc2C1=O,CN1Cc2c(C(=O)OC(C)(C)C)ncn2-c2ccc([N+](=O)[O-])cc2C1=O,RELKUIIVWKRWEL-UHFFFAOYSA-N,358.35400000000016
CHEMBL428670,CC(=O)NC1C(O)OC(COC(C)=O)C(OC(C)=O)C1O[C@H](C)C(=O)N[C@@H](C)C(=O)NC(CCC(=O)O)C(N)=O,CC(=O)NC1C(O)OC(COC(C)=O)C(OC(C)=O)C1O[C@H](C)C(=O)N[C@@H](C)C(=O)NC(CCC(=O)O)C(N)=O,IXFYVLJOEMIELH-IKNGLANKSA-N,576.5560000000003
CHEMBL269278,COc1ccc(CCNCC(O)COC(=O)c2ccc(F)cc2)cc1OC,COc1ccc(CCNCC(O)COC(=O)c2ccc(F)cc2)cc1OC,CIPMWZRHLSAGAX-UHFFFAOYSA-N,377.4120000000001
CHEMBL428996,CC(C)CN(Cc1ccccc1-c1ccccc1)[C@@H]1C[C@@H](CNC(=O)c2ccc(/C=C3\SC(=O)NC3=O)cc2)N(C(=O)c2ccccc2C(=O)c2ccc(F)cc2)C1,CC(C)CN(Cc1ccccc1-c1ccccc1)[C@@H]1C[C@@H](CNC(=O)c2ccc(/C=C3\SC(=O)NC3=O)cc2)N(C(=O)c2ccccc2C(=O)c2ccc(F)cc2)C1,KSTGYGUALIWURS-JSQBRMMTSA-N,794.9490000000001
CHEMBL6807,C=C(Br)COc1noc2c1CNCC2.Cl,C=C(Br)COc1noc2c1CNCC2,RIKKDXXIIAHBAP-UHFFFAOYSA-N,259.103
CHEMBL266552,CCCc1cc(=O)oc2c3c(c4c(c12)OC(C)(C)C=C4)OC(C)(C)[C@H](C)[C@H]3O,CCCc1cc(=O)oc2c3c(c4c(c12)OC(C)(C)C=C4)OC(C)(C)[C@H](C)[C@H]3O,JRIRWIZWQKILPT-KZULUSFZSA-N,384.4720000000001
CHEMBL447229,COc1ccc(CCNC(C)C2CCC3C4CC=C5CC(O)CCC5(C)C4CCC23C)cc1,COc1ccc(CCNC(C)C2CCC3C4CC=C5CC(O)CCC5(C)C4CCC23C)cc1,UQVCERFHXAIEJZ-UHFFFAOYSA-N,451.69500000000033
CHEMBL8214,CCCCc1cc(OC)c(CC(C)N)cc1OC,CCCCc1cc(OC)c(CC(C)N)cc1OC,NGVDYAULSQKEGW-UHFFFAOYSA-N,251.36999999999995
CHEMBL8219,CCN(CC)CCNc1ccc2ncn3c4c(OC)ccc(O)c4c(=O)c1c23,CCN(CC)CCNc1ccc2ncn3c4c(OC)ccc(O)c4c(=O)c1c23,AWMRRELRWBHCHQ-UHFFFAOYSA-N,380.4480000000002
CHEMBL7243,[S-]c1nc2ccccc2c2cccc[n+]12,[S-]c1nc2ccccc2c2cccc[n+]12,UHLQCWJMWNTQNR-UHFFFAOYSA-N,212.277
CHEMBL269141,COc1ccc([C@@H]2[C@@H](C(=O)O)[C@H](c3ccc4c(c3)OCO4)CN2CC(=O)N(CCC(C)C)CCC(C)C)cc1,COc1ccc([C@@H]2[C@@H](C(=O)O)[C@H](c3ccc4c(c3)OCO4)CN2CC(=O)N(CCC(C)C)CCC(C)C)cc1,OHMZTHZRNDTINA-JPHFWNGBSA-N,538.6850000000005
CHEMBL9399,CCOc1ccc(C(=O)c2ccc3n2CCC3C(=O)O)cc1,CCOc1ccc(C(=O)c2ccc3n2CCC3C(=O)O)cc1,AAMLNSOOKQMCSS-UHFFFAOYSA-N,299.32599999999996
CHEMBL267718,CCOC(=O)c1ccc(NC(=O)Nc2ccc3c(c2)C(C)(C)CC(C)(C)O3)cc1,CCOC(=O)c1ccc(NC(=O)Nc2ccc3c(c2)C(C)(C)CC(C)(C)O3)cc1,JNHLRYJLQNJDEH-UHFFFAOYSA-N,396.4870000000002
CHEMBL268179,CC(=O)OCC1=C(C(=O)O)N2C(=O)[C@@H](NC(=O)CN(OCc3cccc(Cl)c3)C(=O)Nc3ccccc3)C2SC1,CC(=O)OCC1=C(C(=O)O)N2C(=O)[C@@H](NC(=O)CN(OCc3cccc(Cl)c3)C(=O)Nc3ccccc3)C2SC1,ASRYXCDIYMFVRX-CILPGNKCSA-N,589.0260000000002
CHEMBL269103,C=Cc1c(C)nn(-c2ccccc2)c1-c1ccccc1,C=Cc1c(C)nn(-c2ccccc2)c1-c1ccccc1,JHBQJBUYCAMGRV-UHFFFAOYSA-N,260.34000000000003
CHEMBL9492,N#Cc1cccc(NC(=O)NNc2nc3ccccc3c(=O)n2-c2ccccc2)c1,N#Cc1cccc(NC(=O)NNc2nc3ccccc3c(=O)n2-c2ccccc2)c1,HFBMZGINBOQMIT-UHFFFAOYSA-N,396.41000000000014
CHEMBL418520,CO[C@@H]1[C@@H](OC2OC(C)C(OC3CC(C)(O)C(OC(=O)CC(C)C)C(C)O3)C(N(C)C)C2O)[C@@H](CC=O)C[C@@H](C)C(=O)/C=C/C=C/C[C@@H](C)OC(=O)C[C@H]1OC(C)=O,CO[C@@H]1[C@@H](OC2OC(C)C(OC3CC(C)(O)C(OC(=O)CC(C)C)C(C)O3)C(N(C)C)C2O)[C@@H](CC=O)C[C@@H](C)C(=O)/C=C/C=C/C[C@@H](C)OC(=O)C[C@H]1OC(C)=O,ZRNXEMIDBIPJDC-PBNNBXSRSA-N,825.9900000000001
CHEMBL269383,CCCCNC(=O)C(=O)[C@H](Cc1ccccc1)NC(=O)C1=Cc2cc3c(cc2S(=O)(=O)N1CC)OCCO3,CCCCNC(=O)C(=O)[C@H](Cc1ccccc1)NC(=O)C1=Cc2cc3c(cc2S(=O)(=O)N1CC)OCCO3,DIKNOIHZCQZNQL-FQEVSTJZSA-N,541.6260000000003
CHEMBL269019,COc1ccc(S(=O)(=O)N2CN(C3CCCCC3)C(=O)C[C@@H]2C(=O)NO)cc1,COc1ccc(S(=O)(=O)N2CN(C3CCCCC3)C(=O)C[C@@H]2C(=O)NO)cc1,RCXJWFMVFQBLSC-MRXNPFEDSA-N,411.48000000000013
CHEMBL268356,CCOC(=O)c1cccc(N2C(N)=NC(N)=NC2(C)C)c1,CCOC(=O)c1cccc(N2C(N)=NC(N)=NC2(C)C)c1,KOIZYLPTQAKUHQ-UHFFFAOYSA-N,289.339
CHEMBL7967,CC1(C(=O)Nc2ccc(-c3ccccc3S(N)(=O)=O)cc2)CC(c2cccc(C(=N)N)c2)=NO1,CC1(C(=O)Nc2ccc(-c3ccccc3S(N)(=O)=O)cc2)CC(c2cccc(C(=N)N)c2)=NO1,WTULADZJJBGGRF-UHFFFAOYSA-N,477.5460000000002
CHEMBL7216,Cc1cc(-c2c(F)cc3c(=O)c(Cc4ccncc4)cn(C4CC4)c3c2F)cc(C)n1,Cc1cc(-c2c(F)cc3c(=O)c(Cc4ccncc4)cn(C4CC4)c3c2F)cc(C)n1,XGRBIGDWUKUGIQ-UHFFFAOYSA-N,417.4590000000002
CHEMBL275591,CC(=O)Nc1ccc(/C=C/c2ccccc2)cc1,CC(=O)Nc1ccc(/C=C/c2ccccc2)cc1,XWVCGVPSPHTRHE-BQYQJAHWSA-N,237.30200000000002
CHEMBL9103,O=C(NCCCn1ccnc1)c1cccs1,O=C(NCCCn1ccnc1)c1cccs1,QHFGJEMEDDBUEO-UHFFFAOYSA-N,235.312
CHEMBL9011,COc1ccc(C(=O)c2cc(OC)c(OC)c(OC)c2)c(N)c1,COc1ccc(C(=O)c2cc(OC)c(OC)c(OC)c2)c(N)c1,BBIRXLUOHUDFHM-UHFFFAOYSA-N,317.341
