"assay_id","n_compounds","dataset_role","document_id","year","assay_summary","source_id"
"CHEMBL5735476","275","primary","CHEMBL5727829","2020","FLIPR/CHO; cinnamaldehyde; ChEMBL EC50","S01"
"CHEMBL5733104","244","primary","CHEMBL5726658","2019","Whole-cell electrophysiology; EPC-9/EPC-10","S02"
"CHEMBL5737786","181","primary","CHEMBL5728946","2022","FLIPR/CHO; cinnamaldehyde; ChEMBL EC80; 20 min","S03"
"CHEMBL5735477","169","primary","CHEMBL5727829","2020","FLIPR/CHO; cinnamaldehyde; paired assay","S01"
"CHEMBL5735475","150","primary","CHEMBL5727828","2020","FLIPR/CHO; cinnamaldehyde; EC80","S04"
"CHEMBL5735474","131","primary","CHEMBL5727828","2020","FLIPR/CHO; cinnamaldehyde; EC80","S04"
"CHEMBL5736402","108","primary","CHEMBL5728262","2021","FLIPR/CHO; cinnamaldehyde; 20 min","S05"
"CHEMBL3887573","97","sensitivity","CHEMBL3886359","2015","Radiometric 45Ca assay; CHO; AITC","S06"
"CHEMBL5734964","51","primary","CHEMBL5727588","2020","293T; Calcium 4/FDSS7000; AITC","S07"
"CHEMBL5735742","33","primary","CHEMBL5727953","2020","FLIPR/CHO; cinnamaldehyde","S10"
"CHEMBL5318377","33","primary","CHEMBL5316309","2023","CHO-K1 hTRPA1 GCaMP6; FLIPR","S08"
"CHEMBL3299551","33","primary","CHEMBL3297713","2014","CHO-TREX; cinnamaldehyde; FLIPR","S09"
"CHEMBL2071976","28","primary","CHEMBL2069204","2012","Ca2+-activated calcium flux","S11"
"CHEMBL3789590","28","primary","CHEMBL3784976","2016","AITC; Fluo-4; FLIPR; CHO","S12"
"CHEMBL2071975","27","primary","CHEMBL2069204","2012","Zn2+-activated calcium flux","S11"
"CHEMBL4036813","23","primary","CHEMBL4033760","2017","PatchXpress electrophysiology","S14"
"CHEMBL5739043","23","sensitivity","CHEMBL5729590","2023","Calcium 6; FLIPR; AITC","S13"
"CHEMBL3300585","22","primary","CHEMBL3297644","2014","HEK293-T-REx; Fluo-4 NW","S16"
"CHEMBL5737489","22","sensitivity","CHEMBL5728802","2021","Calcium 6; FLIPR; AITC","S15"
"CHEMBL1944172","21","primary","CHEMBL1938315","2012","HEK293; dibenzazepine ester; fluorometry","S17"
"CHEMBL4049011","20","primary","CHEMBL4043298","2018","HEK293; cinnamaldehyde; FLIPR; 20 min in ChEMBL","S18"
"CHEMBL4190659","19","primary","CHEMBL4190175","2016","Full-length human TRPA1; PatchXpress","S19"
"CHEMBL3888736","18","sensitivity","CHEMBL3886811","2016","FLIPR dose-response; cinnamaldehyde","S20"
"CHEMBL5739380","18","sensitivity","CHEMBL5729732","2023","Calcium 6; FLIPR; AITC 10 uM in ChEMBL","S21"
"CHEMBL3364861","17","primary","CHEMBL3352245","2014","HEK293-T-REx; Fluo-4 NW","S22"
"CHEMBL3222891","15","primary","CHEMBL3217709","2012","TRPA1 antagonist assay; sparse context","S23"
"CHEMBL3706106","15","sensitivity","CHEMBL3639113","2015","FLIPR calcium assay; AITC","S24"
"CHEMBL1949457","14","primary","CHEMBL1944607","2012","Human IMR90; acrolein calcium response","S25"
"CHEMBL3757221","13","primary","CHEMBL3751794","2016","Human TRPA1 inhibition; sparse context","S26"
"CHEMBL4347276","12","primary","CHEMBL4346663","2019","HEK293; cinnamaldehyde; Fluo-4 AM","S27"
"CHEMBL3888572","12","sensitivity","CHEMBL3886764","2016","FLIPR dose-response; cinnamaldehyde","S28"
"CHEMBL5577374","12","primary","CHEMBL5576088","2024","HEK293; AITC 5 uM; Fluo-4 AM","S29"
"CHEMBL5318380","11","primary","CHEMBL5316309","2023","Human wild-type TRPA1; CHO-K1; GCaMP6","S08"
"CHEMBL5360087","11","primary","CHEMBL5357058","2024","HEK293; AITC; FLIPR; ChEMBL 5 min","S30"
"CHEMBL5731467","10","primary","CHEMBL5725783","2017","CHO/FDSS fluorescence; cinnamaldehyde","S31"
"CHEMBL3363074","10","primary","CHEMBL3352604","2014","AITC-induced 45Ca uptake","S32"
"CHEMBL4837096","10","primary","CHEMBL4834489","2021","HEK293T; AITC; FLIPR","S33"
"CHEMBL1118499","9","primary","CHEMBL1155439","2010","AITC-induced intracellular calcium influx","S34"
"CHEMBL3858029","8","primary","CHEMBL3856226","2016","Manual patch clamp; cinnamaldehyde","S35"
"CHEMBL4828020","8","primary","CHEMBL4825747","2021","CHO; calcium FLIPR assay","S36"
"CHEMBL1118226","7","primary","CHEMBL1155439","2010","CHO; cinnamaldehyde-induced calcium influx","S34"
"CHEMBL3791636","7","primary","CHEMBL3784976","2016","CHO T-REx; AITC; 45Ca uptake","S12"
"CHEMBL5096638","6","excluded","CHEMBL5096151","2021","Desensitization assay; isothiocyanate","S37"
"CHEMBL5126028","6","primary","CHEMBL5120955","2022","HEK293; AITC; FLIPR","S38"
"CHEMBL5142855","6","primary","CHEMBL5137102","2022","HEK293; AITC; FLIPR Tetra","S39"
"CHEMBL5621665","6","primary","CHEMBL5620371","2023","TRPA1 inhibition; sparse context","S40"
"CHEMBL5732578","6","excluded","CHEMBL5726382","2017","AITC FLIPR; excluded due to duplicate evidence","S41"
"CHEMBL1118227","5","sensitivity","CHEMBL1155439","2010","Generic TRPA1 antagonist activity","S34"
"CHEMBL5737447","5","sensitivity","CHEMBL5728782","2021","Whole-cell electrophysiology; EPC-9/EPC-10","S42"
"CHEMBL1118500","4","primary","CHEMBL1155439","2010","AITC-induced currents","S34"
"CHEMBL1118501","4","primary","CHEMBL1155439","2010","Noxious-cold activation","S34"
"CHEMBL5708945","4","primary","CHEMBL5705895","2012","HEK293F; mustard oil 30 uM; FLIPR","S43"
"CHEMBL4190624","3","excluded","CHEMBL4190175","2016","oS5 chimera","S19"
"CHEMBL5096639","3","excluded","CHEMBL5096151","2021","Desensitization assay; icilin","S37"
"CHEMBL5680872","3","primary","CHEMBL5678803","2011","HEK293F; AITC; FLIPR","S44"
"CHEMBL1049520","2","primary","CHEMBL1153159","2010","HEK293; 45Ca influx","S45"
"CHEMBL1118734","2","primary","CHEMBL1155439","2010","4-HNE-induced response","S34"
"CHEMBL2422134","2","primary","CHEMBL2417435","2013","TRPA1 FLIPR assay; sparse context","S46"
"CHEMBL3299560","2","primary","CHEMBL3297713","2014","CHO-TREX; AITC; FLIPR","S09"
"CHEMBL3299561","2","primary","CHEMBL3297713","2014","CHO-TREX; dibenzoxazepine agonist","S09"
"CHEMBL4022626","2","primary","CHEMBL4020807","2017","TRPA1 inhibition; sparse context","S47"
"CHEMBL4036824","2","primary","CHEMBL4033760","2017","Calcium-flux FLIPR assay","S14"
"CHEMBL4347272","2","primary","CHEMBL4346663","2019","HEK293; AITC 5 uM","S27"
"CHEMBL5577360","2","primary","CHEMBL5576088","2024","HEK293; AITC 10 uM; Fluo-4 AM","S29"
"CHEMBL5680929","2","primary","CHEMBL5678803","2011","TRPA1 antagonist assay; sparse context","S44"
"CHEMBL5680930","2","excluded","CHEMBL5678803","2011","HEK293; AITC","S44"
"CHEMBL1118233","1","primary","CHEMBL1155439","2010","URB597-induced calcium influx","S34"
"CHEMBL1118234","1","primary","CHEMBL1155439","2010","Nifedipine-induced calcium influx","S34"
"CHEMBL1118735","1","primary","CHEMBL1155439","2010","Cinnamaldehyde-induced response","S34"
"CHEMBL1118736","1","primary","CHEMBL1155439","2010","Trinitrophenol-induced response","S34"
"CHEMBL1118737","1","primary","CHEMBL1155439","2010","Hypertonic 400 mOsm response","S34"
"CHEMBL1118738","1","primary","CHEMBL1155439","2010","Formalin-induced calcium influx","S34"
"CHEMBL1118739","1","primary","CHEMBL1155439","2010","HEK293; cinnamaldehyde; FLIPR","S34"
"CHEMBL1118740","1","primary","CHEMBL1155439","2010","HEK293; AITC; FLIPR","S34"
"CHEMBL1949463","1","excluded","CHEMBL1944607","2012","CHO calcium assay","S25"
"CHEMBL2328091","1","excluded","CHEMBL2321869","2013","HEK293; FLIPR","S48"
"CHEMBL2433975","1","primary","CHEMBL2429801","2013","Mustard-oil-activated current","S49"
"CHEMBL3299550","1","primary","CHEMBL3297713","2014","Generic TRPA1 antagonist assay","S09"
"CHEMBL3757748","1","primary","CHEMBL3751759","2016","HEK293; AITC calcium assay","S50"
"CHEMBL4022611","1","primary","CHEMBL4020807","2017","HEK293; AITC; Fluo-4","S47"
"CHEMBL4022625","1","primary","CHEMBL4020807","2017","Whole-cell patch clamp; AITC","S47"
"CHEMBL4036817","1","excluded","CHEMBL4033760","2017","oS5 chimera; PatchXpress","S14"
"CHEMBL4190621","1","excluded","CHEMBL4190175","2016","oS5 chimera; PatchXpress","S19"
"CHEMBL4190628","1","primary","CHEMBL4190175","2016","Human TRPA1 electrophysiology","S19"
"CHEMBL4347295","1","excluded","CHEMBL4346663","2019","HEK293F; AITC 30 uM","S27"
"CHEMBL4347296","1","excluded","CHEMBL4346663","2019","CHO; cinnamaldehyde 50 uM","S27"
"CHEMBL4880071","1","primary","CHEMBL4507256","2021","FLIPR-based Ca2+ assay","S51"
"CHEMBL4880072","1","primary","CHEMBL4507256","2021","Electrophysiology; AITC 100 uM","S51"
"CHEMBL4885651","1","primary","CHEMBL4507328","2021","FLIPR Ca2+ assay","S52"
"CHEMBL4885657","1","primary","CHEMBL4507328","2021","Human TRPA1 electrophysiology","S52"
"CHEMBL5210282","1","primary","CHEMBL5210121","2023","HEK293F electrophysiology; AITC 100 uM","S53"
"CHEMBL5210580","1","primary","CHEMBL5210307","2023","FLIPR Ca2+ assay; ChEMBL says AITC 30 uM","S54"
"CHEMBL5577372","1","primary","CHEMBL5576088","2024","HEK293; AITC; Fluo-4 AM","S29"
"CHEMBL5577382","1","excluded","CHEMBL5576088","2024","Generic human TRPA1 activity","S29"
"CHEMBL5680880","1","primary","CHEMBL5678803","2011","GFP-human TRPA1 HEK293F; AITC; -60 mV","S44"
"CHEMBL6104158","1","primary","CHEMBL6103546","2025","T-REx-293; AITC; patch clamp","S55"
"CHEMBL6104159","1","primary","CHEMBL6103546","2025","CHO human TRPA1; AITC fluorescence","S55"