assay_chembl_id,description,assay_type,assay_organism,document_chembl_id,confidence_score,bao_format,cell_chembl_id,n_records,n_unique_molecules,n_exact_ic50,n_interval_ic50,n_right_censored_ic50,n_left_censored_ic50,n_text_inactive,n_single_point_inhibition,n_missing_structure,n_potential_duplicate
CHEMBL1049520,Antagonist activity at human TRPA1 expressed in HEK293 cells assessed as [45]Ca2+ influx by microbeta plate count,F,Homo sapiens,CHEMBL1153159,9,BAO_0000219,CHEMBL3307715,8,8,2,0,0,0,0,0,0,0
CHEMBL1118226,Antagonist activity at human TRPA1 channel expressed in CHO cells assessed as inhibition of cinnamaldehyde-induced intracellular calcium influx,F,Homo sapiens,CHEMBL1155439,9,BAO_0000219,CHEMBL3308072,12,12,7,0,5,0,0,0,0,0
CHEMBL1118227,Antagonist activity at TRPA1 channel,F,,CHEMBL1155439,8,BAO_0000019,,6,6,5,0,0,1,0,0,0,0
CHEMBL1118233,Antagonist activity at human TRPA1 channel assessed as inhibition of URB597-induced intracellular calcium influx,F,Homo sapiens,CHEMBL1155439,9,BAO_0000219,,1,1,1,0,0,0,0,0,0,0
CHEMBL1118234,Antagonist activity at human TRPA1 channel assessed as inhibition of nifedipine-induced intracellular calcium influx,F,Homo sapiens,CHEMBL1155439,9,BAO_0000219,,1,1,1,0,0,0,0,0,0,0
CHEMBL1118499,Antagonist activity at human TRPA1 channel assessed as inhibition of allyl isothiocyanate-induced intracellular calcium influx,F,Homo sapiens,CHEMBL1155439,9,BAO_0000219,,17,17,9,0,0,8,0,0,0,0
CHEMBL1118500,Antagonist activity at human TRPA1 channel assessed as inhibition of allyl isothiocyanate-induced currents,F,Homo sapiens,CHEMBL1155439,9,BAO_0000019,,4,4,4,0,0,0,0,0,0,0
CHEMBL1118501,Antagonist activity at human TRPA1 channel assessed as inhibition of noxious cold-induced receptor activation,F,Homo sapiens,CHEMBL1155439,9,BAO_0000019,,4,4,4,0,0,0,0,0,0,0
CHEMBL1118734,Antagonist activity at human TRPA1 channel assessed as inhibition of 4-hydroxy-2-nonenal-induced response,F,Homo sapiens,CHEMBL1155439,9,BAO_0000019,,2,2,2,0,0,0,0,0,0,0
CHEMBL1118735,Antagonist activity at human TRPA1 channel assessed as inhibition of cynnamaldehyde-induced response,F,Homo sapiens,CHEMBL1155439,9,BAO_0000019,,1,1,1,0,0,0,0,0,0,0
CHEMBL1118736,Antagonist activity at human TRPA1 channel assessed as inhibition of trinitrophenol-induced response,F,Homo sapiens,CHEMBL1155439,9,BAO_0000019,,1,1,1,0,0,0,0,0,0,0
CHEMBL1118737,Antagonist activity at human TRPA1 channel assessed as inhibition of hypertonic solution of 400 mOsm-induced response,F,Homo sapiens,CHEMBL1155439,9,BAO_0000019,,1,1,1,0,0,0,0,0,0,0
CHEMBL1118738,Antagonist activity at human TRPA1 channel assessed as inhibition of formalin-induced intracellular calcium influx,F,Homo sapiens,CHEMBL1155439,9,BAO_0000219,,1,1,1,0,0,0,0,0,0,0
CHEMBL1118739,Antagonist activity at human TRPA1 channel expressed in HEK293 cells assessed as inhibition of cinnamaldehyde-induced intracellular calcium influx by FLIPR,F,Homo sapiens,CHEMBL1155439,9,BAO_0000219,CHEMBL3307715,1,1,1,0,0,0,0,0,0,0
CHEMBL1118740,Antagonist activity at human TRPA1 channel expressed in HEK293 cells assessed as inhibition of allyl isothiocyanate-induced intracellular calcium influx by FLIPR,F,Homo sapiens,CHEMBL1155439,9,BAO_0000219,CHEMBL3307715,1,1,1,0,0,0,0,0,0,0
CHEMBL1944172,"Antagonist activity at human TRPA1 expressed in HEK293 cells assessed as inhibition of 5H-dibenzo[b,e]azepine-10-carboxylic acid methyl ester-induced increase in intracellular calcium by Fluo4-AM based fluorometric assay",F,Homo sapiens,CHEMBL1938315,9,BAO_0000219,CHEMBL3307715,41,41,21,0,20,0,0,0,0,0
CHEMBL1949457,Antagonist activity at human TRPA1 expressed in human IMR90 cells assessed as inhibition of acrolein-induced calcium influx after 40 mins by fluorescence analysis,F,Homo sapiens,CHEMBL1944607,9,BAO_0000219,CHEMBL3307985,16,14,14,0,0,0,0,2,0,1
CHEMBL1949463,Antagonist activity at human TRPA1 expressed in CHO cells assessed as inhibition of calcium influx,F,Homo sapiens,CHEMBL1944607,9,BAO_0000219,CHEMBL3308072,1,1,1,0,0,0,0,0,0,1
CHEMBL2071975,Antagonist activity at human TRPA1 expressed in HEK293 cells assessed as inhibition of Zn2+-induced intracellular calcium flux by FLIPR assay,F,Homo sapiens,CHEMBL2069204,9,BAO_0000219,CHEMBL3307715,45,43,28,0,0,0,10,3,0,0
CHEMBL2071976,Antagonist activity at human TRPA1 expressed in HEK293 cells assessed as inhibition of Ca2+-induced intracellular calcium flux by FLIPR assay,F,Homo sapiens,CHEMBL2069204,9,BAO_0000219,CHEMBL3307715,45,43,29,0,0,0,12,0,0,0
CHEMBL2328091,Inhibition of human TRPA1 expressed in HEK293 cells after 10 mins by FLIPR assay,B,Homo sapiens,CHEMBL2321869,9,BAO_0000219,CHEMBL3307715,1,1,1,0,0,0,0,0,0,1
CHEMBL2422134,Inhibition of TRPA1 (unknown origin) by FLIPR assay,B,Homo sapiens,CHEMBL2417435,9,BAO_0000357,,2,2,2,0,0,0,0,0,0,0
CHEMBL2433975,Antagonist activity at TRPA1 (unknown origin) assessed as inhibition of mustard oil-activated current,B,Homo sapiens,CHEMBL2429801,9,BAO_0000357,,1,1,1,0,0,0,0,0,0,0
CHEMBL3222891,Antagonist activity at TRPA1 (unknown origin),B,Homo sapiens,CHEMBL3217709,9,BAO_0000357,,15,15,15,0,0,0,0,0,0,0
CHEMBL3299550,Antagonist activity at TRPA1 (unknown origin),B,Homo sapiens,CHEMBL3297713,9,BAO_0000357,,1,1,1,0,0,0,0,0,0,0
CHEMBL3299551,Antagonist activity at human TRPA1 expressed in CHO-TREX cells assessed as inhibition of cinnamaldehyde-induced calcium flux incubated 10 mins prior to cinnamaldehyde addition by FLIPR assay relative to control,B,Homo sapiens,CHEMBL3297713,9,BAO_0000219,,67,35,33,0,2,0,0,32,0,0
CHEMBL3299560,Antagonist activity at human TRPA1 expressed in CHO-TREX cells assessed as inhibition of allyl isothiocyanate-induced calcium flux incubated 10 mins prior to allyl isothiocyanate addition by FLIPR assay relative to control,B,Homo sapiens,CHEMBL3297713,9,BAO_0000219,,4,2,2,0,0,0,0,2,0,0
CHEMBL3299561,"Antagonist activity at human TRPA1 expressed in CHO-TREX cells assessed as inhibition of dibenzo[b,f ][1,4]oxazepine-4-carboxamide-induced calcium flux incubated 10 mins prior to dibenzo[b,f ][1,4]oxazepine-4-carboxamide addition by FLIPR assay relative to control",B,Homo sapiens,CHEMBL3297713,9,BAO_0000219,,4,2,2,0,0,0,0,2,0,0
CHEMBL3300585,Antagonist activity at human TRPA1 expressed in HEK293-TREx cells assessed as intracellular level after 48 of 72 hrs by Fluo-4 NW staining-based fluorescence analysis,B,Homo sapiens,CHEMBL3297644,9,BAO_0000219,,42,42,22,0,20,0,0,0,0,0
CHEMBL3363074,Antagonist activity at human TRPA1 assessed as inhibition of AITC-induced calcium uptake by [45Ca2+] fluorimetry assay,B,Homo sapiens,CHEMBL3352604,9,BAO_0000357,,13,13,10,0,3,0,0,0,0,0
CHEMBL3364861,Antagonist activity at human TRPA1 expressed in HEK293-TREx cells assessed as change in calcium level by Fluo-4NW assay,B,Homo sapiens,CHEMBL3352245,9,BAO_0000219,,22,22,17,0,5,0,0,0,0,0
CHEMBL3706106,"FLIPR Calcium Assay: Ca2+ influx was measured using a FLIPR calcium assay kit (R8033; Molecular Devices, Sunnyvale, Calif.). The Ca2+ indicator dye was dissolved in Hanks' balanced salt solution supplemented with 20 mM HEPES buffer (HBSS/HEPES) according to the manufacturer instructions. Prior to start of the assay, the medium was removed by aspiration, and cells were loaded with 100 μL Ca2+ dye for 2 to 3 hours at room temperature. AITC (allyl isothiocyanate) was used to activate and open the channels. (4×) solutions of the test compounds were prepared in HBSS/HEPES, and 50 μL were added to the cells at a delivery rate of 10 μL/sec. Changes in fluorescence were measured over time in a fluorometric imaging plate reader (FLIPR, Molecular Devices). Two additions were made over the course of an experimental run. For agonist experiments, assay buffer was added at the 10 s time point, followed by addition of agonist at the 3 minute 10 sec time point.",B,,CHEMBL3639113,8,BAO_0000019,,19,19,15,0,4,0,0,0,0,0
CHEMBL3757221,Inhibition of human TRPA1,B,Homo sapiens,CHEMBL3751794,9,BAO_0000357,,20,20,13,0,7,0,0,0,0,0
CHEMBL3757748,Antagonist activity at human TRPA1 expressed in HEK293 cells assessed as inhibition of allyl isothiocyanate-induced increase of intracellular calcium level,B,Homo sapiens,CHEMBL3751759,9,BAO_0000219,CHEMBL3307715,1,1,1,0,0,0,0,0,0,0
CHEMBL3789590,Antagonist activity at human TRPA1 expressed in tetracycline-inducible T-REx expression system transfected CHO cells assessed as inhibition of AITC-induced Ca2+ influx preincubated for 2 mins followed by AITC addition measured for 2 mins by Fluo-4 dye based FLIPR assay,B,Homo sapiens,CHEMBL3784976,9,BAO_0000219,CHEMBL3308072,34,34,28,0,5,0,0,0,0,0
CHEMBL3791636,Antagonist activity at human TRPA1 expressed in tetracycline-inducible T-REx expression system transfected CHO cells assessed as inhibition of AITC-induced 45Ca2+ uptake preincubated for 1 min followed by AITC addition measured after 12 mins,B,Homo sapiens,CHEMBL3784976,9,BAO_0000219,CHEMBL3308072,7,7,7,0,0,0,0,0,0,0
CHEMBL3858029,Inhibition of cinnamaldehyde-activated full length human TRPA1 channel expressed in 293T-Rex cells monitored at 5 sec interval by manual patch clamp electrophysiological method,B,Homo sapiens,CHEMBL3856226,9,BAO_0000219,,8,8,8,0,0,0,0,0,0,0
CHEMBL3887573,"Radiometric Calcium Assay: The inhibition of TRPA1 receptor activation was measured as inhibition of allylisothiocyanate (AITC) induced cellular uptake of radioactive calcium. Test compounds were dissolved in DMSO to prepare 10 mM stock solution and then diluted using plain medium with 0.1% BSA and 1.8 mM CaCl2 to get desired concentration. Final concentration of DMSO in the reaction was 0.5% (v/v). Human TRPA1 expressing CHO cells were grown in F-12 DMEM medium with 10% FBS, 1% penicillin-streptomycin solution, and 400 ug/ml of G-418. Cells were seeded 24 h prior to the assay in 96 well plates so as to get 50,000 cells per well on the day of experiment. Cells were treated with test compounds for 10 min followed by addition of AITC at a final concentration of 30 micromolar and 5 uCi/ml 45Ca+2 for 3 min at 25° C. Cells were washed and lysed using buffer containing 1% Triton X-100, 0.1% deoxycholate and 0.1% SDS. Radioactivity in the lysate was measured in Packard Top count.",B,,CHEMBL3886359,8,BAO_0000219,CHEMBL3308072,104,103,104,0,0,0,0,0,6,0
CHEMBL3888572,"Dose Response Assay: Compound plates were resuspended with 100 ul of HBSS/20 mM HEPES/0.005% BSA buffer (Compound Buffer): column 1A-H: buffer/DMSO (bk); column 2A-H: AP-18 (control antagonist for CHOK1 TRPA1 cells); column 1I-P: ATP (control for CHOK1 teton cells); column 2 I-P: 2APB (control antagonist for CHOK1/TRPM8 cells). Growth media was removed from the cell plates (20 ul) and 20 ul of the Replacement Buffer was added followed by addition of 25 ul of diluted dye. All three steps were performed using a Plate Washer BioTek 407. The plates were then incubated for 30' at RT. After incubation, both the cell and compound plates were brought to the FLIPR and 20 ul of the diluted compounds/antagonist/bk were transferred to the cell plates by the FLIPR. Plates were then incubated for 30' at room temperature. After 30' incubation, plates were returned to the FLIPR and 20 ul of 4.5× Cinnamaldehyde was added to the cell plates. During the compound addition as well as agonist addition, fluorescence readings were taken simultaneously from all 384 wells of the cell plate every 1.5 seconds. Five readings were taken to establish a stable baseline, then 20 ul of sample was rapidly (30 ul/sec) and simultaneously added to each well of the cell plate. The fluorescence was continuously monitored before, during and after sample/agonist addition for a total elapsed time of 100 seconds (compound addition) and 120 seconds (agonist addition).",B,,CHEMBL3886764,8,BAO_0000019,,12,12,12,0,0,0,0,0,0,0
CHEMBL3888736,"Dose Response Assay: Harvested cells with 0.025% trypsin/EDTA. Resuspended cells in growth media without selection antibiotics. Measured cell density and diluted to 2.4×10^5 cells/ml in media containing 1 μg/ml Doxycycline Plate 25 μl/well into 384 well black/clear tissue culture-treated plates. Incubated overnight at 37° C. Growth media was removed from the cell plates (20 μl) and 20 μl of the Replacement Buffer was added followed by addition of 25 μl of diluted dye. All three steps were performed using a Plate Washer BioTek 407. The plates were then incubated for 30' at RT. After incubation, both the cell and compound plates were brought to the FLIPR and 20 μl of the diluted compounds/antagonist/bk were transferred to the cell plates by the FLIPR. Plates were then incubated for 30' at room temperature. After 30' incubation, plates were returned to the FLIPR and 20 ul of 4.5× Cinnamaldehyde was added to the cell plates. During the compound addition as well as agonist addition, fluorescence readings were taken simultaneously from all 384 wells of the cell plate every 1.5 seconds. Five readings were taken to establish a stable baseline, then 20 μl of sample was rapidly (30 μl/sec) and simultaneously added to each well of the cell plate. The fluorescence was continuously monitored before, during and after sample/agonist addition for a total elapsed time of 100 seconds (compound addition) and 120 seconds (agonist addition).",B,,CHEMBL3886811,8,BAO_0000019,,18,18,18,0,0,0,0,0,0,0
CHEMBL4022611,Inhibition of human TRPA1 expressed in HEK293 cells assessed as decrease in AITC-induced calcium influx preincubated for 6 mins followed by AITC addition measured for 1 min by Fluo-4 dye-based assay,B,Homo sapiens,CHEMBL4020807,9,BAO_0000219,CHEMBL3307715,9,9,1,0,8,0,0,0,0,0
CHEMBL4022625,Inhibition of human TRPA1 expressed in HEK293 cells assessed as decrease in AITC-induced current response by whole cell patch clamp method,B,Homo sapiens,CHEMBL4020807,9,BAO_0000219,CHEMBL3307715,1,1,1,0,0,0,0,0,0,0
CHEMBL4022626,Inhibition of TRPA1 (unknown origin),B,Homo sapiens,CHEMBL4020807,9,BAO_0000357,,2,2,2,0,0,0,0,0,0,0
CHEMBL4036813,Inhibition of full length human TRPA1 at a holding potential of 15 mV measured after 1 min by PatchXpress electrophysiology assay,B,Homo sapiens,CHEMBL4033760,9,BAO_0000357,,27,27,23,0,4,0,0,0,0,0
CHEMBL4036817,Inhibition of full length human TRPA1 oS5 chimera at a holding potential of 15 mV measured after 1 min by PatchXpress electrophysiology assay,B,Homo sapiens,CHEMBL4033760,9,BAO_0000357,,1,1,1,0,0,0,0,0,0,0
CHEMBL4036824,Antagonist activity at human TRPA1 by calcium flux based FLIPR assay,B,Homo sapiens,CHEMBL4033760,9,BAO_0000357,,3,3,2,0,1,0,0,0,0,0
CHEMBL4049011,Inhibition of human TRPA1 expressed in HEK293 cells assessed as inhibition of cinnamaldehyde-induced Ca2+ influx preincubated for 20 mins followed by cinnamaldehyde induction by FLIPR assay,B,Homo sapiens,CHEMBL4043298,9,BAO_0000219,CHEMBL3307715,21,21,20,0,1,0,0,0,0,0
CHEMBL4190621,Antagonist activity at human TRPA1 oS5 chimera containing (870 to 896 residues) expressed in 293-T-REx cells at holding potential of 15 mV measured after 1 min by PatchXpress electrophysiology assay,B,Homo sapiens,CHEMBL4190175,9,BAO_0000219,,1,1,1,0,0,0,0,0,0,0
CHEMBL4190624,Antagonist activity at full length human TRPA1 oS5 chimera containing (870 to 896 residues) expressed in 293-T-REx cells by FLIPR assay,B,Homo sapiens,CHEMBL4190175,9,BAO_0000219,,10,10,3,0,7,0,0,0,0,0
CHEMBL4190628,Antagonist activity at human TRPA1 by electrophysiology assay,B,Homo sapiens,CHEMBL4190175,9,BAO_0000357,,1,1,1,0,0,0,0,0,0,0
CHEMBL4190659,Antagonist activity at full length human TRPA1 at holding potential of 15 mV measured after 1 min by PatchXpress electrophysiology assay,B,Homo sapiens,CHEMBL4190175,9,BAO_0000357,,24,24,19,0,5,0,0,0,0,0
CHEMBL4347272,Antagonist activity at human TRPA1 expressed in HEK293 cells assessed as inhibition of AITC-induced increase in calcium influx by fluorescence analysis in presence of 5 uM AITC,B,Homo sapiens,CHEMBL4346663,9,BAO_0000219,CHEMBL3307715,2,2,2,0,0,0,0,0,0,1
CHEMBL4347276,Antagonist activity at human TRPA1 expressed in HEK293 cells assessed as inhibition of CA-induced increase in calcium influx incubated for 10 mins prior to CA addition by Fluo-4-AM dye based fluorescence assayy,B,Homo sapiens,CHEMBL4346663,9,BAO_0000219,CHEMBL3307715,46,23,26,0,0,0,0,0,0,0
CHEMBL4347295,Antagonist activity at human TRPA1 expressed in HEK293F cells assessed as inhibition of AITC-induced increase in calcium influx by FLIPR analysis in presence of 30 uM AITC,B,Homo sapiens,CHEMBL4346663,9,BAO_0000219,,1,1,1,0,0,0,0,0,0,1
CHEMBL4347296,Antagonist activity at human TRPA1 expressed in CHO cells assessed as inhibition of CA-induced increase in calcium influx by Fluo-4 dye based FLIPR analysis in presence of 50 uM CA,B,Homo sapiens,CHEMBL4346663,9,BAO_0000219,CHEMBL3308072,1,1,1,0,0,0,0,0,0,1
CHEMBL4828020,Antagonist activity at human TRPA1 expressed in CHO cells measured by calcium based FLIPR assay,B,Homo sapiens,CHEMBL4825747,9,BAO_0000219,,8,8,8,0,0,0,0,0,0,3
CHEMBL4837096,Antagonist activity against human TRPA1 expressed in HEK293K cells assessed as inhibition of AITC-induced intracellular calcium accumulation measured after 120 mins by FLIPR assay,B,Homo sapiens,CHEMBL4834489,9,BAO_0000219,,10,10,10,0,0,0,0,0,0,0
CHEMBL4880071,Fluorometric imaging plate reader (FLIPR)-based Ca2+ assay,B,Homo sapiens,CHEMBL4507256,9,BAO_0000357,,2,2,1,0,1,0,1,0,0,0
CHEMBL4880072,"Electrophysiological assay: Blocking of AITC ( allylthiocyanate, 100 µmol/L)-evoked currents",B,Homo sapiens,CHEMBL4507256,9,BAO_0000357,,1,1,1,0,0,0,0,0,0,0
CHEMBL4885651,FLIPR Ca2+ assay (human TRAP1),B,Homo sapiens,CHEMBL4507328,9,BAO_0000357,,2,2,1,0,1,0,1,0,0,0
CHEMBL4885657,Ephys (human TRPA1),B,Homo sapiens,CHEMBL4507328,9,BAO_0000357,,1,1,1,0,0,0,0,0,0,0
CHEMBL5096638,Agonist activity at TRPA1 (unknown origin) channel desensitization in presence of isothiocyanate,B,Homo sapiens,CHEMBL5096151,9,BAO_0000357,,6,6,6,0,0,0,0,0,0,0
CHEMBL5096639,Agonist activity at TRPA1 (unknown origin) channel desensitization in presence of icilin,B,Homo sapiens,CHEMBL5096151,9,BAO_0000357,,3,3,3,0,0,0,0,0,0,0
CHEMBL5126028,Inhibition of human TRPA1 overexpressed in human HEK293 cells assessed as reduction in AITC-induced calcium influx incubated for 10 mins by FLIPR assay,B,Homo sapiens,CHEMBL5120955,9,BAO_0000219,,6,6,6,0,0,0,0,0,0,0
CHEMBL5142855,Inhibition of human TRPA1 expressed in HEK293 cells assessed as inhibition of AITC-induced intracellular calcium accumulation incubated for 10 mins by FLIPR-tetra assay,B,Homo sapiens,CHEMBL5137102,9,BAO_0000219,,6,6,6,0,0,0,0,0,0,0
CHEMBL5210282,"Affinity On-target Cellular interaction (Electrophysiological assay (inhibition of AITC (allylthiocyanate, 100 µmol/L)-evoked currents in HEK293F cells transiently overexpressing hTRPA1)) EUB0000308b TRPA1",B,Homo sapiens,CHEMBL5210121,9,BAO_0000219,,1,1,1,0,0,0,0,0,0,0
CHEMBL5210580,Affinity Biochemical interaction (FLIPR-based Ca2+ assay (activated by 30 µM AITC)) EUB0000308b TRPA1,B,Homo sapiens,CHEMBL5210307,9,BAO_0000357,,1,1,1,0,0,0,0,0,0,0
CHEMBL5318377,Antagonist activity at human TRPA1 channel expressed in CHO-K1 cells tagged with GCaMP6 by measuring calcium flux measured after 10 mins by FLIPR tetra analysis,B,Homo sapiens,CHEMBL5316309,9,BAO_0000219,,39,37,34,0,5,0,0,0,0,0
CHEMBL5318380,Antagonist activity at human wildtype TRPA1 channel expressed in CHO-K1 cells tagged with GCaMP6 by measuring calcium flux measured after 24 hrs by FLIPR tetra analysis,B,Homo sapiens,CHEMBL5316309,9,BAO_0000219,,11,11,11,0,0,0,0,0,0,0
CHEMBL5360087,Inhibition of human TRPA1 overexpressed in HEK293 cells assessed as reduction in AITC-induced calcium mobilization preincubated for 5 mins followed by AITC addition by FLIPR assay,B,Homo sapiens,CHEMBL5357058,9,BAO_0000219,,21,21,11,0,10,0,0,0,0,0
CHEMBL5577360,Antagonist activity at full length human TRPA1 expressed in HEK293 cells assessed as inhibition of AITC-induced intracellular Ca2+ flux in presence of 10 uM AITC by Fluo4-AM dye based fluorescence analysis,B,Homo sapiens,CHEMBL5576088,9,BAO_0000219,,3,3,3,0,0,0,0,0,0,0
CHEMBL5577372,Antagonist activity at full length human TRPA1 expressed in HEK293 cells assessed as inhibition of AITC-induced intracellular Ca2+ flux by Fluo4-AM dye based fluorescence analysis,B,Homo sapiens,CHEMBL5576088,9,BAO_0000219,,1,1,1,0,0,0,0,0,0,0
CHEMBL5577374,Antagonist activity at human TRPA1 expressed in HEK293 cells assessed as inhibition of AITC-induced intracellular Ca2+ flux in presence of 5 uM AITC by Fluo4-AM dye based fluorescence analysis,B,Homo sapiens,CHEMBL5576088,9,BAO_0000219,,37,37,12,0,0,0,15,0,0,0
CHEMBL5577382,Antagonist activity at human TRPA1,B,Homo sapiens,CHEMBL5576088,9,BAO_0000219,,1,1,1,0,0,0,0,0,0,1
CHEMBL5621665,Inhibition of TRPA1 (unknown origin),B,Homo sapiens,CHEMBL5620371,9,BAO_0000357,,6,6,6,0,0,0,0,0,0,0
CHEMBL5680872,Antagonist activity at recombinant human TRPA1 expressed in HEK293F cells assessed as reduction in AITC-induced increase in intracellular Ca2+ level by FLIPR-based Ca2+ assay,B,Homo sapiens,CHEMBL5678803,9,BAO_0000219,,4,3,3,0,0,0,0,0,0,0
CHEMBL5680880,Antagonist activity at GFP-tagged human TRPA1 transfected in HEK293F cells assessed as reduction in AITC-induced inward current at -60 mV holding potential by electrophysiological recordings,B,Homo sapiens,CHEMBL5678803,9,BAO_0000219,,2,1,1,0,0,0,0,0,0,0
CHEMBL5680929,Antagonist activity at TRPA1 (unknown origin),B,Homo sapiens,CHEMBL5678803,9,BAO_0000357,,2,2,2,0,0,0,0,0,0,1
CHEMBL5680930,Antagonist activity at human TRPA1 expressed in HEK293 cells assessed as inhibition of allyl isothiocyanate-induced increase in intracellular calcium level incubated for 1 hrs by FLIPR based analysis,B,Homo sapiens,CHEMBL5678803,9,BAO_0000219,,2,2,2,0,0,0,0,0,0,2
CHEMBL5708945,Antagonist activity at full length human TRPA1 transfected in HEK293F cells assessed as blockade of MO-induced TRPA1 channel activation by measuring Ca2+ influx in presence of 30 uM MO by FLIPR calcium assay,B,Homo sapiens,CHEMBL5705895,9,BAO_0000219,,6,6,5,0,1,0,0,0,0,1
CHEMBL5731467,"Fluorescence Assay: IC50s (effective concentration) of compounds on the human TRPA1 channel were determined using a Hamamatsu FDSS fluorescence plate reader. CHO cells expressing human TRPA1 were plated into 384-well plates, incubated overnight at 37° C., and loaded with BD calcium indicator dye for 1 hr at 37° C. followed by 15 minutes at room temperature. The assay buffer was Hank's Balanced Salt Solution (HBSS) containing 20 mM HEPES (pH readjusted to 7.4) along with 0.02% BSA.Following dye load and plate cool down, compounds were added to the cells using the FDSS while monitoring fluorescence to determine whether any of the test compounds have TRPA1 agonist activity. Plates were then incubated with compound for 20 minutes at room temperature prior to adding agonist. Following this incubation, 100 mM cinnamaldehyde was added to all wells of the plate and block of this cinnamaldehyde induced calcium influx was measured.",B,Homo sapiens,CHEMBL5725783,9,BAO_0000019,,33,10,11,0,0,0,0,0,0,0
CHEMBL5732578,"FLIPR Calcium Assay: Ca2+ influx was measured using a FLIPR calcium assay kit (R8033; Molecular Devices, Sunnyvale, Calif.). The Ca2+ indicator dye was dissolved in Hanks' balanced salt solution supplemented with 20 mM HEPES buffer (HBSS/HEPES) according to the manufacturer instructions. Prior to start of the assay, the medium was removed by aspiration, and cells were loaded with 100 μL Ca2+ dye for 2 to 3 hours at room temperature. AITC (allyl isothiocyanate) was used to activate and open the channels. (4×) solutions of the test compounds were prepared in HBSS/HEPES, and 50 μL were added to the cells at a delivery rate of 10 μL/sec. Changes in fluorescene were measured over time in a fluorometric imaging plate reader (FLIPR), Molecular Devices). Two additions were made over the course of an experimental run. For agonist experiments, assay buffer was added at the 10 s time point, followed by addition of agonist at the 3 minute 10 sec time point. For antagonist experiments, the antagonist was added at the 10 sec time point, followed by addition of the agonist 3 minutes later. Final assay volume for both the agonist and antagonist experiments was 200 μL. Total length of an experimental run was 6.5 minutes.",B,,CHEMBL5726382,8,BAO_0000019,,33,11,6,0,5,0,0,0,0,11
CHEMBL5733104,"Measuring Inhibition of the TRPA1 Ion Channel: Compounds of Formula (I) inhibit the TRPA1 channel, as shown by measuring the in vitro inhibition of human TRPA1, provided in data tables shown in Table 2, using the procedure outlined in del Camino et al., The Journal of Neuroscience, 30(45):15165-15174 (Nov. 10, 2010), incorporated herein by reference and summarized below. Data for TRPA1 inhibition was obtained by this method for the indicated compounds of Formula (I), with the relevant data included in Table 2 below. All currents were recorded in whole-cell configuration using EPC-9 and EPC-10 amplifiers and Patchmaster software (HEKA) or similar. Patch pipettes had a resistance of 1.5-3 M and up to 75% of the series resistance was compensated. The standard pipette solution consisted of 140 mM CsAsp, 10 mM EGTA, 10 mM HEPES, 2.27 mM, 20 MgCl2, 1.91 mM CaCl2, and up to 0.3 mM Na2GTP, with pH adjusted to 7.2 with CsOH. In addition, a solution containing 145 mM CsCl, 10 mM HEPES, 10 mM EGTA, and up to 0.3 mM Na2GTP and 1 mM MgCl2 (pH 7.2 adjusted with CsOH) can be used. The standard bath solution contained 150 mM NaCl, 10 mM HEPES, 10 mM glucose, 4.5 mM KCl, 1 mM EGTA, 3 mM MgCl2, with pH adjusted to 7.4 with NaOH. In some instances, 2 mM CaCl2 was added in place of EGTA and the concentration of MgCl2 was reduced to 1 mM.Data were collected either by continuous recordings at −60 mV or by applying voltage ramps from a holding potential of −40 mV every 4 s. Continuous recordings were collected at 400 Hz and digitally filtered off-line at 10 Hz for presentation. Voltage ramps were applied from −100 mV or −80 mV to +100 mV or +80 mV over the course of 400 ms, and data were collected at 10 kHz and filtered at 2.9 kHz. Inward and outward currents were analyzed from the ramps at −80 and 80 mV, respectively. Liquid junction potential correction was not used.",B,Homo sapiens,CHEMBL5726658,9,BAO_0000357,,783,248,256,0,5,0,0,0,0,0
CHEMBL5734964,"Measurement of TRPA1 Antagonist Activity: Human TRPA1 Expression PlasmidUsing cDNA encoding human TRPA1 (GenBank accession No. NM_007332) (manufactured by Kazusa DNA Research Institute, item No. FHC07217) as a template, primer 1 (SEQ ID NO: 1) and primer 2 (SEQ ID NO: 2), PCR by PfuUltra High-Fidelity DNA Polymerase (Stratagene) was performed, and full-length human TRPA1 gene was amplified.primer 1: (SEQ ID NO: 1) 5′-AACTTTTAGTAAGCTTCGATCGCCATGAAG-3′ primer 2: (SEQ ID NO: 2) 5′-GTACCGATCTAGAATTCGTTTTACTAAGGCTCAAG-3′A recognition site (underlined) of restriction enzyme HindIII was added to the 5′ end of human TRPA1 gene, and XbaI site (underlined) was added to the 3′ end of human TRPA1 gene, and GTT of the template sequence was changed to termination codon TAG (bold). The obtained double stranded DNA was enzyme-digested with HindIII and XbaI, and introduced into a multicloning site of expression plasmid pcDNA3.1/zeo(+) (manufactured by Invitrogen) to give a human TRPA1 expression plasmid.Cell PreparationHuman embryonic kidney-derived 293T cells were cultured in Dulbecco's Modified Eagle Medium containing 10% fetal bovine serum, 10 unit penicillin, and 10 μg streptomycin. One day before assay, 3×106 of 293T cells were plated on a petri dish having a diameter of 10 cm, and cultured in a CO2 incubator for 24 hr. OPTI-MEM I Reduced Serum Media (Invitrogen) (600 μL), Mirus TransIT-293 (Mirus Bio) (18 μL), and human TRPA1 expression plasmid (6 μg) were mixed, the total amount of the mixture was added to the cells on the petri dish to allow for gene transfer. The cells were recovered about for 8 hr later, plated on a poly-D-lysine coated 384 well black/clear bottom plate at 12,000 cells/well, and cultured overnight.Measurement of Intracellular Calcium IncreaseThe medium was removed from the 384 well plate, calcium indicator (Molecular Device, trade name: FLIPR Calcium4 Assay Kit) dissolved in HBSS (Thermo Fisher Scientific) (pH 7.2) containing 20 mM HEPES was added (38 μL/well), and the cells were stained in a CO2 incubator for 1 hr. The 384 well plate was stood at room temperature for not less than 15 min, set on FDSS7000 (Hamamatsu Photonics K.K.), and a test substance solution was added at 10 μL/well. After 10 min, allylisothiocyanate solution (12 μL/well) was added, the relative fluorescence intensity was measured for 5 min after addition of the allylisothiocyanate solution.Test Substance PreparationPreparation of Test Substance Solution and Allylisothiocyanate SolutionA test substance solution was prepared to have a composition of HBSS (Thermo Fisher Scientific) (pH 7.2) containing 0.48% dimethyl sulfoxide, a test substance at 4.8-fold concentration of the evaluation concentration, 0.1% bovine serum albumin and 20 mM HEPES. An allylisothiocyanate solution was prepared to have a composition of HBSS (Thermo Fisher Scientific) (pH 7.2) containing 0.1% dimethyl sulfoxide, 100 μM allylisothiocyanate, 0.1% bovine serum albumin and 20 mM HEPES.Calculation of Antagonist ActivityThe activity rate of a test substance at each concentration was calculated, wherein the relative fluorescence intensity change of a well free of a test substance and containing allylisothiocyanate is 100% activity rate, and the relative fluorescence intensity change of a well free of a test substance and allylisothiocyanate is 0% activity rate. The inhibitory rate of a test substance at each concentration was calculated by subtracting the activity rate of the test substance from 100% activity rate, and the concentration of a test substance showing 50% inhibitory rate was calculated as IC50 from the sigmoid approximate curve by XLfit (idbs).",B,Homo sapiens,CHEMBL5727588,9,BAO_0000019,,153,51,51,0,0,0,0,0,0,0
CHEMBL5735474,"FLIPR Assay (15 minutes): The IC50 (effective concentration) of compounds on the human TRPA1 channel was determined using a FLIPR Tetra instrument. CHO cells expressing TRPA1 were plated into 384-well plates, incubated overnight at 37° C., and loaded with BD calcium indicator dye for 1 hr at 37° C. followed by 15 minutes at room temperature. The assay buffer was Hank's Balanced Salt Solution (HBSS) containing 20 mM HEPES (pH readjusted to 7.4) along with 0.02% BSA.Following dye load and plate cool down, compounds were added to the cells using FLIPR Tetra. Plates were then incubated with compounds for 10 minutes or 90 minutes at room temperature prior to adding agonist. Following this incubation, about an EC80 concentration of cinnamaldehyde (75) was added to active the channels and block of cinnamaldehyde induced calcium influx was measured.The IC50 results were fit with a standard Hill function, keeping the Hill coefficient (n) fixed to 1.5. Fixing the Hill coefficient will generally reduce variability of the IC50 determination. The IC50 results were individually examined to make sure the MIN and MAX points were set correctly prior to validation of the results.",B,Homo sapiens,CHEMBL5727828,9,BAO_0000019,,417,131,139,0,0,0,0,0,0,0
CHEMBL5735475,"FLIPR Assay (90 minutes): The IC50 (effective concentration) of compounds on the human TRPA1 channel was determined using a FLIPR Tetra instrument. CHO cells expressing TRPA1 were plated into 384-well plates, incubated overnight at 37° C., and loaded with BD calcium indicator dye for 1 hr at 37° C. followed by 90 minutes at room temperature. The assay buffer was Hank's Balanced Salt Solution (HBSS) containing 20 mM HEPES (pH readjusted to 7.4) along with 0.02% BSA.Following dye load and plate cool down, compounds were added to the cells using FLIPR Tetra. Plates were then incubated with compounds for 10 minutes or 90 minutes at room temperature prior to adding agonist. Following this incubation, about an EC80 concentration of cinnamaldehyde (75) was added to active the channels and block of cinnamaldehyde induced calcium influx was measured.The IC50 results were fit with a standard Hill function, keeping the Hill coefficient (n) fixed to 1.5. Fixing the Hill coefficient will generally reduce variability of the IC50 determination. The IC50 results were individually examined to make sure the MIN and MAX points were set correctly prior to validation of the results.",B,Homo sapiens,CHEMBL5727828,9,BAO_0000019,,474,150,158,0,0,0,0,0,0,0
CHEMBL5735476,"FLIPR Assay (15 minutes): The IC50 (effective concentration) of compounds on the human TRPA1 channel was determined using a FLIPR Tetra instrument. CHO cells expressing TRPA1 were plated into 384-well plates, incubated overnight at 37° C., and loaded with BD calcium indicator dye for 1 hr at 37° C. followed by 15 minutes at room temperature. The assay buffer was Hank's Balanced Salt Solution (HBSS) containing 20 mM HEPES (pH readjusted to 7.4) along with 0.02% BSA.Following dye load and plate cool down, compounds were added to the cells using FLIPR Tetra. Plates were then incubated with compounds for 10 minutes or 90 minutes at room temperature prior to adding agonist. Following this incubation, about an EC50 concentration of cinnamaldehyde (75) was added to active the channels and block of cinnamaldehyde induced calcium influx was measured.The IC50 results were fit with a standard Hill function, keeping the Hill coefficient (n) fixed to 1.5. Fixing the Hill coefficient will generally reduce variability of the IC50 determination. The IC50 results were individually examined to make sure the MIN and MAX points were set correctly prior to validation of the results.",B,Homo sapiens,CHEMBL5727829,9,BAO_0000019,,843,275,281,0,0,0,0,0,0,0
CHEMBL5735477,"FLIPR Assay (90 minutes): The IC50 (effective concentration) of compounds on the human TRPA1 channel was determined using a FLIPR Tetra instrument. CHO cells expressing TRPA1 were plated into 384-well plates, incubated overnight at 37° C., and loaded with BD calcium indicator dye for 1 hr at 37° C. followed by 90 minutes at room temperature. The assay buffer was Hank's Balanced Salt Solution (HBSS) containing 20 mM HEPES (pH readjusted to 7.4) along with 0.02% BSA.Following dye load and plate cool down, compounds were added to the cells using FLIPR Tetra. Plates were then incubated with compounds for 10 minutes or 90 minutes at room temperature prior to adding agonist. Following this incubation, about an EC50 concentration of cinnamaldehyde (75) was added to active the channels and block of cinnamaldehyde induced calcium influx was measured.The IC50 results were fit with a standard Hill function, keeping the Hill coefficient (n) fixed to 1.5. Fixing the Hill coefficient will generally reduce variability of the IC50 determination. The IC50 results were individually examined to make sure the MIN and MAX points were set correctly prior to validation of the results.",B,Homo sapiens,CHEMBL5727829,9,BAO_0000019,,522,169,174,0,0,0,0,0,0,0
CHEMBL5735742,"Inhibition Assay: IC50 values (effective concentration) of compounds on the human and rat TRPA1 channels were determined using a FLIPR Tetra instrument. CHO cells expressing TRPA1 were plated into 384-well plates, incubated overnight at 37 C, and loaded with BD calcium indicator dye for 1 hr at 37° C. followed by 15 minutes. at room temperature. The assay buffer was Hank's Balanced Salt Solution (HBSS) containing 20 mM HEPES (pH readjusted to 7.4) along with 0.02% BSA.Following dye load and plate cool down, compounds were added to the cells using FLIPR Tetra. Plates were then incubated with compounds for 20 minutes at room temperature prior to adding agonist. Following this incubation, EC80 concentration of cinnamaldehyde (75 uM for human TRPA1 and 45 uM for rat TRPA1) was added to active the channels and block of cinnamaldehyde induced calcium influx was measured.",B,Homo sapiens,CHEMBL5727953,9,BAO_0000019,,189,33,63,0,0,0,0,0,0,0
CHEMBL5736402,"FLIPR Assay: The IC50 (effective concentration) of compounds on the human and rat TRPA1 channels were determined using a FLIPR Tetra instrument. CHO cells expressing TRPA1 were plated into 384-well plates, incubated overnight at 37° C., and loaded with BD calcium indicator dye for 1 hr at 37° C. followed by 15 minutes at room temperature. The assay buffer was Hank's Balanced Salt Solution (HBSS) containing 20 mM HEPES (pH readjusted to 7.4) along with 0.02% BSA.Following dye load and plate cool down, compounds were added to the cells using FLIPR Tetra. Plates were then incubated with compounds for 20 minutes at room temperature prior to adding agonist. Following this incubation, about an EC50 concentration of cinnamaldehyde (75 uM for human TRPA1 and 45 uM for rat TRPA1) was added to active the channels and block of cinnamaldehyde induced calcium influx was measured.The IC50 results were fit with a standard Hill function, keeping the Hill coefficient (n) fixed to 1.5. Fixing the Hill coefficient will generally reduce variability of the IC50 determination. The IC50 results were individually examined to make sure the MIN and MAX points were set correctly prior to validation of the results.",B,Homo sapiens,CHEMBL5728262,9,BAO_0000019,,330,108,110,0,0,0,0,0,0,0
CHEMBL5737447,"Inhibition Assay: All currents were recorded in whole-cell configuration using EPC-9 and EPC-10 amplifiers and Patchmaster software (HEKA) or similar. Patch pipettes had a resistance of 1.5-3 M and up to 75% of the series resistance was compensated. The standard pipette solution consisted of 140 mM CsAsp, 10 mM EGTA, 10 mM HEPES, 2.27 mM, 20 MgCl2, 1.91 mM CaCl2, and up to 0.3 mM Na2GTP, with pH adjusted to 7.2 with CsOH. In addition, a solution containing 145 mM CsCl, 10 mM HEPES, 10 mM EGTA, and up to 0.3 mM Na2GTP and 1 mM MgCl2 (pH 7.2 adjusted with CsOH) can be used. The standard bath solution contained 150 mM NaCl, 10 mM HEPES, 10 mM glucose, 4.5 mM KCl, 1 mM EGTA, 3 mM MgCl2, with pH adjusted to 7.4 with NaOH. In some instances, 2 mM CaCl2 was added in place of EGTA and the concentration of MgCl2 was reduced to 1 mM.",B,,CHEMBL5728782,8,BAO_0000357,,18,6,5,0,1,0,0,0,0,0
CHEMBL5737489,"TRPA1 Assay: At the assay day cells were washed 3× with assay puffer, 20 μL buffer remained in the wells after washing. 10 μL Ca6 kit (Cat.R8191 MolecularDevices) loading buffer in HBSS/HEPES was added to the cells and the plates were incubated with lid for 120 minutes at 37°/5% CO2. 10 μL of compound or controls in HBSS/HEPES buffer/5% DMSO from the intermediate dilution plate were carefully added to the wells. Luminescence (indicating the calcium influx or release) was read on the FLIPRtetra device for 10 minutes to monitor the compound induced effects (e.g. agonism). Finally 10 μL of the agonist AITC 50 μM dissolved in HBSS/HEPES buffer/0.05% DMSO (final concentration 10 μM) was added to the wells followed by an additional read on the FLIPRtetra device for 10 minutes. The area under the signal curve (AUC) after AITC addition was used for IC50/% inhibition calculations.",B,,CHEMBL5728802,8,BAO_0000019,,66,22,22,0,0,0,0,0,0,10
CHEMBL5737786,"FLIPR Assay: IC50s (effective concentration) of compounds on the human and rat TRPA1 channels were determined using a FLIPR Tetra instrument. CHO cells expressing TRPA1 were plated into 384-well plates, incubated overnight at 37C, and loaded with BD calcium indicator dye for 1 hr at 37° C. followed by 15 minutes. at room temperature. The assay buffer was Hank's Balanced Salt Solution (HBSS) containing 20 mM HEPES (pH readjusted to 7.4) along with 0.02% BSA.Following dye load and plate cool down, compounds were added to the cells using FLIPR Tetra. Plates were then incubated with compounds for 20 minutes at room temperature prior to adding agonist. Following this incubation, EC80 concentration of cinnamaldehyde (75 uM for human TRPA1 and 45 uM for rat TRPA1) was added to active the channels and block of cinnamaldehyde induced calcium influx was measured.",B,Homo sapiens,CHEMBL5728946,9,BAO_0000019,,606,182,202,0,0,0,0,0,3,0
CHEMBL5739043,"Filpr Assay: At the assay day cells were washed 3× with assay puffer, 20 μL buffer remained in the wells after washing. 10 μL Ca6 kit (Cat. R8191 Molecular Devices) loading buffer in HBSS/HEPES was added to the cells and the plates were incubated with lid for 120 minutes at 3775% CO2. 10 μL of compound or controls in HBSS/HEPES buffer/5% DMSO from the intermediate dilution plate were carefully added to the wells. Luminescence (indicating the calcium influx or release) was read on the FLIPR tetra device for 10 minutes to monitor the compound induced effects (e.g. agonism). Finally, 10 μL of the agonist AITC 50 μM dissolved in HBSS/HEPES buffer/0.05% DMSO (final concentration 10 μM) was added to the wells followed by an additional read on the FLIPR tetra device for 10 minutes. The area under the signal curve (AUC) after AITC addition was used for IC50/% inhibition calculations.",B,,CHEMBL5729590,8,BAO_0000019,,69,23,23,0,0,0,0,0,0,0
CHEMBL5739380,"FLIPR Assay: The test compounds are dissolved in 100% DMSO at a concentration of 10 mM and in a first step diluted in DMSO to a concentration of 5 mM, followed by serial dilution steps in 100% DMSO. Dilution factor and number of dilution steps may vary according to needs. Typically 8 different concentrations by 1:5 dilutions are prepared, further intermediate dilutions (1:20) of the substances are carried out with HBSS/HEPES buffer (1×HEPES, Cat. 14065 from Gibco, 20 mM HEPES, Cat. 83264 from SIGMA, 0.1% BSA Cat. 11926 from Invitrogen, pH 7. At the assay day cells are washed 3× with assay puffer, 20 μL buffer remaining in the wells after washing. 10 μL Ca6 kit (Cat. R8191 MolecularDevices) loading buffer in HBSS/HEPES is added to the cells and the plates are incubated with lid for 120 minutes at 37°/5% CO2. 10 μL of compound or controls in HBSS/HEPES buffer/5% DMSO from the intermediate dilution plate are carefully added to the wells. Luminescence (indicating the calcium influx or release) is read on the FLIPRtetra device for 10 minutes to monitor the compound induced effects (e.g. agonism). Finally 10 μL of the agonist AITC 50 μM dissolved in HBSS/HEPES buffer/0.05% DMSO (final concentration 10 μM) is added to the wells followed by an additional read on the FLIPRtetra device for 10 minutes.",B,,CHEMBL5729732,8,BAO_0000019,,54,18,18,0,0,0,0,0,0,7
CHEMBL6104158,Antagonist activity at recombinant TRPA1 (unknown origin) expressed in T-REx-293 cells assessed as inhibition of AITC-induced intracellular Ca2+ flux by patch clamp assay,B,Homo sapiens,CHEMBL6103546,9,BAO_0000219,,1,1,1,0,0,0,0,0,0,0
CHEMBL6104159,Antagonist activity at human TRPA1 expressed in CHO cells assessed as inhibition of AITC-induced intracellular Ca2+ flux by fluorescence dye based assay,B,Homo sapiens,CHEMBL6103546,9,BAO_0000219,,1,1,1,0,0,0,0,0,0,0
