activity_id,assay_chembl_id,document_chembl_id,molecule_chembl_id,canonical_smiles,target_chembl_id,target_organism,standard_type,type,effective_type,standard_relation,relation,effective_relation,standard_value,standard_upper_value,standard_units,pchembl_value,value,upper_value,units,activity_comment,standard_text_value,text_value,data_validity_comment,potential_duplicate,activity_properties_json,exact_ic50,non_exact_ic50,interval_ic50,right_censored_ic50,left_censored_ic50,text_contains_inactive,single_point_inhibition,missing_structure,potential_duplicate_true,has_validity_comment,missing_target_organism,has_standard_text_value,descriptive_flags
3088819,CHEMBL1049520,CHEMBL1153159,CHEMBL589871,CC(/C=C/c1ccc(Cl)cc1)=N\O,CHEMBL6007,Homo sapiens,IC50,IC50,IC50,,,,,,,,,,,Not Determined,,,,0,,False,True,False,False,False,False,False,False,False,False,False,False,non_exact_ic50
3088820,CHEMBL1049520,CHEMBL1153159,CHEMBL589873,CC(/C=N/O)=C\c1ccc(Cl)cc1,CHEMBL6007,Homo sapiens,IC50,IC50,IC50,,,,,,,,,,,Not Determined,,,,0,,False,True,False,False,False,False,False,False,False,False,False,False,non_exact_ic50
3088821,CHEMBL1049520,CHEMBL1153159,CHEMBL589874,O/N=C/C=C/c1ccccc1,CHEMBL6007,Homo sapiens,IC50,IC50,IC50,,,,,,,,,,,Not Determined,,,,0,,False,True,False,False,False,False,False,False,False,False,False,False,non_exact_ic50
3088822,CHEMBL1049520,CHEMBL1153159,CHEMBL590847,CC(/C=C/c1ccc2c(c1)OCO2)=N\O,CHEMBL6007,Homo sapiens,IC50,IC50,IC50,,,,,,,,,,,Not Determined,,,,0,,False,True,False,False,False,False,False,False,False,False,False,False,non_exact_ic50
3088823,CHEMBL1049520,CHEMBL1153159,CHEMBL590118,CC(/C=N/O)=C\c1ccc(C(C)(C)C)cc1,CHEMBL6007,Homo sapiens,IC50,IC50,IC50,,,,,,,,,,,Not Determined,,,,0,,False,True,False,False,False,False,False,False,False,False,False,False,non_exact_ic50
3088824,CHEMBL1049520,CHEMBL1153159,CHEMBL590119,NC(/C=C/c1cc(C(F)(F)F)cc(C(F)(F)F)c1)=N\O,CHEMBL6007,Homo sapiens,IC50,IC50,IC50,,,,,,,,,,,Not Determined,,,,0,,False,True,False,False,False,False,False,False,False,False,False,False,non_exact_ic50
3301233,CHEMBL1118226,CHEMBL1155439,CHEMBL1084373,CCC(=N\O)/C(C)=C/c1ccc(C)nc1,CHEMBL6007,Homo sapiens,IC50,IC50,IC50,>,>,>,100000.0,,nM,,100.0,,uM,,,,,0,,False,True,False,True,False,False,False,False,False,False,False,False,non_exact_ic50;right_censored_ic50
3301234,CHEMBL1118226,CHEMBL1155439,CHEMBL1084374,CCC(=N\O)/C(C)=C/c1cnc2ccccc2c1,CHEMBL6007,Homo sapiens,IC50,IC50,IC50,>,>,>,100000.0,,nM,,100.0,,uM,,,,,0,,False,True,False,True,False,False,False,False,False,False,False,False,non_exact_ic50;right_censored_ic50
3301235,CHEMBL1118226,CHEMBL1155439,CHEMBL1083489,CCC(=N\O)/C(C)=C/c1cnccc1C,CHEMBL6007,Homo sapiens,IC50,IC50,IC50,>,>,>,100000.0,,nM,,100.0,,uM,,,,,0,,False,True,False,True,False,False,False,False,False,False,False,False,non_exact_ic50;right_censored_ic50
3301236,CHEMBL1118226,CHEMBL1155439,CHEMBL1083792,CCC(=N\O)/C(C)=C/c1ccc(C(F)(F)F)nc1,CHEMBL6007,Homo sapiens,IC50,IC50,IC50,>,>,>,100000.0,,nM,,100.0,,uM,,,,,0,,False,True,False,True,False,False,False,False,False,False,False,False,non_exact_ic50;right_censored_ic50
3301237,CHEMBL1118226,CHEMBL1155439,CHEMBL1083793,CCC(=N\O)/C(C)=C/c1cncc2ccccc12,CHEMBL6007,Homo sapiens,IC50,IC50,IC50,>,>,>,100000.0,,nM,,100.0,,uM,,,,,0,,False,True,False,True,False,False,False,False,False,False,False,False,non_exact_ic50;right_censored_ic50
3301221,CHEMBL1118227,CHEMBL1155439,CHEMBL1083797,CN1C(=O)c2cccc(CC(=O)Nc3nc(-c4ccc(I)cc4)cs3)c2C1=O,CHEMBL6007,Homo sapiens,IC50,IC50,IC50,<,<,<,250.0,,nM,,250.0,,nM,,,,,0,,False,True,False,False,True,False,False,False,False,False,False,False,non_exact_ic50;left_censored_ic50
3301181,CHEMBL1118499,CHEMBL1155439,CHEMBL1086530,Cn1c(=O)c2c(ncn2CC(=O)Nc2nc(-c3ccc(Br)cc3)cs2)n(C)c1=O,CHEMBL6007,Homo sapiens,IC50,IC50,IC50,<,<,<,1000.0,,nM,,1.0,,uM,,,,,0,,False,True,False,False,True,False,False,False,False,False,False,False,non_exact_ic50;left_censored_ic50
3301182,CHEMBL1118499,CHEMBL1155439,CHEMBL1083145,Cn1c(=O)c2c(ncn2CC(=O)Nc2nc(-c3ccccc3F)cs2)n(C)c1=O,CHEMBL6007,Homo sapiens,IC50,IC50,IC50,<,<,<,1000.0,,nM,,1.0,,uM,,,,,0,,False,True,False,False,True,False,False,False,False,False,False,False,non_exact_ic50;left_censored_ic50
3301183,CHEMBL1118499,CHEMBL1155439,CHEMBL1083146,Cn1c(=O)c2c(ncn2CC(=O)Nc2nc(-c3ccccc3)cs2)n(C)c1=O,CHEMBL6007,Homo sapiens,IC50,IC50,IC50,<,<,<,1000.0,,nM,,1.0,,uM,,,,,0,,False,True,False,False,True,False,False,False,False,False,False,False,non_exact_ic50;left_censored_ic50
3301184,CHEMBL1118499,CHEMBL1155439,CHEMBL1086081,CCc1ccc(-c2csc(NC(=O)Cn3cnc4c3c(=O)n(C)c(=O)n4C)n2)cc1,CHEMBL6007,Homo sapiens,IC50,IC50,IC50,<,<,<,1000.0,,nM,,1.0,,uM,,,,,0,,False,True,False,False,True,False,False,False,False,False,False,False,non_exact_ic50;left_censored_ic50
3301185,CHEMBL1118499,CHEMBL1155439,CHEMBL1082280,Cn1c(=O)c2c(ncn2CC(=O)Nc2nc(-c3cccc(F)c3)cs2)n(C)c1=O,CHEMBL6007,Homo sapiens,IC50,IC50,IC50,<,<,<,1000.0,,nM,,1.0,,uM,,,,,0,,False,True,False,False,True,False,False,False,False,False,False,False,non_exact_ic50;left_censored_ic50
3301186,CHEMBL1118499,CHEMBL1155439,CHEMBL1086082,COc1cccc(-c2csc(NC(=O)Cn3cnc4c3c(=O)n(C)c(=O)n4C)n2)c1,CHEMBL6007,Homo sapiens,IC50,IC50,IC50,<,<,<,1000.0,,nM,,1.0,,uM,,,,,0,,False,True,False,False,True,False,False,False,False,False,False,False,non_exact_ic50;left_censored_ic50
3301187,CHEMBL1118499,CHEMBL1155439,CHEMBL1086097,CCOc1ccccc1-c1csc(NC(=O)Cn2cnc3c2c(=O)n(C)c(=O)n3C)n1,CHEMBL6007,Homo sapiens,IC50,IC50,IC50,<,<,<,1000.0,,nM,,1.0,,uM,,,,,0,,False,True,False,False,True,False,False,False,False,False,False,False,non_exact_ic50;left_censored_ic50
3301188,CHEMBL1118499,CHEMBL1155439,CHEMBL1086338,Cn1c(=O)c2c(ncn2CC(=O)Nc2nc(-c3cccc(Cl)c3)cs2)n(C)c1=O,CHEMBL6007,Homo sapiens,IC50,IC50,IC50,<,<,<,1000.0,,nM,,1.0,,uM,,,,,0,,False,True,False,False,True,False,False,False,False,False,False,False,non_exact_ic50;left_censored_ic50
8011668,CHEMBL1944172,CHEMBL1938315,CHEMBL1939991,CCOC(=O)C1=C(c2ccccc2)NC(=S)NC1c1cccc(OC)c1,CHEMBL6007,Homo sapiens,IC50,IC50,IC50,>,>,>,10000.0,,nM,,10.0,,uM,,,,,0,,False,True,False,True,False,False,False,False,False,False,False,False,non_exact_ic50;right_censored_ic50
8011669,CHEMBL1944172,CHEMBL1938315,CHEMBL1086310,CC(C)c1ccc(NC(=O)Cn2cnc3c2c(=O)n(C)c(=O)n3C)cc1,CHEMBL6007,Homo sapiens,IC50,IC50,IC50,>,>,>,10000.0,,nM,,10.0,,uM,,,,,0,,False,True,False,True,False,False,False,False,False,False,False,False,non_exact_ic50;right_censored_ic50
8011670,CHEMBL1944172,CHEMBL1938315,CHEMBL1388908,S=C(NCc1ccccc1)NCc1ccccc1,CHEMBL6007,Homo sapiens,IC50,IC50,IC50,>,>,>,10000.0,,nM,,10.0,,uM,,,,,0,,False,True,False,True,False,False,False,False,False,False,False,False,non_exact_ic50;right_censored_ic50
8011671,CHEMBL1944172,CHEMBL1938315,CHEMBL1492420,SC1=NC(c2ccccc2)=CC(c2ccccc2)N1,CHEMBL6007,Homo sapiens,IC50,IC50,IC50,>,>,>,10000.0,,nM,,10.0,,uM,,,,,0,,False,True,False,True,False,False,False,False,False,False,False,False,non_exact_ic50;right_censored_ic50
8011672,CHEMBL1944172,CHEMBL1938315,CHEMBL1939988,S=C1NC2=C(CCc3ccccc32)C(c2ccccc2)N1,CHEMBL6007,Homo sapiens,IC50,IC50,IC50,>,>,>,10000.0,,nM,,10.0,,uM,,,,,0,,False,True,False,True,False,False,False,False,False,False,False,False,non_exact_ic50;right_censored_ic50
8011673,CHEMBL1944172,CHEMBL1938315,CHEMBL1469047,SC1=NC2=C(CCC/C2=C\c2ccccc2)C(c2ccccc2)N1,CHEMBL6007,Homo sapiens,IC50,IC50,IC50,>,>,>,10000.0,,nM,,10.0,,uM,,,,,0,,False,True,False,True,False,False,False,False,False,False,False,False,non_exact_ic50;right_censored_ic50
8011674,CHEMBL1944172,CHEMBL1938315,CHEMBL1939989,S=C1NC2=C(CCC2)C(c2ccccc2)N1,CHEMBL6007,Homo sapiens,IC50,IC50,IC50,>,>,>,10000.0,,nM,,10.0,,uM,,,,,0,,False,True,False,True,False,False,False,False,False,False,False,False,non_exact_ic50;right_censored_ic50
8011675,CHEMBL1944172,CHEMBL1938315,CHEMBL1939986,S=C1NC2=C(CCCC2)C(c2ccccc2)N1,CHEMBL6007,Homo sapiens,IC50,IC50,IC50,>,>,>,10000.0,,nM,,10.0,,uM,,,,,0,,False,True,False,True,False,False,False,False,False,False,False,False,non_exact_ic50;right_censored_ic50
8011676,CHEMBL1944172,CHEMBL1938315,CHEMBL1364775,O=C1CCCC2=C1C(c1ccccc1)NC(S)=N2,CHEMBL6007,Homo sapiens,IC50,IC50,IC50,>,>,>,10000.0,,nM,,10.0,,uM,,,,,0,,False,True,False,True,False,False,False,False,False,False,False,False,non_exact_ic50;right_censored_ic50
8011677,CHEMBL1944172,CHEMBL1938315,CHEMBL1939987,CC1=C(C(=O)c2ccccc2)C(c2ccccc2)NC(=S)N1,CHEMBL6007,Homo sapiens,IC50,IC50,IC50,>,>,>,10000.0,,nM,,10.0,,uM,,,,,0,,False,True,False,True,False,False,False,False,False,False,False,False,non_exact_ic50;right_censored_ic50
8011678,CHEMBL1944172,CHEMBL1938315,CHEMBL1567258,O=C1NC2=C(C(=O)c3ccccc32)C(c2ccccc2)N1,CHEMBL6007,Homo sapiens,IC50,IC50,IC50,>,>,>,10000.0,,nM,,10.0,,uM,,,,,0,,False,True,False,True,False,False,False,False,False,False,False,False,non_exact_ic50;right_censored_ic50
8011683,CHEMBL1944172,CHEMBL1938315,CHEMBL1939983,COc1ccccc1C1NC(=S)NC2=C1C(=O)c1ccccc12,CHEMBL6007,Homo sapiens,IC50,IC50,IC50,>,>,>,10000.0,,nM,,10.0,,uM,,,,,0,,False,True,False,True,False,False,False,False,False,False,False,False,non_exact_ic50;right_censored_ic50
8011689,CHEMBL1944172,CHEMBL1938315,CHEMBL1939973,O=C(O)c1cccc(C2NC(=S)NC3=C2C(=O)c2ccccc23)c1,CHEMBL6007,Homo sapiens,IC50,IC50,IC50,>,>,>,10000.0,,nM,,10.0,,uM,,,,,0,,False,True,False,True,False,False,False,False,False,False,False,False,non_exact_ic50;right_censored_ic50
8011690,CHEMBL1944172,CHEMBL1938315,CHEMBL1939974,COc1cccc(C2NC(=S)NC3=C2C(=O)c2ccccc23)c1OC,CHEMBL6007,Homo sapiens,IC50,IC50,IC50,>,>,>,10000.0,,nM,,10.0,,uM,,,,,0,,False,True,False,True,False,False,False,False,False,False,False,False,non_exact_ic50;right_censored_ic50
8011691,CHEMBL1944172,CHEMBL1938315,CHEMBL1939975,COc1ccc(OC)c(C2NC(=S)NC3=C2C(=O)c2ccccc23)c1,CHEMBL6007,Homo sapiens,IC50,IC50,IC50,>,>,>,10000.0,,nM,,10.0,,uM,,,,,0,,False,True,False,True,False,False,False,False,False,False,False,False,non_exact_ic50;right_censored_ic50
8011697,CHEMBL1944172,CHEMBL1938315,CHEMBL1939834,CN(C)CCOc1cccc(C2NC(=S)NC3=C2C(=O)c2ccccc23)c1,CHEMBL6007,Homo sapiens,IC50,IC50,IC50,>,>,>,10000.0,,nM,,10.0,,uM,,,,,0,,False,True,False,True,False,False,False,False,False,False,False,False,non_exact_ic50;right_censored_ic50
8011698,CHEMBL1944172,CHEMBL1938315,CHEMBL1939830,CN(C)CCCOc1cccc(C2NC(=S)NC3=C2C(=O)c2ccccc23)c1,CHEMBL6007,Homo sapiens,IC50,IC50,IC50,>,>,>,10000.0,,nM,,10.0,,uM,,,,,0,,False,True,False,True,False,False,False,False,False,False,False,False,non_exact_ic50;right_censored_ic50
8011701,CHEMBL1944172,CHEMBL1938315,CHEMBL1939829,COc1cccc([C@@H]2NC(=S)NC3=C2C(=O)c2ccccc23)c1,CHEMBL6007,Homo sapiens,IC50,IC50,IC50,>,>,>,10000.0,,nM,,10.0,,uM,,,,,0,,False,True,False,True,False,False,False,False,False,False,False,False,non_exact_ic50;right_censored_ic50
8012614,CHEMBL1944172,CHEMBL1938315,CHEMBL1939827,COCCCOc1cccc([C@@H]2NC(=S)NC3=C2C(=O)c2ccccc23)c1,CHEMBL6007,Homo sapiens,IC50,IC50,IC50,>,>,>,10000.0,,nM,,10.0,,uM,,,,,0,,False,True,False,True,False,False,False,False,False,False,False,False,non_exact_ic50;right_censored_ic50
8012616,CHEMBL1944172,CHEMBL1938315,CHEMBL1939824,COc1cccc(C2C3=C(NC(=S)N2C)c2ccccc2C3=O)c1,CHEMBL6007,Homo sapiens,IC50,IC50,IC50,>,>,>,10000.0,,nM,,10.0,,uM,,,,,0,,False,True,False,True,False,False,False,False,False,False,False,False,non_exact_ic50;right_censored_ic50
8021080,CHEMBL1949457,CHEMBL1944607,CHEMBL1944838,Cn1c(=O)c2c(ccn2CC(=O)Nc2ccc(C(F)(F)F)cc2)n(C)c1=O,CHEMBL6007,Homo sapiens,Inhibition,INH,INHIBITION,,,,,,%,,,,,Dose-dependent effect,,,,0,,False,False,False,False,False,False,True,False,False,False,False,False,single_point_inhibition
8021081,CHEMBL1949457,CHEMBL1944607,CHEMBL1946120,Cn1c(=O)c2c(ccn2CC(=O)Nc2nc(-c3ccc(F)c(C(F)(F)F)c3)cs2)n(C)c1=O,CHEMBL6007,Homo sapiens,Inhibition,INH,INHIBITION,,,,,,%,,,,,Dose-dependent effect,,,,0,,False,False,False,False,False,False,True,False,False,False,False,False,single_point_inhibition
10983841,CHEMBL2071975,CHEMBL2069204,CHEMBL2071598,O=C(CNC(=O)c1ccccc1)c1ccc(Cl)cc1,CHEMBL6007,Homo sapiens,pIC50,pIC50,PIC50,,,,,,,,,,,,Not active,Not Active,,0,,False,False,False,False,False,True,False,False,False,False,False,True,text_contains_inactive;has_standard_text_value
10983842,CHEMBL2071975,CHEMBL2069204,CHEMBL2071597,O=C(NC1(C(=O)c2ccc(Cl)cc2)CCC1)c1ccccc1,CHEMBL6007,Homo sapiens,pIC50,pIC50,PIC50,,,,,,,,,,,,Not active,Not Active,,0,,False,False,False,False,False,True,False,False,False,False,False,True,text_contains_inactive;has_standard_text_value
10983843,CHEMBL2071975,CHEMBL2069204,CHEMBL2071596,Cc1noc(C(C)C)c1C(=O)NC1C(=O)c2ccc(Cl)cc2CC1(C)C,CHEMBL6007,Homo sapiens,pIC50,pIC50,PIC50,,,,,,,,,,,,Not active,Not Active,,0,,False,False,False,False,False,True,False,False,False,False,False,True,text_contains_inactive;has_standard_text_value
10983844,CHEMBL2071975,CHEMBL2069204,CHEMBL2071595,CC(C)C(C)(NC(=O)c1ccccc1)C(=O)c1ccc(Cl)cc1,CHEMBL6007,Homo sapiens,pIC50,pIC50,PIC50,,,,,,,,,,,,Not active,Not Active,,0,,False,False,False,False,False,True,False,False,False,False,False,True,text_contains_inactive;has_standard_text_value
10983845,CHEMBL2071975,CHEMBL2069204,CHEMBL2071594,CCCC(NC(=O)c1ccccc1)C(=O)c1ccc(Cl)cc1,CHEMBL6007,Homo sapiens,pIC50,pIC50,PIC50,,,,,,,,,,,,Not active,Not Active,,0,,False,False,False,False,False,True,False,False,False,False,False,True,text_contains_inactive;has_standard_text_value
10983856,CHEMBL2071975,CHEMBL2069204,CHEMBL2071515,CC(C)C(NC(=O)NCc1ccccc1)C(=O)c1ccc(C#N)cc1,CHEMBL6007,Homo sapiens,pIC50,pIC50,PIC50,,,,,,,,,,,,Not active,Not Active,,0,,False,False,False,False,False,True,False,False,False,False,False,True,text_contains_inactive;has_standard_text_value
10983857,CHEMBL2071975,CHEMBL2069204,CHEMBL2071514,CC(C)C(NC(=O)Nc1ccc(F)cc1)C(=O)c1ccc(C#N)cc1,CHEMBL6007,Homo sapiens,pIC50,pIC50,PIC50,,,,,,,,,,,,Not active,Not Active,,0,,False,False,False,False,False,True,False,False,False,False,False,True,text_contains_inactive;has_standard_text_value
10983870,CHEMBL2071975,CHEMBL2069204,CHEMBL2071501,C=CCN(CC=C)c1ccc(C(=O)C(NC(=O)c2ccccc2)C(C)C)cc1,CHEMBL6007,Homo sapiens,Inhibition,INH,INHIBITION,<,<,<,4.5,,%,,4.5,,%,,,,,0,,False,False,False,False,False,False,True,False,False,False,False,False,single_point_inhibition
10983871,CHEMBL2071975,CHEMBL2069204,CHEMBL2071500,CC(C)C(NC(=O)c1ccccc1)C(=O)c1ccc(N)cc1,CHEMBL6007,Homo sapiens,pIC50,pIC50,PIC50,,,,,,,,,,,,Not active,Not Active,,0,,False,False,False,False,False,True,False,False,False,False,False,True,text_contains_inactive;has_standard_text_value
10983872,CHEMBL2071975,CHEMBL2069204,CHEMBL2071499,CC(C)C(NC(=O)c1ccccc1)C(=O)c1ccc(S(C)(=O)=O)cc1,CHEMBL6007,Homo sapiens,pIC50,pIC50,PIC50,,,,,,,,,,,,Not active,Not Active,,0,,False,False,False,False,False,True,False,False,False,False,False,True,text_contains_inactive;has_standard_text_value
10983875,CHEMBL2071975,CHEMBL2069204,CHEMBL2071496,CC(C)C(NC(=O)c1ccccc1)C(=O)c1cccc(Cl)c1,CHEMBL6007,Homo sapiens,Inhibition,INH,INHIBITION,<,<,<,4.5,,%,,4.5,,%,,,,,0,,False,False,False,False,False,False,True,False,False,False,False,False,single_point_inhibition
10983877,CHEMBL2071975,CHEMBL2069204,CHEMBL2071494,CC(C)C(NC(=O)c1ccccc1)C(=O)c1ccc(Cl)cc1,CHEMBL6007,Homo sapiens,pIC50,pIC50,PIC50,,,,,,,,,,,,Not active,Not Active,,0,,False,False,False,False,False,True,False,False,False,False,False,True,text_contains_inactive;has_standard_text_value
10983881,CHEMBL2071975,CHEMBL2069204,CHEMBL2071492,CC(C)C(NC(=O)c1ccccc1)C(=O)c1ccccc1,CHEMBL6007,Homo sapiens,Inhibition,INH,INHIBITION,<,<,<,4.5,,%,,4.5,,%,,,,,0,,False,False,False,False,False,False,True,False,False,False,False,False,single_point_inhibition
10983796,CHEMBL2071976,CHEMBL2069204,CHEMBL2071598,O=C(CNC(=O)c1ccccc1)c1ccc(Cl)cc1,CHEMBL6007,Homo sapiens,pIC50,pIC50,PIC50,,,,,,,,,,,,Not active,Not Active,,0,,False,False,False,False,False,True,False,False,False,False,False,True,text_contains_inactive;has_standard_text_value
10983797,CHEMBL2071976,CHEMBL2069204,CHEMBL2071597,O=C(NC1(C(=O)c2ccc(Cl)cc2)CCC1)c1ccccc1,CHEMBL6007,Homo sapiens,pIC50,pIC50,PIC50,,,,,,,,,,,,Not active,Not Active,,0,,False,False,False,False,False,True,False,False,False,False,False,True,text_contains_inactive;has_standard_text_value
10983800,CHEMBL2071976,CHEMBL2069204,CHEMBL2071594,CCCC(NC(=O)c1ccccc1)C(=O)c1ccc(Cl)cc1,CHEMBL6007,Homo sapiens,pIC50,pIC50,PIC50,,,,,,,,,,,,Not active,Not Active,,0,,False,False,False,False,False,True,False,False,False,False,False,True,text_contains_inactive;has_standard_text_value
10983811,CHEMBL2071976,CHEMBL2069204,CHEMBL2071515,CC(C)C(NC(=O)NCc1ccccc1)C(=O)c1ccc(C#N)cc1,CHEMBL6007,Homo sapiens,pIC50,pIC50,PIC50,,,,,,,,,,,,Not active,Not Active,,0,,False,False,False,False,False,True,False,False,False,False,False,True,text_contains_inactive;has_standard_text_value
10983812,CHEMBL2071976,CHEMBL2069204,CHEMBL2071514,CC(C)C(NC(=O)Nc1ccc(F)cc1)C(=O)c1ccc(C#N)cc1,CHEMBL6007,Homo sapiens,pIC50,pIC50,PIC50,,,,,,,,,,,,Not active,Not Active,,0,,False,False,False,False,False,True,False,False,False,False,False,True,text_contains_inactive;has_standard_text_value
10983820,CHEMBL2071976,CHEMBL2069204,CHEMBL2071506,CC(C)C(NC(=O)c1cc(Cl)ccc1F)C(=O)c1ccc(C#N)cc1,CHEMBL6007,Homo sapiens,pIC50,pIC50,PIC50,,,,,,,,,,,,Not active,Not Active,,0,,False,False,False,False,False,True,False,False,False,False,False,True,text_contains_inactive;has_standard_text_value
10983825,CHEMBL2071976,CHEMBL2069204,CHEMBL2071501,C=CCN(CC=C)c1ccc(C(=O)C(NC(=O)c2ccccc2)C(C)C)cc1,CHEMBL6007,Homo sapiens,pIC50,pIC50,PIC50,,,,,,,,,,,,Not active,Not Active,,0,,False,False,False,False,False,True,False,False,False,False,False,True,text_contains_inactive;has_standard_text_value
10983826,CHEMBL2071976,CHEMBL2069204,CHEMBL2071500,CC(C)C(NC(=O)c1ccccc1)C(=O)c1ccc(N)cc1,CHEMBL6007,Homo sapiens,pIC50,pIC50,PIC50,,,,,,,,,,,,Not active,Not Active,,0,,False,False,False,False,False,True,False,False,False,False,False,True,text_contains_inactive;has_standard_text_value
10983827,CHEMBL2071976,CHEMBL2069204,CHEMBL2071499,CC(C)C(NC(=O)c1ccccc1)C(=O)c1ccc(S(C)(=O)=O)cc1,CHEMBL6007,Homo sapiens,pIC50,pIC50,PIC50,,,,,,,,,,,,Not active,Not Active,,0,,False,False,False,False,False,True,False,False,False,False,False,True,text_contains_inactive;has_standard_text_value
10983830,CHEMBL2071976,CHEMBL2069204,CHEMBL2071496,CC(C)C(NC(=O)c1ccccc1)C(=O)c1cccc(Cl)c1,CHEMBL6007,Homo sapiens,pIC50,pIC50,PIC50,,,,,,,,,,,,Not active,Not Active,,0,,False,False,False,False,False,True,False,False,False,False,False,True,text_contains_inactive;has_standard_text_value
10983832,CHEMBL2071976,CHEMBL2069204,CHEMBL2071494,CC(C)C(NC(=O)c1ccccc1)C(=O)c1ccc(Cl)cc1,CHEMBL6007,Homo sapiens,pIC50,pIC50,PIC50,,,,,,,,,,,,Not active,Not Active,,0,,False,False,False,False,False,True,False,False,False,False,False,True,text_contains_inactive;has_standard_text_value
10983836,CHEMBL2071976,CHEMBL2069204,CHEMBL2071492,CC(C)C(NC(=O)c1ccccc1)C(=O)c1ccccc1,CHEMBL6007,Homo sapiens,pIC50,pIC50,PIC50,,,,,,,,,,,,Not active,Not Active,,0,,False,False,False,False,False,True,False,False,False,False,False,True,text_contains_inactive;has_standard_text_value
14750380,CHEMBL3299551,CHEMBL3297713,CHEMBL3298236,c1ccc(-c2ccc3[nH]ncc3c2)cc1,CHEMBL6007,Homo sapiens,IC50,IC50,IC50,>,>,>,30000.0,,nM,,30.0,,uM,,,,,0,,False,True,False,True,False,False,False,False,False,False,False,False,non_exact_ic50;right_censored_ic50
14750413,CHEMBL3299551,CHEMBL3297713,CHEMBL3299027,CNC(=O)c1cc2[nH]ncc2cc1-c1ccccc1C(F)(F)F,CHEMBL6007,Homo sapiens,IC50,IC50,IC50,>,>,>,30000.0,,nM,,30.0,,uM,,,,,0,,False,True,False,True,False,False,False,False,False,False,False,False,non_exact_ic50;right_censored_ic50
14750414,CHEMBL3299551,CHEMBL3297713,CHEMBL3298235,Clc1ccccc1-c1ccc2[nH]ncc2c1,CHEMBL6007,Homo sapiens,Inhibition,INH,INHIBITION,=,=,=,91.0,,%,,91.0,,%,,,,,0,,False,False,False,False,False,False,True,False,False,False,False,False,single_point_inhibition
14750415,CHEMBL3299551,CHEMBL3297713,CHEMBL3298237,Fc1ccccc1-c1ccc2[nH]ncc2c1,CHEMBL6007,Homo sapiens,Inhibition,INH,INHIBITION,=,=,=,68.0,,%,,68.0,,%,,,,,0,,False,False,False,False,False,False,True,False,False,False,False,False,single_point_inhibition
14750416,CHEMBL3299551,CHEMBL3297713,CHEMBL3298238,Cc1ccccc1-c1ccc2[nH]ncc2c1,CHEMBL6007,Homo sapiens,Inhibition,INH,INHIBITION,=,=,=,78.0,,%,,78.0,,%,,,,,0,,False,False,False,False,False,False,True,False,False,False,False,False,single_point_inhibition
14750417,CHEMBL3299551,CHEMBL3297713,CHEMBL3298239,CCc1ccccc1-c1ccc2[nH]ncc2c1,CHEMBL6007,Homo sapiens,Inhibition,INH,INHIBITION,=,=,=,96.0,,%,,96.0,,%,,,,,0,,False,False,False,False,False,False,True,False,False,False,False,False,single_point_inhibition
14750418,CHEMBL3299551,CHEMBL3297713,CHEMBL3298240,CC(C)c1ccccc1-c1ccc2[nH]ncc2c1,CHEMBL6007,Homo sapiens,Inhibition,INH,INHIBITION,=,=,=,93.0,,%,,93.0,,%,,,,,0,,False,False,False,False,False,False,True,False,False,False,False,False,single_point_inhibition
14750419,CHEMBL3299551,CHEMBL3297713,CHEMBL3298241,CC(C)(C)c1ccccc1-c1ccc2[nH]ncc2c1,CHEMBL6007,Homo sapiens,Inhibition,INH,INHIBITION,=,=,=,96.0,,%,,96.0,,%,,,,,0,,False,False,False,False,False,False,True,False,False,False,False,False,single_point_inhibition
14750420,CHEMBL3299551,CHEMBL3297713,CHEMBL3298242,FC(F)(F)c1ccccc1-c1ccc2[nH]ncc2c1,CHEMBL6007,Homo sapiens,Inhibition,INH,INHIBITION,=,=,=,98.0,,%,,98.0,,%,,,,,0,,False,False,False,False,False,False,True,False,False,False,False,False,single_point_inhibition
14750421,CHEMBL3299551,CHEMBL3297713,CHEMBL3298243,FC(F)c1ccccc1-c1ccc2[nH]ncc2c1,CHEMBL6007,Homo sapiens,Inhibition,INH,INHIBITION,=,=,=,93.0,,%,,93.0,,%,,,,,0,,False,False,False,False,False,False,True,False,False,False,False,False,single_point_inhibition
14750422,CHEMBL3299551,CHEMBL3297713,CHEMBL3298244,FC(F)(F)Oc1ccccc1-c1ccc2[nH]ncc2c1,CHEMBL6007,Homo sapiens,Inhibition,INH,INHIBITION,=,=,=,97.0,,%,,97.0,,%,,,,,0,,False,False,False,False,False,False,True,False,False,False,False,False,single_point_inhibition
14750423,CHEMBL3299551,CHEMBL3297713,CHEMBL3298245,N#Cc1ccccc1-c1ccc2[nH]ncc2c1,CHEMBL6007,Homo sapiens,Inhibition,INH,INHIBITION,=,=,=,91.0,,%,,91.0,,%,,,,,0,,False,False,False,False,False,False,True,False,False,False,False,False,single_point_inhibition
14750424,CHEMBL3299551,CHEMBL3297713,CHEMBL3298246,Fc1cccc(-c2ccc3[nH]ncc3c2)c1C(F)(F)F,CHEMBL6007,Homo sapiens,Inhibition,INH,INHIBITION,=,=,=,97.0,,%,,97.0,,%,,,,,0,,False,False,False,False,False,False,True,False,False,False,False,False,single_point_inhibition
14750425,CHEMBL3299551,CHEMBL3297713,CHEMBL3298248,Fc1ccc(C(F)(F)F)c(-c2ccc3[nH]ncc3c2)c1,CHEMBL6007,Homo sapiens,Inhibition,INH,INHIBITION,=,=,=,98.0,,%,,98.0,,%,,,,,0,,False,False,False,False,False,False,True,False,False,False,False,False,single_point_inhibition
14750426,CHEMBL3299551,CHEMBL3297713,CHEMBL3298249,Fc1cccc(C(F)(F)F)c1-c1ccc2[nH]ncc2c1,CHEMBL6007,Homo sapiens,Inhibition,INH,INHIBITION,=,=,=,95.0,,%,,95.0,,%,,,,,0,,False,False,False,False,False,False,True,False,False,False,False,False,single_point_inhibition
14750427,CHEMBL3299551,CHEMBL3297713,CHEMBL3298250,Fc1c(-c2ccccc2C(F)(F)F)ccc2[nH]ncc12,CHEMBL6007,Homo sapiens,Inhibition,INH,INHIBITION,=,=,=,97.0,,%,,97.0,,%,,,,,0,,False,False,False,False,False,False,True,False,False,False,False,False,single_point_inhibition
14750428,CHEMBL3299551,CHEMBL3297713,CHEMBL3298251,Fc1cc2[nH]ncc2cc1-c1ccccc1C(F)(F)F,CHEMBL6007,Homo sapiens,Inhibition,INH,INHIBITION,=,=,=,98.0,,%,,98.0,,%,,,,,0,,False,False,False,False,False,False,True,False,False,False,False,False,single_point_inhibition
14750429,CHEMBL3299551,CHEMBL3297713,CHEMBL3298252,Cc1n[nH]c2ccc(-c3ccccc3C(F)(F)F)cc12,CHEMBL6007,Homo sapiens,Inhibition,INH,INHIBITION,=,=,=,83.0,,%,,83.0,,%,,,,,0,,False,False,False,False,False,False,True,False,False,False,False,False,single_point_inhibition
14750430,CHEMBL3299551,CHEMBL3297713,CHEMBL3298920,Cc1cc(-c2ccccc2C(F)(F)F)cc2cn[nH]c12,CHEMBL6007,Homo sapiens,Inhibition,INH,INHIBITION,=,=,=,98.0,,%,,98.0,,%,,,,,0,,False,False,False,False,False,False,True,False,False,False,False,False,single_point_inhibition
14750431,CHEMBL3299551,CHEMBL3297713,CHEMBL3298921,Cn1ncc2cc(-c3ccccc3C(F)(F)F)ccc21,CHEMBL6007,Homo sapiens,Inhibition,INH,INHIBITION,=,=,=,98.0,,%,,98.0,,%,,,,,0,,False,False,False,False,False,False,True,False,False,False,False,False,single_point_inhibition
14750432,CHEMBL3299551,CHEMBL3297713,CHEMBL3298922,FC(F)(F)c1ccccc1-c1cc2cn[nH]c2cc1Cl,CHEMBL6007,Homo sapiens,Inhibition,INH,INHIBITION,=,=,=,98.0,,%,,98.0,,%,,,,,0,,False,False,False,False,False,False,True,False,False,False,False,False,single_point_inhibition
14750433,CHEMBL3299551,CHEMBL3297713,CHEMBL3298923,Cc1cc2[nH]ncc2cc1-c1ccccc1C(F)(F)F,CHEMBL6007,Homo sapiens,Inhibition,INH,INHIBITION,=,=,=,99.0,,%,,99.0,,%,,,,,0,,False,False,False,False,False,False,True,False,False,False,False,False,single_point_inhibition
14750434,CHEMBL3299551,CHEMBL3297713,CHEMBL3298924,CCc1cc2[nH]ncc2cc1-c1ccccc1C(F)(F)F,CHEMBL6007,Homo sapiens,Inhibition,INH,INHIBITION,=,=,=,100.0,,%,,100.0,,%,,,,,0,,False,False,False,False,False,False,True,False,False,False,False,False,single_point_inhibition
14750435,CHEMBL3299551,CHEMBL3297713,CHEMBL3298925,CC(C)c1cc2[nH]ncc2cc1-c1ccccc1C(F)(F)F,CHEMBL6007,Homo sapiens,Inhibition,INH,INHIBITION,=,=,=,59.0,,%,,59.0,,%,,,,,0,,False,False,False,False,False,False,True,False,False,False,False,False,single_point_inhibition
14750436,CHEMBL3299551,CHEMBL3297713,CHEMBL3298926,FC(F)(F)c1ccccc1-c1cc2cn[nH]c2cc1C1CC1,CHEMBL6007,Homo sapiens,Inhibition,INH,INHIBITION,=,=,=,99.0,,%,,99.0,,%,,,,,0,,False,False,False,False,False,False,True,False,False,False,False,False,single_point_inhibition
14750437,CHEMBL3299551,CHEMBL3297713,CHEMBL3298927,FC(F)c1cc2[nH]ncc2cc1-c1ccccc1C(F)(F)F,CHEMBL6007,Homo sapiens,Inhibition,INH,INHIBITION,=,=,=,100.0,,%,,100.0,,%,,,,,0,,False,False,False,False,False,False,True,False,False,False,False,False,single_point_inhibition
14750438,CHEMBL3299551,CHEMBL3297713,CHEMBL3299019,COc1cc2[nH]ncc2cc1-c1ccccc1C(F)(F)F,CHEMBL6007,Homo sapiens,Inhibition,INH,INHIBITION,=,=,=,98.0,,%,,98.0,,%,,,,,0,,False,False,False,False,False,False,True,False,False,False,False,False,single_point_inhibition
14750439,CHEMBL3299551,CHEMBL3297713,CHEMBL3299020,CCOc1cc2[nH]ncc2cc1-c1ccccc1C(F)(F)F,CHEMBL6007,Homo sapiens,Inhibition,INH,INHIBITION,=,=,=,97.0,,%,,97.0,,%,,,,,0,,False,False,False,False,False,False,True,False,False,False,False,False,single_point_inhibition
14750440,CHEMBL3299551,CHEMBL3297713,CHEMBL3299021,CC(C)Oc1cc2[nH]ncc2cc1-c1ccccc1C(F)(F)F,CHEMBL6007,Homo sapiens,Inhibition,INH,INHIBITION,=,=,=,97.0,,%,,97.0,,%,,,,,0,,False,False,False,False,False,False,True,False,False,False,False,False,single_point_inhibition
14750441,CHEMBL3299551,CHEMBL3297713,CHEMBL3299022,FC(F)(F)c1ccccc1-c1cc2cn[nH]c2cc1OCC1CC1,CHEMBL6007,Homo sapiens,Inhibition,INH,INHIBITION,=,=,=,98.0,,%,,98.0,,%,,,,,0,,False,False,False,False,False,False,True,False,False,False,False,False,single_point_inhibition
14750442,CHEMBL3299551,CHEMBL3297713,CHEMBL3299023,COCc1cc2[nH]ncc2cc1-c1ccccc1C(F)(F)F,CHEMBL6007,Homo sapiens,Inhibition,INH,INHIBITION,=,=,=,97.0,,%,,97.0,,%,,,,,0,,False,False,False,False,False,False,True,False,False,False,False,False,single_point_inhibition
14750443,CHEMBL3299551,CHEMBL3297713,CHEMBL3299024,FC(F)(F)Oc1cc2[nH]ncc2cc1-c1ccccc1C(F)(F)F,CHEMBL6007,Homo sapiens,Inhibition,INH,INHIBITION,=,=,=,99.0,,%,,99.0,,%,,,,,0,,False,False,False,False,False,False,True,False,False,False,False,False,single_point_inhibition
14750444,CHEMBL3299551,CHEMBL3297713,CHEMBL3299025,FC(F)Oc1cc2[nH]ncc2cc1-c1ccccc1C(F)(F)F,CHEMBL6007,Homo sapiens,Inhibition,INH,INHIBITION,=,=,=,98.0,,%,,98.0,,%,,,,,0,,False,False,False,False,False,False,True,False,False,False,False,False,single_point_inhibition
14750445,CHEMBL3299551,CHEMBL3297713,CHEMBL3299026,N#Cc1cc2[nH]ncc2cc1-c1ccccc1C(F)(F)F,CHEMBL6007,Homo sapiens,Inhibition,INH,INHIBITION,=,=,=,100.0,,%,,100.0,,%,,,,,0,,False,False,False,False,False,False,True,False,False,False,False,False,single_point_inhibition
14750525,CHEMBL3299560,CHEMBL3297713,CHEMBL3298242,FC(F)(F)c1ccccc1-c1ccc2[nH]ncc2c1,CHEMBL6007,Homo sapiens,Inhibition,INH,INHIBITION,=,=,=,97.0,,%,,97.0,,%,,,,,0,,False,False,False,False,False,False,True,False,False,False,False,False,single_point_inhibition
14750527,CHEMBL3299560,CHEMBL3297713,CHEMBL3298923,Cc1cc2[nH]ncc2cc1-c1ccccc1C(F)(F)F,CHEMBL6007,Homo sapiens,Inhibition,INH,INHIBITION,=,=,=,99.0,,%,,99.0,,%,,,,,0,,False,False,False,False,False,False,True,False,False,False,False,False,single_point_inhibition
14750529,CHEMBL3299561,CHEMBL3297713,CHEMBL3298242,FC(F)(F)c1ccccc1-c1ccc2[nH]ncc2c1,CHEMBL6007,Homo sapiens,Inhibition,INH,INHIBITION,=,=,=,100.0,,%,,100.0,,%,,,,,0,,False,False,False,False,False,False,True,False,False,False,False,False,single_point_inhibition
14750531,CHEMBL3299561,CHEMBL3297713,CHEMBL3298923,Cc1cc2[nH]ncc2cc1-c1ccccc1C(F)(F)F,CHEMBL6007,Homo sapiens,Inhibition,INH,INHIBITION,=,=,=,100.0,,%,,100.0,,%,,,,,0,,False,False,False,False,False,False,True,False,False,False,False,False,single_point_inhibition
14756360,CHEMBL3300585,CHEMBL3297644,CHEMBL3298433,Cc1ccc(Oc2ncnc3[nH]ccc23)cc1,CHEMBL6007,Homo sapiens,IC50,IC50,IC50,>,>,>,32000.0,,nM,,32.0,,uM,,,,,0,,False,True,False,True,False,False,False,False,False,False,False,False,non_exact_ic50;right_censored_ic50
14756361,CHEMBL3300585,CHEMBL3297644,CHEMBL3298434,Cc1ccccc1Oc1ncnc2[nH]ccc12,CHEMBL6007,Homo sapiens,IC50,IC50,IC50,>,>,>,32000.0,,nM,,32.0,,uM,,,,,0,,False,True,False,True,False,False,False,False,False,False,False,False,non_exact_ic50;right_censored_ic50
14756362,CHEMBL3300585,CHEMBL3297644,CHEMBL3298435,Cc1ccc(Oc2ncnc3[nH]ccc23)c(C)c1,CHEMBL6007,Homo sapiens,IC50,IC50,IC50,>,>,>,32000.0,,nM,,32.0,,uM,,,,,0,,False,True,False,True,False,False,False,False,False,False,False,False,non_exact_ic50;right_censored_ic50
14756363,CHEMBL3300585,CHEMBL3297644,CHEMBL3298495,Clc1ccc(Oc2ncnc3[nH]ccc23)cc1,CHEMBL6007,Homo sapiens,IC50,IC50,IC50,>,>,>,32000.0,,nM,,32.0,,uM,,,,,0,,False,True,False,True,False,False,False,False,False,False,False,False,non_exact_ic50;right_censored_ic50
14756364,CHEMBL3300585,CHEMBL3297644,CHEMBL3298496,N#Cc1ccc(Oc2ncnc3[nH]ccc23)cc1,CHEMBL6007,Homo sapiens,IC50,IC50,IC50,>,>,>,32000.0,,nM,,32.0,,uM,,,,,0,,False,True,False,True,False,False,False,False,False,False,False,False,non_exact_ic50;right_censored_ic50
14756365,CHEMBL3300585,CHEMBL3297644,CHEMBL3298497,O=[N+]([O-])c1ccc(Oc2ncnc3[nH]ccc23)cc1,CHEMBL6007,Homo sapiens,IC50,IC50,IC50,>,>,>,32000.0,,nM,,32.0,,uM,,,,,0,,False,True,False,True,False,False,False,False,False,False,False,False,non_exact_ic50;right_censored_ic50
14756366,CHEMBL3300585,CHEMBL3297644,CHEMBL3298498,COc1ccc(Oc2ncnc3[nH]ccc23)cc1,CHEMBL6007,Homo sapiens,IC50,IC50,IC50,>,>,>,32000.0,,nM,,32.0,,uM,,,,,0,,False,True,False,True,False,False,False,False,False,False,False,False,non_exact_ic50;right_censored_ic50
14756367,CHEMBL3300585,CHEMBL3297644,CHEMBL3298501,Fc1ccccc1Oc1ncnc2[nH]ccc12,CHEMBL6007,Homo sapiens,IC50,IC50,IC50,>,>,>,32000.0,,nM,,32.0,,uM,,,,,0,,False,True,False,True,False,False,False,False,False,False,False,False,non_exact_ic50;right_censored_ic50
14756368,CHEMBL3300585,CHEMBL3297644,CHEMBL3298502,Fc1cccc(Oc2ncnc3[nH]ccc23)c1,CHEMBL6007,Homo sapiens,IC50,IC50,IC50,>,>,>,32000.0,,nM,,32.0,,uM,,,,,0,,False,True,False,True,False,False,False,False,False,False,False,False,non_exact_ic50;right_censored_ic50
14756369,CHEMBL3300585,CHEMBL3297644,CHEMBL3298503,Fc1ccc(Nc2ncnc3[nH]ccc23)cc1,CHEMBL6007,Homo sapiens,IC50,IC50,IC50,>,>,>,32000.0,,nM,,32.0,,uM,,,,,0,,False,True,False,True,False,False,False,False,False,False,False,False,non_exact_ic50;right_censored_ic50
14756370,CHEMBL3300585,CHEMBL3297644,CHEMBL3298504,Fc1ccc(Cc2ncnc3[nH]ccc23)cc1,CHEMBL6007,Homo sapiens,IC50,IC50,IC50,>,>,>,32000.0,,nM,,32.0,,uM,,,,,0,,False,True,False,True,False,False,False,False,False,False,False,False,non_exact_ic50;right_censored_ic50
14756371,CHEMBL3300585,CHEMBL3297644,CHEMBL3298586,Fc1ccc(Oc2ccncn2)c(F)c1,CHEMBL6007,Homo sapiens,IC50,IC50,IC50,>,>,>,32000.0,,nM,,32.0,,uM,,,,,0,,False,True,False,True,False,False,False,False,False,False,False,False,non_exact_ic50;right_censored_ic50
14756372,CHEMBL3300585,CHEMBL3297644,CHEMBL3298587,Cn1ccc2c(Oc3ccc(F)cc3F)ncnc21,CHEMBL6007,Homo sapiens,IC50,IC50,IC50,>,>,>,32000.0,,nM,,32.0,,uM,,,,,0,,False,True,False,True,False,False,False,False,False,False,False,False,non_exact_ic50;right_censored_ic50
14756373,CHEMBL3300585,CHEMBL3297644,CHEMBL3298687,Fc1ccc(Oc2ncnc3cc[nH]c23)c(F)c1,CHEMBL6007,Homo sapiens,IC50,IC50,IC50,>,>,>,32000.0,,nM,,32.0,,uM,,,,,0,,False,True,False,True,False,False,False,False,False,False,False,False,non_exact_ic50;right_censored_ic50
14756374,CHEMBL3300585,CHEMBL3297644,CHEMBL3298688,Fc1ccc(Oc2ncnc3ccoc23)c(F)c1,CHEMBL6007,Homo sapiens,IC50,IC50,IC50,>,>,>,32000.0,,nM,,32.0,,uM,,,,,0,,False,True,False,True,False,False,False,False,False,False,False,False,non_exact_ic50;right_censored_ic50
14756375,CHEMBL3300585,CHEMBL3297644,CHEMBL3298689,Fc1ccc(Oc2ncnc3occc23)c(F)c1,CHEMBL6007,Homo sapiens,IC50,IC50,IC50,>,>,>,32000.0,,nM,,32.0,,uM,,,,,0,,False,True,False,True,False,False,False,False,False,False,False,False,non_exact_ic50;right_censored_ic50
14756376,CHEMBL3300585,CHEMBL3297644,CHEMBL3297753,Fc1ccc(Oc2ccnc3[nH]ccc23)c(F)c1,CHEMBL6007,Homo sapiens,IC50,IC50,IC50,>,>,>,32000.0,,nM,,32.0,,uM,,,,,0,,False,True,False,True,False,False,False,False,False,False,False,False,non_exact_ic50;right_censored_ic50
14756377,CHEMBL3300585,CHEMBL3297644,CHEMBL3297859,COc1ccc2ncnc(Oc3ccc(F)cc3F)c2c1,CHEMBL6007,Homo sapiens,IC50,IC50,IC50,>,>,>,32000.0,,nM,,32.0,,uM,,,,,0,,False,True,False,True,False,False,False,False,False,False,False,False,non_exact_ic50;right_censored_ic50
14756378,CHEMBL3300585,CHEMBL3297644,CHEMBL3297860,Fc1ccc(Oc2ncnc3ccccc23)c(F)c1,CHEMBL6007,Homo sapiens,IC50,IC50,IC50,>,>,>,32000.0,,nM,,32.0,,uM,,,,,0,,False,True,False,True,False,False,False,False,False,False,False,False,non_exact_ic50;right_censored_ic50
14756379,CHEMBL3300585,CHEMBL3297644,CHEMBL3298323,Fc1cc(F)c(Oc2ncnc3[nH]ccc23)c(F)c1,CHEMBL6007,Homo sapiens,IC50,IC50,IC50,>,>,>,32000.0,,nM,,32.0,,uM,,,,,0,,False,True,False,True,False,False,False,False,False,False,False,False,non_exact_ic50;right_censored_ic50
15036194,CHEMBL3363074,CHEMBL3352604,CHEMBL3314491,COCCCOc1cccc([C@@H]2NC(=S)Nc3c2oc2ncccc32)c1,CHEMBL6007,Homo sapiens,IC50,IC50,IC50,>,>,>,40000000.0,,nM,,40.0,,mM,,,,Outside typical range,0,,False,True,False,True,False,False,False,False,False,True,False,False,non_exact_ic50;right_censored_ic50;has_validity_comment
15036202,CHEMBL3363074,CHEMBL3352604,CHEMBL3314483,COCCCOc1cc(C2NC(=S)NC3=C2C(=O)c2ccccc23)ccn1,CHEMBL6007,Homo sapiens,IC50,IC50,IC50,>,>,>,40000.0,,nM,,40.0,,uM,,,,,0,,False,True,False,True,False,False,False,False,False,False,False,False,non_exact_ic50;right_censored_ic50
15036204,CHEMBL3363074,CHEMBL3352604,CHEMBL3314481,COCCCOc1ccnc(C2NC(=S)NC3=C2C(=O)c2ccccc23)c1,CHEMBL6007,Homo sapiens,IC50,IC50,IC50,>,>,>,2000.0,,nM,,2.0,,uM,,,,,0,,False,True,False,True,False,False,False,False,False,False,False,False,non_exact_ic50;right_censored_ic50
15035365,CHEMBL3364861,CHEMBL3352245,CHEMBL3311179,CCCN(CCC)c1cc(NC(=O)c2cccs2)cc(C(F)(F)F)c1,CHEMBL6007,Homo sapiens,IC50,IC50,IC50,>,>,>,32000.0,,nM,,32.0,,uM,,,,,0,,False,True,False,True,False,False,False,False,False,False,False,False,non_exact_ic50;right_censored_ic50
15035377,CHEMBL3364861,CHEMBL3352245,CHEMBL3311185,CCCNc1cc(NC(=O)c2ccccn2)cc(C(F)(F)F)c1,CHEMBL6007,Homo sapiens,IC50,IC50,IC50,>,>,>,32000.0,,nM,,32.0,,uM,,,,,0,,False,True,False,True,False,False,False,False,False,False,False,False,non_exact_ic50;right_censored_ic50
15035389,CHEMBL3364861,CHEMBL3352245,CHEMBL3311191,CCCNc1cc(N)cc(C(F)(F)F)c1,CHEMBL6007,Homo sapiens,IC50,IC50,IC50,>,>,>,32000.0,,nM,,32.0,,uM,,,,,0,,False,True,False,True,False,False,False,False,False,False,False,False,non_exact_ic50;right_censored_ic50
15035399,CHEMBL3364861,CHEMBL3352245,CHEMBL3311193,CCCN(C)c1cc(NC(=O)c2c(F)cccc2F)cc(C(F)(F)F)c1,CHEMBL6007,Homo sapiens,IC50,IC50,IC50,>,>,>,32000.0,,nM,,32.0,,uM,,,,,0,,False,True,False,True,False,False,False,False,False,False,False,False,non_exact_ic50;right_censored_ic50
15035400,CHEMBL3364861,CHEMBL3352245,CHEMBL3311194,CCCOc1cc(NC(=O)c2c(F)cccc2F)cc(C(F)(F)F)c1,CHEMBL6007,Homo sapiens,IC50,IC50,IC50,>,>,>,32000.0,,nM,,32.0,,uM,,,,,0,,False,True,False,True,False,False,False,False,False,False,False,False,non_exact_ic50;right_censored_ic50
17685217,CHEMBL3706106,CHEMBL3639113,CHEMBL3697716,CCCCC(/C=C/c1ccc(F)cc1)=N\O,CHEMBL6007,Homo sapiens,IC50,IC50,IC50,>,>,>,100000.0,,nM,,100000.0,,nM,304356,,,,0,,False,True,False,True,False,False,False,False,False,False,False,False,non_exact_ic50;right_censored_ic50
17685218,CHEMBL3706106,CHEMBL3639113,CHEMBL3701197,CCC(=N\O)/C(C)=C/c1ccc(F)c(C)c1,CHEMBL6007,Homo sapiens,IC50,IC50,IC50,>,>,>,100000.0,,nM,,100000.0,,nM,304357,,,,0,,False,True,False,True,False,False,False,False,False,False,False,False,non_exact_ic50;right_censored_ic50
17685219,CHEMBL3706106,CHEMBL3639113,CHEMBL3701198,CCC(=N\O)/C(C)=C/c1ccc(F)c(C(F)(F)F)c1,CHEMBL6007,Homo sapiens,IC50,IC50,IC50,>,>,>,100000.0,,nM,,100000.0,,nM,304358,,,,0,,False,True,False,True,False,False,False,False,False,False,False,False,non_exact_ic50;right_censored_ic50
17685220,CHEMBL3706106,CHEMBL3639113,CHEMBL3701199,CCC(=N\O)/C(C)=C/c1ccc(F)c(C#N)c1,CHEMBL6007,Homo sapiens,IC50,IC50,IC50,>,>,>,100000.0,,nM,,100000.0,,nM,304359,,,,0,,False,True,False,True,False,False,False,False,False,False,False,False,non_exact_ic50;right_censored_ic50
16436155,CHEMBL3757221,CHEMBL3751794,CHEMBL3752955,CNC[C@@H]1CC[C@H](c2ccc(F)cc2)N1S(=O)(=O)c1cc(C)c(F)c(C)c1,CHEMBL6007,Homo sapiens,IC50,IC50,IC50,>,>,>,20000.0,,nM,,20.0,,uM,,,,,0,,False,True,False,True,False,False,False,False,False,False,False,False,non_exact_ic50;right_censored_ic50
16436156,CHEMBL3757221,CHEMBL3751794,CHEMBL3754680,Cc1cc(S(=O)(=O)N2[C@H](CN(C)C)CC[C@@H]2c2ccc(F)cc2)cc(C)c1F,CHEMBL6007,Homo sapiens,IC50,IC50,IC50,>,>,>,18000.0,,nM,,18.0,,uM,,,,,0,,False,True,False,True,False,False,False,False,False,False,False,False,non_exact_ic50;right_censored_ic50
16436157,CHEMBL3757221,CHEMBL3751794,CHEMBL3753331,Cc1cc(S(=O)(=O)N2[C@H](CNCC(F)(F)F)CC[C@@H]2c2ccc(F)cc2)cc(C)c1F,CHEMBL6007,Homo sapiens,IC50,IC50,IC50,>,>,>,20000.0,,nM,,20.0,,uM,,,,,0,,False,True,False,True,False,False,False,False,False,False,False,False,non_exact_ic50;right_censored_ic50
16436158,CHEMBL3757221,CHEMBL3751794,CHEMBL3753761,O=S(=O)(c1cccnc1)N1[C@H](CO)CC[C@@H]1c1ccc(F)cc1,CHEMBL6007,Homo sapiens,IC50,IC50,IC50,>,>,>,20000.0,,nM,,20.0,,uM,,,,,0,,False,True,False,True,False,False,False,False,False,False,False,False,non_exact_ic50;right_censored_ic50
16436159,CHEMBL3757221,CHEMBL3751794,CHEMBL3754609,O=S(=O)(c1ccc(F)cn1)N1[C@H](CO)CC[C@@H]1c1ccc(F)cc1,CHEMBL6007,Homo sapiens,IC50,IC50,IC50,>,>,>,20000.0,,nM,,20.0,,uM,,,,,0,,False,True,False,True,False,False,False,False,False,False,False,False,non_exact_ic50;right_censored_ic50
16436160,CHEMBL3757221,CHEMBL3751794,CHEMBL3753486,Cc1cc(C(=O)N2[C@H](CO)CC[C@@H]2c2ccc(F)cc2)cc(C)c1F,CHEMBL6007,Homo sapiens,IC50,IC50,IC50,>,>,>,20000.0,,nM,,20.0,,uM,,,,,0,,False,True,False,True,False,False,False,False,False,False,False,False,non_exact_ic50;right_censored_ic50
16436162,CHEMBL3757221,CHEMBL3751794,CHEMBL3754775,O=S(=O)(c1ccccc1)N1[C@H](CO)CC[C@@H]1c1ccc(F)cc1,CHEMBL6007,Homo sapiens,IC50,IC50,IC50,>,>,>,19000.0,,nM,,19.0,,uM,,,,,0,,False,True,False,True,False,False,False,False,False,False,False,False,non_exact_ic50;right_censored_ic50
16535306,CHEMBL3789590,CHEMBL3784976,CHEMBL3785171,Cc1cccc2c(=O)n(CC(=O)NCCc3ccccc3)cnc12,CHEMBL6007,Homo sapiens,IC50,IC50,IC50,>,>,>,8330.0,,nM,,8.33,,uM,,,,,0,,False,True,False,True,False,False,False,False,False,False,False,False,non_exact_ic50;right_censored_ic50
16535307,CHEMBL3789590,CHEMBL3784976,CHEMBL3786008,COc1ccc(CCNC(=O)Cn2cnc3c(C)cccc3c2=O)cc1,CHEMBL6007,Homo sapiens,IC50,IC50,IC50,,,,,,,,,,,Not Determined,,,,0,,False,True,False,False,False,False,False,False,False,False,False,False,non_exact_ic50
16535906,CHEMBL3789590,CHEMBL3784976,CHEMBL3785109,COc1cccc(CCNC(=O)Cn2cnc3c(C)cccc3c2=O)c1,CHEMBL6007,Homo sapiens,IC50,IC50,IC50,>,>,>,16700.0,,nM,,16.7,,uM,,,,,0,,False,True,False,True,False,False,False,False,False,False,False,False,non_exact_ic50;right_censored_ic50
16535907,CHEMBL3789590,CHEMBL3784976,CHEMBL3786654,COc1ccccc1CCNC(=O)Cn1cnc2c(C)cccc2c1=O,CHEMBL6007,Homo sapiens,IC50,IC50,IC50,>,>,>,16700.0,,nM,,16.7,,uM,,,,,0,,False,True,False,True,False,False,False,False,False,False,False,False,non_exact_ic50;right_censored_ic50
16535909,CHEMBL3789590,CHEMBL3784976,CHEMBL3785898,O=C(Cn1cnc2ccccc2c1=O)NCCc1ccc(Cl)cc1,CHEMBL6007,Homo sapiens,IC50,IC50,IC50,>,>,>,16700.0,,nM,,16.7,,uM,,,,,0,,False,True,False,True,False,False,False,False,False,False,False,False,non_exact_ic50;right_censored_ic50
16535910,CHEMBL3789590,CHEMBL3784976,CHEMBL3785326,Cc1ccc2c(=O)n(CC(=O)NCCc3ccc(Cl)cc3)cnc2c1,CHEMBL6007,Homo sapiens,IC50,IC50,IC50,>,>,>,4200.0,,nM,,4.2,,uM,,,,,0,,False,True,False,True,False,False,False,False,False,False,False,False,non_exact_ic50;right_censored_ic50
18105435,CHEMBL4022611,CHEMBL4020807,CHEMBL4090371,COc1ccc(NC(=O)c2cc(O)cc(O)c2)cc1,CHEMBL6007,Homo sapiens,IC50,IC50,IC50,>,>,>,30000.0,,nM,,30.0,,uM,,,,,0,,False,True,False,True,False,False,False,False,False,False,False,False,non_exact_ic50;right_censored_ic50
18105436,CHEMBL4022611,CHEMBL4020807,CHEMBL111234,Oc1ccc(CCc2cc(O)cc(O)c2)cc1,CHEMBL6007,Homo sapiens,IC50,IC50,IC50,>,>,>,30000.0,,nM,,30.0,,uM,,,,,0,,False,True,False,True,False,False,False,False,False,False,False,False,non_exact_ic50;right_censored_ic50
18105438,CHEMBL4022611,CHEMBL4020807,CHEMBL4088443,Clc1cc(Cl)cc(/C=C/c2ccccc2)c1,CHEMBL6007,Homo sapiens,IC50,IC50,IC50,>,>,>,30000.0,,nM,,30.0,,uM,,,,,0,,False,True,False,True,False,False,False,False,False,False,False,False,non_exact_ic50;right_censored_ic50
18105439,CHEMBL4022611,CHEMBL4020807,CHEMBL178733,Clc1ccc(/C=C/c2cc(Cl)cc(Cl)c2)cc1,CHEMBL6007,Homo sapiens,IC50,IC50,IC50,>,>,>,30000.0,,nM,,30.0,,uM,,,,,0,,False,True,False,True,False,False,False,False,False,False,False,False,non_exact_ic50;right_censored_ic50
18105440,CHEMBL4022611,CHEMBL4020807,CHEMBL3827411,Oc1cc(O)cc(/C=C/c2ccc(Cl)cc2)c1,CHEMBL6007,Homo sapiens,IC50,IC50,IC50,>,>,>,30000.0,,nM,,30.0,,uM,,,,,0,,False,True,False,True,False,False,False,False,False,False,False,False,non_exact_ic50;right_censored_ic50
18105441,CHEMBL4022611,CHEMBL4020807,CHEMBL99852,Oc1cccc(/C=C/c2cc(O)cc(O)c2)c1,CHEMBL6007,Homo sapiens,IC50,IC50,IC50,>,>,>,30000.0,,nM,,30.0,,uM,,,,,0,,False,True,False,True,False,False,False,False,False,False,False,False,non_exact_ic50;right_censored_ic50
18105442,CHEMBL4022611,CHEMBL4020807,CHEMBL2387060,Oc1ccccc1/C=C/c1ccccc1,CHEMBL6007,Homo sapiens,IC50,IC50,IC50,>,>,>,30000.0,,nM,,30.0,,uM,,,,,0,,False,True,False,True,False,False,False,False,False,False,False,False,non_exact_ic50;right_censored_ic50
18105443,CHEMBL4022611,CHEMBL4020807,CHEMBL165,Oc1ccc(/C=C/c2cc(O)cc(O)c2)cc1,CHEMBL6007,Homo sapiens,IC50,IC50,IC50,>,>,>,30000.0,,nM,,30.0,,uM,,,,,0,,False,True,False,True,False,False,False,False,False,False,False,False,non_exact_ic50;right_censored_ic50
18167784,CHEMBL4036813,CHEMBL4033760,CHEMBL4072661,FC(F)(F)c1ccc2c(Nc3ccc(C(F)(F)F)nc3)n[nH]c2c1,CHEMBL6007,Homo sapiens,IC50,IC50,IC50,>,>,>,10000.0,,nM,,10000.0,,nM,,,,,0,,False,True,False,True,False,False,False,False,False,False,False,False,non_exact_ic50;right_censored_ic50
18167786,CHEMBL4036813,CHEMBL4033760,CHEMBL4068678,Cn1nc(Nc2ccc(Cl)nc2)c2ccc(C(F)(F)F)cc21,CHEMBL6007,Homo sapiens,IC50,IC50,IC50,>,>,>,10000.0,,nM,,10000.0,,nM,,,,,0,,False,True,False,True,False,False,False,False,False,False,False,False,non_exact_ic50;right_censored_ic50
18167787,CHEMBL4036813,CHEMBL4033760,CHEMBL4103736,CN(c1ccc(Cl)nc1)c1n[nH]c2cc(C(F)(F)F)ccc12,CHEMBL6007,Homo sapiens,IC50,IC50,IC50,>,>,>,10000.0,,nM,,10000.0,,nM,,,,,0,,False,True,False,True,False,False,False,False,False,False,False,False,non_exact_ic50;right_censored_ic50
18167788,CHEMBL4036813,CHEMBL4033760,CHEMBL4079487,CN(c1ccc(Cl)nc1)c1nn(C)c2cc(C(F)(F)F)ccc12,CHEMBL6007,Homo sapiens,IC50,IC50,IC50,>,>,>,10000.0,,nM,,10000.0,,nM,,,,,0,,False,True,False,True,False,False,False,False,False,False,False,False,non_exact_ic50;right_censored_ic50
18167853,CHEMBL4036824,CHEMBL4033760,CHEMBL4101680,N#Cc1ccc(-c2n[nH]c3cc(OC(F)(F)F)ccc23)cc1,CHEMBL6007,Homo sapiens,IC50,IC50,IC50,>,>,>,10000.0,,nM,,10.0,,uM,,,,,0,,False,True,False,True,False,False,False,False,False,False,False,False,non_exact_ic50;right_censored_ic50
18226686,CHEMBL4049011,CHEMBL4043298,CHEMBL4096911,C[C@H]1[C@H](F)C[C@@H](N(COP(=O)([O-])[O-])Cc2cc(-c3cnc(C(F)(F)F)nc3)ncc2F)N1S(=O)(=O)c1ccc(F)cc1.[Na+].[Na+],CHEMBL6007,Homo sapiens,IC50,IC50,IC50,>,>,>,20000.0,,nM,,20.0,,uM,,,,,0,,False,True,False,True,False,False,False,False,False,False,False,False,non_exact_ic50;right_censored_ic50
18506791,CHEMBL4190624,CHEMBL4190175,CHEMBL4204640,Cc1nc(C(=O)NCC(Cc2ccccc2)N2CCC(O)(C(F)(F)F)CC2)c(C(F)(F)F)o1,CHEMBL6007,Homo sapiens,IC50,IC50,IC50,>,>,>,10000.0,,nM,,10000.0,,nM,,,,,0,,False,True,False,True,False,False,False,False,False,False,False,False,non_exact_ic50;right_censored_ic50
18506792,CHEMBL4190624,CHEMBL4190175,CHEMBL4215517,CC(C)(C)c1ccc(CC(=O)NCC(Cc2ccccc2)N2CCC(O)(C(F)(F)F)CC2)cc1,CHEMBL6007,Homo sapiens,IC50,IC50,IC50,>,>,>,10000.0,,nM,,10000.0,,nM,,,,,0,,False,True,False,True,False,False,False,False,False,False,False,False,non_exact_ic50;right_censored_ic50
18506795,CHEMBL4190624,CHEMBL4190175,CHEMBL4216934,O=C(NCC(Cc1ccc(F)cc1)N1CCC2(CC1)COC2)C1(c2ccc(F)cc2)CCCC1,CHEMBL6007,Homo sapiens,IC50,IC50,IC50,>,>,>,10000.0,,nM,,10000.0,,nM,,,,,0,,False,True,False,True,False,False,False,False,False,False,False,False,non_exact_ic50;right_censored_ic50
18506796,CHEMBL4190624,CHEMBL4190175,CHEMBL4211963,O=C(NCC(Cc1ccc(F)cc1)N1CCC2(C1)CC2(F)F)C1(c2ccc(F)cc2)CCCC1,CHEMBL6007,Homo sapiens,IC50,IC50,IC50,>,>,>,10000.0,,nM,,10000.0,,nM,,,,,0,,False,True,False,True,False,False,False,False,False,False,False,False,non_exact_ic50;right_censored_ic50
18506797,CHEMBL4190624,CHEMBL4190175,CHEMBL4204745,O=C(NCC(Cc1ccc(F)cc1)N1CC2CCC1C2)C1(c2ccc(F)cc2)CC1,CHEMBL6007,Homo sapiens,IC50,IC50,IC50,>,>,>,10000.0,,nM,,10000.0,,nM,,,,,0,,False,True,False,True,False,False,False,False,False,False,False,False,non_exact_ic50;right_censored_ic50
18506798,CHEMBL4190624,CHEMBL4190175,CHEMBL4216418,O=C(NCC(Cc1ccc(F)cc1)N1CCC(O)C1)C1(c2ccc(F)cc2)CCCC1,CHEMBL6007,Homo sapiens,IC50,IC50,IC50,>,>,>,10000.0,,nM,,10000.0,,nM,,,,,0,,False,True,False,True,False,False,False,False,False,False,False,False,non_exact_ic50;right_censored_ic50
18506799,CHEMBL4190624,CHEMBL4190175,CHEMBL4209088,O=C1CCC2(CCN(C(CNC(=O)C3(c4ccc(F)cc4)CC3)Cc3ccc(F)cc3)CC2)N1,CHEMBL6007,Homo sapiens,IC50,IC50,IC50,>,>,>,10000.0,,nM,,10000.0,,nM,,,,,0,,False,True,False,True,False,False,False,False,False,False,False,False,non_exact_ic50;right_censored_ic50
18506839,CHEMBL4190659,CHEMBL4190175,CHEMBL4217118,O=C(NCC(Cc1ccccc1)N1CCN(c2ccccn2)CC1)C1(c2ccc(Cl)cc2)CCCC1,CHEMBL6007,Homo sapiens,IC50,IC50,IC50,>,>,>,1000.0,,nM,,1000.0,,nM,,,,,0,,False,True,False,True,False,False,False,False,False,False,False,False,non_exact_ic50;right_censored_ic50
18506840,CHEMBL4190659,CHEMBL4190175,CHEMBL4212148,CC(C)C(CNC(=O)C1(c2ccc(Cl)cc2)CCCC1)N1CCC(O)(C(F)(F)F)CC1,CHEMBL6007,Homo sapiens,IC50,IC50,IC50,>,>,>,1000.0,,nM,,1000.0,,nM,,,,,0,,False,True,False,True,False,False,False,False,False,False,False,False,non_exact_ic50;right_censored_ic50
18506843,CHEMBL4190659,CHEMBL4190175,CHEMBL4217257,CN1CCN(C(CNC(=O)C2(c3ccc(Cl)cc3)CCCC2)Cc2ccccc2)CC1,CHEMBL6007,Homo sapiens,IC50,IC50,IC50,>,>,>,3000.0,,nM,,3000.0,,nM,,,,,0,,False,True,False,True,False,False,False,False,False,False,False,False,non_exact_ic50;right_censored_ic50
18506844,CHEMBL4190659,CHEMBL4190175,CHEMBL4205547,CN(CC(Cc1ccccc1)N1CCC(O)(C(F)(F)F)CC1)C(=O)C1(c2ccc(Cl)cc2)CCCC1,CHEMBL6007,Homo sapiens,IC50,IC50,IC50,>,>,>,1000.0,,nM,,1000.0,,nM,,,,,0,,False,True,False,True,False,False,False,False,False,False,False,False,non_exact_ic50;right_censored_ic50
18506846,CHEMBL4190659,CHEMBL4190175,CHEMBL4217779,O=C(NCC(c1ccccc1)N1CCC(O)(C(F)(F)F)CC1)C1(c2ccc(Cl)cc2)CC1,CHEMBL6007,Homo sapiens,IC50,IC50,IC50,>,>,>,3000.0,,nM,,3000.0,,nM,,,,,0,,False,True,False,True,False,False,False,False,False,False,False,False,non_exact_ic50;right_censored_ic50
19019822,CHEMBL4347276,CHEMBL4346663,CHEMBL1081755,O=C(/C=C/c1ccccc1)Nc1ccccc1C(=O)O,CHEMBL6007,Homo sapiens,IC50,IC50,IC50,,,,,,,,,,,Not Determined,,,,0,,False,True,False,False,False,False,False,False,False,False,False,False,non_exact_ic50
19019823,CHEMBL4347276,CHEMBL4346663,CHEMBL4461696,O=C(/C=C/c1ccc([N+](=O)[O-])cc1)Nc1ccccc1C(=O)O,CHEMBL6007,Homo sapiens,IC50,IC50,IC50,,,,,,,,,,,Not Determined,,,,0,,False,True,False,False,False,False,False,False,False,False,False,False,non_exact_ic50
19019824,CHEMBL4347276,CHEMBL4346663,CHEMBL4446849,O=C(/C=C/c1ccc(C(F)(F)F)cc1)Nc1ccccc1C(=O)O,CHEMBL6007,Homo sapiens,IC50,IC50,IC50,,,,,,,,,,,Not Determined,,,,0,,False,True,False,False,False,False,False,False,False,False,False,False,non_exact_ic50
19019829,CHEMBL4347276,CHEMBL4346663,CHEMBL4557362,Cc1ccc(/C=C/C(=O)Nc2ccccc2C(=O)O)cc1,CHEMBL6007,Homo sapiens,IC50,IC50,IC50,,,,,,,,,,,Not Determined,,,,0,,False,True,False,False,False,False,False,False,False,False,False,False,non_exact_ic50
19019835,CHEMBL4347276,CHEMBL4346663,CHEMBL492219,O=C(CCc1ccccc1)Nc1ccccc1C(=O)O,CHEMBL6007,Homo sapiens,IC50,IC50,IC50,,,,,,,,,,,Not Determined,,,,0,,False,True,False,False,False,False,False,False,False,False,False,False,non_exact_ic50
19019836,CHEMBL4347276,CHEMBL4346663,CHEMBL4515858,COc1ccc(CCC(=O)Nc2ccccc2C(=O)O)cc1,CHEMBL6007,Homo sapiens,IC50,IC50,IC50,,,,,,,,,,,Not Determined,,,,0,,False,True,False,False,False,False,False,False,False,False,False,False,non_exact_ic50
19019837,CHEMBL4347276,CHEMBL4346663,CHEMBL4586540,O=C(O)C1CCCCN1C(=O)/C=C/c1ccccc1,CHEMBL6007,Homo sapiens,IC50,IC50,IC50,,,,,,,,,,,Not Determined,,,,0,,False,True,False,False,False,False,False,False,False,False,False,False,non_exact_ic50
19019838,CHEMBL4347276,CHEMBL4346663,CHEMBL242002,O=C(O)[C@@H]1CCCN1C(=O)/C=C/c1ccccc1,CHEMBL6007,Homo sapiens,IC50,IC50,IC50,,,,,,,,,,,Not Determined,,,,0,,False,True,False,False,False,False,False,False,False,False,False,False,non_exact_ic50
19019839,CHEMBL4347276,CHEMBL4346663,CHEMBL4458679,C/C(=C\c1ccccc1)C(=O)Nc1ccccc1C(=O)O,CHEMBL6007,Homo sapiens,IC50,IC50,IC50,,,,,,,,,,,Not Determined,,,,0,,False,True,False,False,False,False,False,False,False,False,False,False,non_exact_ic50
19019840,CHEMBL4347276,CHEMBL4346663,CHEMBL4460424,O=C(Nc1ccccc1C(=O)O)/C(=C/c1ccccc1)c1ccccc1,CHEMBL6007,Homo sapiens,IC50,IC50,IC50,,,,,,,,,,,Not Determined,,,,0,,False,True,False,False,False,False,False,False,False,False,False,False,non_exact_ic50
23317241,CHEMBL4880071,CHEMBL4507256,CHEMBL3701197,CCC(=N\O)/C(C)=C/c1ccc(F)c(C)c1,CHEMBL6007,Homo sapiens,IC50,IC50,IC50,>,>,>,100000.0,,nM,,100.0,,uM,Not Active,,,,0,,False,True,False,True,False,True,False,False,False,False,False,False,non_exact_ic50;right_censored_ic50;text_contains_inactive
23374260,CHEMBL4885651,CHEMBL4507328,CHEMBL4555711,COc1cc(N[C@@H]2CCCC[C@]2(O)C(F)(F)F)ccc1F,CHEMBL6007,Homo sapiens,IC50,IC50,IC50,>,>,>,25000.0,,nM,,25.0,,uM,Not Active,,,,0,,False,True,False,True,False,True,False,False,False,False,False,False,non_exact_ic50;right_censored_ic50;text_contains_inactive
25448978,CHEMBL5318377,CHEMBL5316309,CHEMBL5437183,CC1(C)CCC[C@](O)(C(F)(F)F)[C@H]1Cc1ccc(F)cc1,CHEMBL6007,Homo sapiens,IC50,IC50,IC50,>,>,>,25000.0,,nM,,25000.0,,nM,,,,,0,"[{""comments"": null, ""relation"": ""="", ""result_flag"": 0, ""standard_relation"": ""="", ""standard_text_value"": null, ""standard_type"": ""TIME"", ""standard_units"": ""hr"", ""standard_value"": ""0.1667"", ""text_value"": null, ""type"": ""TIME"", ""units"": ""min"", ""value"": ""10.0""}]",False,True,False,True,False,False,False,False,False,False,False,False,non_exact_ic50;right_censored_ic50
25448985,CHEMBL5318377,CHEMBL5316309,CHEMBL5438649,COc1ccc(CC2C(C)(C)CCCC2(O)C(F)(F)F)cc1,CHEMBL6007,Homo sapiens,IC50,IC50,IC50,>,>,>,12500.0,,nM,,12500.0,,nM,,,,,0,"[{""comments"": null, ""relation"": ""="", ""result_flag"": 0, ""standard_relation"": ""="", ""standard_text_value"": null, ""standard_type"": ""TIME"", ""standard_units"": ""hr"", ""standard_value"": ""0.1667"", ""text_value"": null, ""type"": ""TIME"", ""units"": ""min"", ""value"": ""10.0""}]",False,True,False,True,False,False,False,False,False,False,False,False,non_exact_ic50;right_censored_ic50
25448986,CHEMBL5318377,CHEMBL5316309,CHEMBL5396560,CCNC(=O)c1ccc(CC2C(C)(C)CCCC2(O)C(F)(F)F)cc1,CHEMBL6007,Homo sapiens,IC50,IC50,IC50,>,>,>,12500.0,,nM,,12500.0,,nM,,,,,0,"[{""comments"": null, ""relation"": ""="", ""result_flag"": 0, ""standard_relation"": ""="", ""standard_text_value"": null, ""standard_type"": ""TIME"", ""standard_units"": ""hr"", ""standard_value"": ""0.1667"", ""text_value"": null, ""type"": ""TIME"", ""units"": ""min"", ""value"": ""10.0""}]",False,True,False,True,False,False,False,False,False,False,False,False,non_exact_ic50;right_censored_ic50
25449005,CHEMBL5318377,CHEMBL5316309,CHEMBL5397294,O=C1c2ccc(F)cc2CN1[C@@H]1CCCC[C@]1(O)C(F)(F)F,CHEMBL6007,Homo sapiens,IC50,IC50,IC50,>,>,>,25000.0,,nM,,25000.0,,nM,,,,,0,"[{""comments"": null, ""relation"": ""="", ""result_flag"": 0, ""standard_relation"": ""="", ""standard_text_value"": null, ""standard_type"": ""TIME"", ""standard_units"": ""hr"", ""standard_value"": ""0.1667"", ""text_value"": null, ""type"": ""TIME"", ""units"": ""min"", ""value"": ""10.0""}]",False,True,False,True,False,False,False,False,False,False,False,False,non_exact_ic50;right_censored_ic50
25449014,CHEMBL5318377,CHEMBL5316309,CHEMBL4555711,COc1cc(N[C@@H]2CCCC[C@]2(O)C(F)(F)F)ccc1F,CHEMBL6007,Homo sapiens,IC50,IC50,IC50,>,>,>,25000.0,,nM,,25000.0,,nM,,,,,0,"[{""comments"": null, ""relation"": ""="", ""result_flag"": 0, ""standard_relation"": ""="", ""standard_text_value"": null, ""standard_type"": ""TIME"", ""standard_units"": ""hr"", ""standard_value"": ""0.1667"", ""text_value"": null, ""type"": ""TIME"", ""units"": ""min"", ""value"": ""10.0""}]",False,True,False,True,False,False,False,False,False,False,False,False,non_exact_ic50;right_censored_ic50
25608060,CHEMBL5360087,CHEMBL5357058,CHEMBL3785173,CC1=C(CC[C@]2(C)CC[C@H]([C@@H](C)C(=O)O)OO2)C(C)(C)CCC1,CHEMBL6007,Homo sapiens,IC50,IC50,IC50,>,>,>,30000.0,,nM,,30.0,,uM,,,,,0,"[{""comments"": null, ""relation"": ""="", ""result_flag"": 0, ""standard_relation"": ""="", ""standard_text_value"": null, ""standard_type"": ""TIME"", ""standard_units"": ""hr"", ""standard_value"": ""0.08333"", ""text_value"": null, ""type"": ""TIME"", ""units"": ""min"", ""value"": ""5.0""}]",False,True,False,True,False,False,False,False,False,False,False,False,non_exact_ic50;right_censored_ic50
25608064,CHEMBL5360087,CHEMBL5357058,CHEMBL5398011,COC(=O)[C@H](C)[C@H]1CC[C@@](C)(CCC2=C(C)C(O)CCC2(C)C)OO1,CHEMBL6007,Homo sapiens,IC50,IC50,IC50,>,>,>,30000.0,,nM,,30.0,,uM,,,,,0,"[{""comments"": null, ""relation"": ""="", ""result_flag"": 0, ""standard_relation"": ""="", ""standard_text_value"": null, ""standard_type"": ""TIME"", ""standard_units"": ""hr"", ""standard_value"": ""0.08333"", ""text_value"": null, ""type"": ""TIME"", ""units"": ""min"", ""value"": ""5.0""}]",False,True,False,True,False,False,False,False,False,False,False,False,non_exact_ic50;right_censored_ic50
25608065,CHEMBL5360087,CHEMBL5357058,CHEMBL5441113,COC(=O)[C@H](C)[C@H]1CC[C@@](C)(CCC2=C(C)C(OC)CCC2(C)C)OO1,CHEMBL6007,Homo sapiens,IC50,IC50,IC50,>,>,>,30000.0,,nM,,30.0,,uM,,,,,0,"[{""comments"": null, ""relation"": ""="", ""result_flag"": 0, ""standard_relation"": ""="", ""standard_text_value"": null, ""standard_type"": ""TIME"", ""standard_units"": ""hr"", ""standard_value"": ""0.08333"", ""text_value"": null, ""type"": ""TIME"", ""units"": ""min"", ""value"": ""5.0""}]",False,True,False,True,False,False,False,False,False,False,False,False,non_exact_ic50;right_censored_ic50
25608066,CHEMBL5360087,CHEMBL5357058,CHEMBL5419990,COC(=O)[C@H](C)[C@H]1CC[C@@](C)(CCC2=C(CO)CCCC2(C)C)OO1,CHEMBL6007,Homo sapiens,IC50,IC50,IC50,>,>,>,30000.0,,nM,,30.0,,uM,,,,,0,"[{""comments"": null, ""relation"": ""="", ""result_flag"": 0, ""standard_relation"": ""="", ""standard_text_value"": null, ""standard_type"": ""TIME"", ""standard_units"": ""hr"", ""standard_value"": ""0.08333"", ""text_value"": null, ""type"": ""TIME"", ""units"": ""min"", ""value"": ""5.0""}]",False,True,False,True,False,False,False,False,False,False,False,False,non_exact_ic50;right_censored_ic50
25608068,CHEMBL5360087,CHEMBL5357058,CHEMBL513634,C=C1CCCC(C)(C)C1CC[C@]1(C)CC[C@@H]([C@@H](C)C(=O)OC)OO1,CHEMBL6007,Homo sapiens,IC50,IC50,IC50,>,>,>,30000.0,,nM,,30.0,,uM,,,,,0,"[{""comments"": null, ""relation"": ""="", ""result_flag"": 0, ""standard_relation"": ""="", ""standard_text_value"": null, ""standard_type"": ""TIME"", ""standard_units"": ""hr"", ""standard_value"": ""0.08333"", ""text_value"": null, ""type"": ""TIME"", ""units"": ""min"", ""value"": ""5.0""}]",False,True,False,True,False,False,False,False,False,False,False,False,non_exact_ic50;right_censored_ic50
25608069,CHEMBL5360087,CHEMBL5357058,CHEMBL501721,COC(=O)[C@H](C)[C@@H]1CC[C@@](C)(CCC2=C(C)C(=O)CCC2(C)C)OO1,CHEMBL6007,Homo sapiens,IC50,IC50,IC50,>,>,>,30000.0,,nM,,30.0,,uM,,,,,0,"[{""comments"": null, ""relation"": ""="", ""result_flag"": 0, ""standard_relation"": ""="", ""standard_text_value"": null, ""standard_type"": ""TIME"", ""standard_units"": ""hr"", ""standard_value"": ""0.08333"", ""text_value"": null, ""type"": ""TIME"", ""units"": ""min"", ""value"": ""5.0""}]",False,True,False,True,False,False,False,False,False,False,False,False,non_exact_ic50;right_censored_ic50
25608070,CHEMBL5360087,CHEMBL5357058,CHEMBL5399068,COC(=O)[C@H](C)[C@@H]1CC[C@@](C)(CCC2=C(C)C(O)CCC2(C)C)OO1,CHEMBL6007,Homo sapiens,IC50,IC50,IC50,>,>,>,30000.0,,nM,,30.0,,uM,,,,,0,"[{""comments"": null, ""relation"": ""="", ""result_flag"": 0, ""standard_relation"": ""="", ""standard_text_value"": null, ""standard_type"": ""TIME"", ""standard_units"": ""hr"", ""standard_value"": ""0.08333"", ""text_value"": null, ""type"": ""TIME"", ""units"": ""min"", ""value"": ""5.0""}]",False,True,False,True,False,False,False,False,False,False,False,False,non_exact_ic50;right_censored_ic50
25608071,CHEMBL5360087,CHEMBL5357058,CHEMBL5436513,COC(=O)[C@H](C)[C@@H]1CC[C@@](C)(CCC2=C(C)C(OC)CCC2(C)C)OO1,CHEMBL6007,Homo sapiens,IC50,IC50,IC50,>,>,>,30000.0,,nM,,30.0,,uM,,,,,0,"[{""comments"": null, ""relation"": ""="", ""result_flag"": 0, ""standard_relation"": ""="", ""standard_text_value"": null, ""standard_type"": ""TIME"", ""standard_units"": ""hr"", ""standard_value"": ""0.08333"", ""text_value"": null, ""type"": ""TIME"", ""units"": ""min"", ""value"": ""5.0""}]",False,True,False,True,False,False,False,False,False,False,False,False,non_exact_ic50;right_censored_ic50
25608072,CHEMBL5360087,CHEMBL5357058,CHEMBL552243,CC(=O)CCCC(C)(C)C(=O)CC/C(C)=C/CC[C@]1(C)CC[C@H]([C@@H](C)C(=O)O)OO1,CHEMBL6007,Homo sapiens,IC50,IC50,IC50,>,>,>,30000.0,,nM,,30.0,,uM,,,,,0,"[{""comments"": null, ""relation"": ""="", ""result_flag"": 0, ""standard_relation"": ""="", ""standard_text_value"": null, ""standard_type"": ""TIME"", ""standard_units"": ""hr"", ""standard_value"": ""0.08333"", ""text_value"": null, ""type"": ""TIME"", ""units"": ""min"", ""value"": ""5.0""}]",False,True,False,True,False,False,False,False,False,False,False,False,non_exact_ic50;right_censored_ic50
25608074,CHEMBL5360087,CHEMBL5357058,CHEMBL5416751,COC(=O)[C@@H](C)[C@@H]1CC[C@](C)(CC/C=C(\C)CCC2=C(C)CCCC2(C)C)OO1,CHEMBL6007,Homo sapiens,IC50,IC50,IC50,>,>,>,30000.0,,nM,,30.0,,uM,,,,,0,"[{""comments"": null, ""relation"": ""="", ""result_flag"": 0, ""standard_relation"": ""="", ""standard_text_value"": null, ""standard_type"": ""TIME"", ""standard_units"": ""hr"", ""standard_value"": ""0.08333"", ""text_value"": null, ""type"": ""TIME"", ""units"": ""min"", ""value"": ""5.0""}]",False,True,False,True,False,False,False,False,False,False,False,False,non_exact_ic50;right_censored_ic50
26010095,CHEMBL5577374,CHEMBL5576088,CHEMBL5593711,CC(=O)OCC(C)CC(C)c1ccccc1,CHEMBL6007,Homo sapiens,Activity,Activity,ACTIVITY,,,,,,,,,,,,Not active,Not Active,,0,,False,False,False,False,False,True,False,False,False,False,False,True,text_contains_inactive;has_standard_text_value
26010096,CHEMBL5577374,CHEMBL5576088,CHEMBL5594800,CC(C=O)CC(C)c1ccccc1,CHEMBL6007,Homo sapiens,Activity,Activity,ACTIVITY,,,,,,,,,,,,Not active,Not Active,,0,,False,False,False,False,False,True,False,False,False,False,False,True,text_contains_inactive;has_standard_text_value
26010097,CHEMBL5577374,CHEMBL5576088,CHEMBL5583665,CC(CC(C)c1ccccc1)C(=O)O,CHEMBL6007,Homo sapiens,Activity,Activity,ACTIVITY,,,,,,,,,,,,Not active,Not Active,,0,,False,False,False,False,False,True,False,False,False,False,False,True,text_contains_inactive;has_standard_text_value
26010098,CHEMBL5577374,CHEMBL5576088,CHEMBL5590376,OCCCCc1ccccc1,CHEMBL6007,Homo sapiens,Activity,Activity,ACTIVITY,,,,,,,,,,,,Not active,Not Active,,0,,False,False,False,False,False,True,False,False,False,False,False,True,text_contains_inactive;has_standard_text_value
26010099,CHEMBL5577374,CHEMBL5576088,CHEMBL5589697,CC(CCCO)c1ccccc1,CHEMBL6007,Homo sapiens,IC50,IC50,IC50,,,,,,,,,,,Not Determined,,,,0,,False,True,False,False,False,False,False,False,False,False,False,False,non_exact_ic50
26010100,CHEMBL5577374,CHEMBL5576088,CHEMBL5593076,CC(CO)CCc1ccccc1,CHEMBL6007,Homo sapiens,IC50,IC50,IC50,,,,,,,,,,,Not Determined,,,,0,,False,True,False,False,False,False,False,False,False,False,False,False,non_exact_ic50
26010102,CHEMBL5577374,CHEMBL5576088,CHEMBL5583704,C/C(CO)=C(/C)Cc1ccccc1,CHEMBL6007,Homo sapiens,IC50,IC50,IC50,,,,,,,,,,,Not Determined,,,,0,,False,True,False,False,False,False,False,False,False,False,False,False,non_exact_ic50
26010107,CHEMBL5577374,CHEMBL5576088,CHEMBL5590789,CCC(/C=C(\C)CO)c1ccccc1,CHEMBL6007,Homo sapiens,IC50,IC50,IC50,,,,,,,,,,,Not Determined,,,,0,,False,True,False,False,False,False,False,False,False,False,False,False,non_exact_ic50
26010108,CHEMBL5577374,CHEMBL5576088,CHEMBL5594252,CCC(CC(C)CO)c1ccccc1,CHEMBL6007,Homo sapiens,IC50,IC50,IC50,,,,,,,,,,,Not Determined,,,,0,,False,True,False,False,False,False,False,False,False,False,False,False,non_exact_ic50
26010110,CHEMBL5577374,CHEMBL5576088,CHEMBL5592006,C/C(CO)=C(\C)Cc1ccc(F)cc1,CHEMBL6007,Homo sapiens,IC50,IC50,IC50,,,,,,,,,,,Not Determined,,,,0,,False,True,False,False,False,False,False,False,False,False,False,False,non_exact_ic50
26010113,CHEMBL5577374,CHEMBL5576088,CHEMBL5589991,CC(O)CCc1ccccc1,CHEMBL6007,Homo sapiens,Activity,Activity,ACTIVITY,,,,,,,,,,,,Not active,Not Active,,0,,False,False,False,False,False,True,False,False,False,False,False,True,text_contains_inactive;has_standard_text_value
26010114,CHEMBL5577374,CHEMBL5576088,CHEMBL5593447,C/C(=C\c1ccccc1)CO,CHEMBL6007,Homo sapiens,Activity,Activity,ACTIVITY,,,,,,,,,,,,Not active,Not Active,,0,,False,False,False,False,False,True,False,False,False,False,False,True,text_contains_inactive;has_standard_text_value
26010115,CHEMBL5577374,CHEMBL5576088,CHEMBL5591769,CC(O)CC(C)(C)c1ccccc1,CHEMBL6007,Homo sapiens,Activity,Activity,ACTIVITY,,,,,,,,,,,,Not active,Not Active,,0,,False,False,False,False,False,True,False,False,False,False,False,True,text_contains_inactive;has_standard_text_value
26010116,CHEMBL5577374,CHEMBL5576088,CHEMBL5591857,C/C(=C\C(C)O)c1ccccc1,CHEMBL6007,Homo sapiens,Activity,Activity,ACTIVITY,,,,,,,,,,,,Not active,Not Active,,0,,False,False,False,False,False,True,False,False,False,False,False,True,text_contains_inactive;has_standard_text_value
26010117,CHEMBL5577374,CHEMBL5576088,CHEMBL5591994,CC(O)CC(C)c1ccccc1,CHEMBL6007,Homo sapiens,Activity,Activity,ACTIVITY,,,,,,,,,,,,Not active,Not Active,,0,,False,False,False,False,False,True,False,False,False,False,False,True,text_contains_inactive;has_standard_text_value
26010118,CHEMBL5577374,CHEMBL5576088,CHEMBL5595637,CC(O)C(C)(C)Cc1ccccc1,CHEMBL6007,Homo sapiens,IC50,IC50,IC50,,,,,,,,,,,Not Determined,,,,0,,False,True,False,False,False,False,False,False,False,False,False,False,non_exact_ic50
26010119,CHEMBL5577374,CHEMBL5576088,CHEMBL5591649,CCC(O)/C(C)=C/c1ccccc1,CHEMBL6007,Homo sapiens,IC50,IC50,IC50,,,,,,,,,,,Not Determined,,,,0,,False,True,False,False,False,False,False,False,False,False,False,False,non_exact_ic50
26010121,CHEMBL5577374,CHEMBL5576088,CHEMBL5595984,CCC(O)C(C)(C)Cc1ccccc1,CHEMBL6007,Homo sapiens,IC50,IC50,IC50,,,,,,,,,,,Not Determined,,,,0,,False,True,False,False,False,False,False,False,False,False,False,False,non_exact_ic50
26010122,CHEMBL5577374,CHEMBL5576088,CHEMBL5593976,C/C(=C\c1ccccc1)C(O)C(C)C,CHEMBL6007,Homo sapiens,Activity,Activity,ACTIVITY,,,,,,,,,,,,Not active,Not Active,,0,,False,False,False,False,False,True,False,False,False,False,False,True,text_contains_inactive;has_standard_text_value
26010123,CHEMBL5577374,CHEMBL5576088,CHEMBL5590567,CC(C)C(O)C(C)Cc1ccccc1,CHEMBL6007,Homo sapiens,IC50,IC50,IC50,,,,,,,,,,,Not Determined,,,,0,,False,True,False,False,False,False,False,False,False,False,False,False,non_exact_ic50
26010125,CHEMBL5577374,CHEMBL5576088,CHEMBL5593359,C/C(=C\c1ccccc1)C(O)C1CCCCC1,CHEMBL6007,Homo sapiens,Activity,Activity,ACTIVITY,,,,,,,,,,,,Not active,Not Active,,0,,False,False,False,False,False,True,False,False,False,False,False,True,text_contains_inactive;has_standard_text_value
26010126,CHEMBL5577374,CHEMBL5576088,CHEMBL5591401,C/C(=C\c1ccccc1)C(O)c1ccccc1,CHEMBL6007,Homo sapiens,Activity,Activity,ACTIVITY,,,,,,,,,,,,Not active,Not Active,,0,,False,False,False,False,False,True,False,False,False,False,False,True,text_contains_inactive;has_standard_text_value
26010127,CHEMBL5577374,CHEMBL5576088,CHEMBL5594534,CC(Cc1ccccc1)C(O)c1ccccc1,CHEMBL6007,Homo sapiens,Activity,Activity,ACTIVITY,,,,,,,,,,,,Not active,Not Active,,0,,False,False,False,False,False,True,False,False,False,False,False,True,text_contains_inactive;has_standard_text_value
26010128,CHEMBL5577374,CHEMBL5576088,CHEMBL5583547,CC(C)(Cc1ccccc1)C(O)c1ccccc1,CHEMBL6007,Homo sapiens,Activity,Activity,ACTIVITY,,,,,,,,,,,,Not active,Not Active,,0,,False,False,False,False,False,True,False,False,False,False,False,True,text_contains_inactive;has_standard_text_value
26010130,CHEMBL5577374,CHEMBL5576088,CHEMBL3730612,C=CCCC(=O)C1=CCCC(C)(C)C1,CHEMBL6007,Homo sapiens,Activity,Activity,ACTIVITY,,,,,,,,,,,,Not active,Not Active,,0,,False,False,False,False,False,True,False,False,False,False,False,True,text_contains_inactive;has_standard_text_value
26312740,CHEMBL5708945,CHEMBL5705895,CHEMBL256087,CC1CCC(C(C)C)C(O)C1,CHEMBL6007,Homo sapiens,IC50,IC50,IC50,>,>,>,1000000.0,,nM,,1000.0,,uM,,,,Outside typical range,0,,False,True,False,True,False,False,False,False,False,True,False,False,non_exact_ic50;right_censored_ic50;has_validity_comment
27283424,CHEMBL5732578,CHEMBL5726382,CHEMBL1084373,CCC(=N\O)/C(C)=C/c1ccc(C)nc1,CHEMBL6007,Homo sapiens,IC50,IC50,IC50,>,>,>,100000.0,,nM,,100000.0,,nM,666517,,,,1,,False,True,False,True,False,False,False,False,True,False,False,False,non_exact_ic50;right_censored_ic50;potential_duplicate_true
27283427,CHEMBL5732578,CHEMBL5726382,CHEMBL1084374,CCC(=N\O)/C(C)=C/c1cnc2ccccc2c1,CHEMBL6007,Homo sapiens,IC50,IC50,IC50,>,>,>,100000.0,,nM,,100000.0,,nM,666518,,,,1,,False,True,False,True,False,False,False,False,True,False,False,False,non_exact_ic50;right_censored_ic50;potential_duplicate_true
27283430,CHEMBL5732578,CHEMBL5726382,CHEMBL1083489,CCC(=N\O)/C(C)=C/c1cnccc1C,CHEMBL6007,Homo sapiens,IC50,IC50,IC50,>,>,>,100000.0,,nM,,100000.0,,nM,666519,,,,1,,False,True,False,True,False,False,False,False,True,False,False,False,non_exact_ic50;right_censored_ic50;potential_duplicate_true
27283433,CHEMBL5732578,CHEMBL5726382,CHEMBL1083792,CCC(=N\O)/C(C)=C/c1ccc(C(F)(F)F)nc1,CHEMBL6007,Homo sapiens,IC50,IC50,IC50,>,>,>,100000.0,,nM,,100000.0,,nM,666520,,,,1,,False,True,False,True,False,False,False,False,True,False,False,False,non_exact_ic50;right_censored_ic50;potential_duplicate_true
27283436,CHEMBL5732578,CHEMBL5726382,CHEMBL1083793,CCC(=N\O)/C(C)=C/c1cncc2ccccc12,CHEMBL6007,Homo sapiens,IC50,IC50,IC50,>,>,>,100000.0,,nM,,100000.0,,nM,666521,,,,1,,False,True,False,True,False,False,False,False,True,False,False,False,non_exact_ic50;right_censored_ic50;potential_duplicate_true
27423797,CHEMBL5733104,CHEMBL5726658,CHEMBL6046706,C[C@@H](C(=O)Nc1cccc(-c2cnc(C(F)(F)F)nc2)n1)n1cnc2c1c(=O)n(CC1COC1)c(=O)n2C,CHEMBL6007,Homo sapiens,IC50,IC50,IC50,>,>,>,3200.0,,nM,,3200.0,,nM,715048,,,,0,,False,True,False,True,False,False,False,False,False,False,False,False,non_exact_ic50;right_censored_ic50
27423923,CHEMBL5733104,CHEMBL5726658,CHEMBL5805605,Cc1cc(Cn2c(=O)c3c(ncn3[C@@H](C)C(=O)Nc3cccc(-c4nc(=O)o[nH]4)n3)n(C)c2=O)no1,CHEMBL6007,Homo sapiens,IC50,IC50,IC50,>,>,>,3200.0,,nM,,3200.0,,nM,715090,,,,0,,False,True,False,True,False,False,False,False,False,False,False,False,non_exact_ic50;right_censored_ic50
27423992,CHEMBL5733104,CHEMBL5726658,CHEMBL5980500,CCC(=O)Cn1c(=O)c2c(ncn2[C@@H](C)C(=O)Nc2cccc(-c3ccc(C(F)(F)F)nc3)n2)n(C)c1=O,CHEMBL6007,Homo sapiens,IC50,IC50,IC50,>,>,>,3200.0,,nM,,3200.0,,nM,715113,,,,0,,False,True,False,True,False,False,False,False,False,False,False,False,non_exact_ic50;right_censored_ic50
27424100,CHEMBL5733104,CHEMBL5726658,CHEMBL5941774,CC(=O)Cn1c(=O)c2c(ncn2[C@@H](C)C(=O)Nc2ncsc2-c2cnc(C(F)(F)F)nc2)n(C)c1=O,CHEMBL6007,Homo sapiens,IC50,IC50,IC50,>,>,>,3200.0,,nM,,3200.0,,nM,715149,,,,0,,False,True,False,True,False,False,False,False,False,False,False,False,non_exact_ic50;right_censored_ic50
27424247,CHEMBL5733104,CHEMBL5726658,CHEMBL6008410,Cc1cc(Cn2c(=O)c3c(ncn3CC(N)=O)n(C)c2=O)no1,CHEMBL6007,Homo sapiens,IC50,IC50,IC50,>,>,>,1000.0,,nM,,1000.0,,nM,715198,,,,0,,False,True,False,True,False,False,False,False,False,False,False,False,non_exact_ic50;right_censored_ic50
28522511,CHEMBL5737447,CHEMBL5728782,CHEMBL5980344,Cc1noc(Cn2c(=O)[nH]c3ncn(C(C)C(=O)Nc4cncc(-c5cnc(C(F)(F)F)nc5)n4)c3c2=O)n1,CHEMBL6007,Homo sapiens,IC50,IC50,IC50,>,>,>,10000.0,,nM,,10000.0,,nM,1104383,,,,0,,False,True,False,True,False,False,False,False,False,False,False,False,non_exact_ic50;right_censored_ic50
