molecule_chembl_id,canonical_smiles
CHEMBL267913,C[C@]12CCC(=O)C=C1CCC1C2CC[C@@]2(C)C1CC[C@@H]2OC1CC1
CHEMBL8939,CNc1ccc(Cl)cc1C(=O)c1cc(OC)c(OC)c(OC)c1
CHEMBL9309,COc1ccc(N)c(C(=O)c2cc(OC)c(OC)c(OC)c2)c1
CHEMBL8359,C=CCC1Oc2cccc(OCC3CC3)c2-c2ccc3c(c21)C(C)=CC(C)(C)N3
CHEMBL268040,CC(=O)OC1C(=O)OC[C@]23CC[C@@]4(C)O[C@H]4[C@H]2O[C@@H]2C[C@@H](OC(=O)/C=C\C=C\C(=O)OCCC1C)[C@@]3(C)C21CO1
CHEMBL266798,Cc1ccc(Sc2nccc3sc(C(N)=O)cc23)cc1
CHEMBL268142,CC1Cc2cc3c(cc2C(c2ccc(N)cc2)=NN1C(=O)CC#N)OCO3
CHEMBL267218,Nc1nc(N)c2cc(C(=O)NC(CCC(=O)O)C(=O)O)ccc2n1
CHEMBL8172,O=C1Nc2cc(C(F)(F)F)ccc2C1(F)c1ccccc1
CHEMBL268632,CC(=O)OCC1=C(C(=O)[O-])N2C(=O)/C(=C/c3ccccn3)[C@H]2S(=O)(=O)C1.[Na+]
CHEMBL267680,Cc1cc(NC(=O)c2cccs2)ccc1OCC(O)CNC(C)C
CHEMBL275685,CN(Cc1ccc(S(=O)(=O)c2ccccc2)cc1)c1ccc2c3c(cccc13)C(N)=N2
CHEMBL8191,Oc1cccc(CCCCCC(F)(F)C(F)(F)C(F)(F)C(F)(F)C(F)(F)C(F)(F)F)c1O
CHEMBL9344,OCC1OC(n2cnc3c(O)ncnc32)CC(O)C1O
CHEMBL8769,CC(=O)Nc1ccc(/C=C/c2ccc(C#N)cc2)cc1
CHEMBL273971,CC[C@@H]1/C=C(\C)C[C@H](C)C[C@H](OC)[C@H]2O[C@@](O)(C(=O)C(=O)N3CCCC[C@H]3C(=O)O[C@H](/C(C)=C/[C@@H]3CC[C@@H](Oc4ccccc4)[C@H](O)C3)[C@H](C)[C@@H](O)CC1=O)[C@H](C)C[C@@H]2OC
CHEMBL8594,CC(C)(C)c1cc(C(=O)/C=C/c2ccsc2)cc(C(C)(C)C)c1O
CHEMBL6437,CN1CCN2c3ccccc3Cc3ccccc3C2C1
CHEMBL9637,Oc1ccc(/N=C(\S)Nc2ccc(O)cc2)cc1
CHEMBL7203,CCC(c1ccc(O)cc1)C(CCCl)c1ccc(O)cc1
CHEMBL269064,NC(=O)C[C@H](NC(=O)c1ccccc1Br)C(=O)O
CHEMBL274877,Cc1ccc(C(=O)NCC(=O)O)cc1
CHEMBL6391,Cc1c(CC(C)N)ccc2c1OCO2
CHEMBL6357,C#CCN(Cc1ccc2nc(C)nc(O)c2c1)c1ccc(C(=O)NCc2ccccn2)cc1
CHEMBL8808,CC(C)Nc1ccc2c(c1)CC(N)(C(=O)O)CC2
CHEMBL9728,CCN(Cc1ccc(S(=O)(=O)N2CCNCC2)cc1)c1ccc2c3c(cccc13)C(=O)N2
CHEMBL404992,CCCN1CCN2CC(c3ccccc3)c3ccccc3C2C1
CHEMBL8278,CCCC(=O)Nc1ccccc1Oc1cccc(OC)c1
CHEMBL7167,Cc1oc(-c2ccc(C(F)(F)F)cc2)nc1COc1cccc(/C(=C/Cn2oc(=O)[nH]c2=O)C(C)(C)C)c1
CHEMBL7637,CCCC(=O)Nc1ccc(S(=O)(=O)c2cccc(OC)c2)cc1
CHEMBL7617,CN1CCN(C2=Cc3ccccc3Cc3ccc(Cl)cc32)CC1
CHEMBL9757,CC1CCOC(=O)/C=C/C=C\C(=O)O[C@@H]2C[C@H]3O[C@@H]4C[C@@H](C)[C@@H](O)C[C@]4(COC(=O)C1O)[C@]2(C)C31CO1
CHEMBL266221,C1=NCCc2c1[nH]c1ccccc21
CHEMBL6334,c1cc(CN2CCN(C[C@@H]3CCCN3)CC2)ccn1
CHEMBL6980,Cc1c([N+](=O)[O-])oc2ccc3ccccc3c12
CHEMBL9026,CC(C)Oc1cccc(-n2c(CCc3c[nH]c4cc(Br)ccc34)nc3ccccc3c2=O)c1
CHEMBL6237,O=C(c1ccccc1)c1cccc(-n2ncc(=O)[nH]c2=O)c1
CHEMBL268100,C#CCN(Cc1ccc2nc(C)nc(O)c2c1)c1ccc(C(=O)NCc2cccc(C#N)c2)cc1
CHEMBL9483,CCCCCCc1cc(C)c2ccccc2n1
CHEMBL269264,Cn1cc(C2=C(c3cn(CCCN)c4ccccc34)C(=O)NC2=O)c2ccccc21
CHEMBL274435,O=P(O)(O)C(F)(F)c1ccc(/C=C/CC(Cc2ccc(C(F)(F)P(=O)(O)O)cc2)(c2ccccc2)n2nnc3ccccc32)cc1
CHEMBL6440,CN1Cc2c(C(=O)OCC3CC3)ncn2-c2ccc(Cl)cc2C1=O
CHEMBL6234,O=C([C@@H]1CCCN1)N1CCN(Cc2cccnc2)CC1
CHEMBL8969,CCCn1c(=O)c2nc(-c3ccc(OCC(=O)NCCNC(=O)CCCCCCC(=O)ON4C(=O)CCC4=O)cc3)[nH]c2n(CCC)c1=O
CHEMBL9735,CC(=O)N[C@@H](Cc1ccccc1)C(O)[C@H](Cc1ccccc1)NC(C)=O
CHEMBL266348,Cc1c(N2CC[C@@H](CN)C2)c(F)c(N)c2c(=O)c(C(=O)O)cn([C@@H]3C[C@@H]3F)c12
CHEMBL414402,COc1cccc2cc(C(=O)c3cc4ccccc4[nH]3)[nH]c12
CHEMBL9517,CCOC(=O)Nc1cc2c(c(N)n1)N=C(c1ccc(Cl)c(Cl)c1)CN2
CHEMBL9786,COc1cnc(C[S+]([O-])c2nc3cc(OC(F)F)ccc3[nH]2)cc1OC
CHEMBL266817,COc1ccc(Cn2cnc3c(N(C)C)ncnc32)cc1
CHEMBL6456,Oc1ccc(/C(=C(/c2ccccc2)C(F)(F)F)C(F)(F)F)cc1
CHEMBL8029,N#CN/C(=N/c1cccc(Cl)c1)NC(Cn1ccnc1)c1ccc(Cl)cc1Cl
CHEMBL7791,O=C1c2ccc(OCc3ccccc3)cc2CCC1CC(=O)N1CCC(c2ccccc2)CC1
CHEMBL7869,CN(C)C(=O)[C@]12CCC(C)(C)CC1C1C(=O)C=C3[C@@]4(C)C=C(C#N)C(=O)C(C)(C)[C@@H]4CC[C@@]3(C)[C@]1(C)CC2
CHEMBL268786,Nc1nc(S)nc2ccc(Sc3ccc4ccccc4c3)cc12
CHEMBL275735,COc1cc(C(=O)/C(C)=C/c2ccc3c(c2)OCO3)cc(OC)c1OC
CHEMBL8295,C=C1CC2(CCCc3ccccc32)OC1=O
CHEMBL426,CN(Cc1cnc2nc(N)nc(N)c2n1)c1ccc(C(=O)NC(CCC(=O)O)C(=O)O)cc1
CHEMBL553108,CCCc1ccc(S(=O)(=O)N[C@@H](CC#Cc2ccc(NC)cc2)C(=O)N(C)C2CCCC2)cc1
CHEMBL269294,O=C(N[C@H](Cc1ccc2ccccc2c1)C(=O)O)c1ccccc1Br
CHEMBL428480,NC(=O)[C@H](Cc1ccc2ccccc2c1)NCc1c[nH]c2ccccc12
CHEMBL7421,CC[C@@H]1Cc2cc3c(C(F)(F)F)cc(O)nc3cc2N[C@@H]1CC
CHEMBL7619,Oc1cc2c(cc1Sc1ccccc1)OCC2
CHEMBL24,CC(C)NCC(O)COc1ccc(CC(N)=O)cc1
CHEMBL6834,CC1=CC2[C@@]3(O)[C@H](C)C[C@]4(OC(=O)CCCCCCC[C@H]5C[C@@H]5C)[C@H]([C@@H]3C(C)=C(CO)C[C@]2(O)C1=O)C4(C)C
CHEMBL266025,CC1(C)N=C(N)N=C(N)N1c1cccc(OCCOc2ccccc2)c1
CHEMBL266591,Cc1[nH]c2ccc(O)cc2c1CCN
CHEMBL7629,CN(C)c1ncnc2c1ncn2Cc1ccc(C#N)cc1
CHEMBL6363,Cc1cc(-n2ncc(=O)[nH]c2=O)ccc1C(=O)c1ccccc1
CHEMBL266145,CC1=C(c2ccc(-n3ccnc3)cc2)CNC1=O
CHEMBL7036,O=C(OC[C@H]1C[C@@H]2O[C@H]1[C@H]1C(=O)OC(=O)[C@H]12)c1cccc(Oc2ccccc2)c1
CHEMBL6866,CC(C)Nc1ccc(N2CCN(C(=O)c3ccc4[nH]ccc4c3)CC2)nc1
CHEMBL9534,COc1cccc(N(CC(=O)N(C)c2ccccc2)C(=O)CNC(=O)Nc2cccc(C)c2)c1
CHEMBL268429,CC(=O)Oc1cccc(/C=C/C=C(C)/C=C/C2=C(C)CCCC2(C)C)c1
CHEMBL8550,CC1Cc2cc3c(cc2C(c2ccc(N)cc2)=NN1C(=O)C1CC1)OCO3
CHEMBL7334,Oc1ccc(-c2nnc3nc4ccccc4n3c2O)cc1O
CHEMBL269773,Cc1c(C)c2c(c(C)c1O)C(CN(C)CCOc1ccc(/C=C3\SC(=O)NC3=O)cc1)C(C)(C)O2
CHEMBL275687,COC(=O)CNP(=O)(CO[C@H](C)Cn1cnc2c(N)ncnc21)Oc1ccccc1
CHEMBL7134,Nc1nc(N)c2c(CCc3ccc4ccccc4c3)cccc2n1
CHEMBL9199,CCOC(=O)C1=NO[C@]2(C(=O)CO)[C@H]1CC1C3CCC4=CC(=O)C=C[C@]4(C)[C@@]3(F)[C@@H](O)C[C@@]12C
CHEMBL9370,COC(=O)C[C@@H](c1ccc(OC)nc1)N(C)C(=O)CCCCc1nc2c(cc1[N+](=O)[O-])CCCN2
CHEMBL266195,C=CCc1ccccc1OCC(O)CNC(C)C
CHEMBL9550,COC(=O)C[C@@H](c1ccc(OC)nc1)N(C)C(=O)CCCCc1nc2c(cc1NS(C)(=O)=O)CCCN2
CHEMBL8613,CCOc1ccc2[nH]c3c(S)nncc3c2c1
CHEMBL268889,c1ccc(-c2nc3n(c2-c2ccc4c(c2)OCO4)CCC3)nc1
CHEMBL274775,O=C(O)CN1C(=O)c2ccccc2CCc2ccccc21
CHEMBL275341,Cc1cccc2c(Nc3ccc(NS(C)(=O)=O)cc3)c3ccccc3nc12
CHEMBL267863,CC1(C)[C@H](C(=O)O)N2C(=O)[C@@H](Cc3cn(-c4ccc(N)cc4)nn3)[C@H]2S1(=O)=O
CHEMBL267178,COc1ccc(S(=O)(=O)N(Cc2cccnc2)[C@@H](C(=O)NO)C(C)C)cc1
CHEMBL276473,O=C(/C=C/c1ccccc1)c1ccc(O)cc1
CHEMBL414184,Cc1oc(-c2ccc(C(F)(F)F)cc2)nc1COc1cccc(/C=C/Cn2oc(=O)[nH]c2=O)c1
CHEMBL7738,CCOC(=O)C(=O)/C=C1\C=C(OC)C=C(O)O1
CHEMBL6444,Cc1cc(CCCCCOc2ccc(C3=NCCO3)cc2Cl)on1
CHEMBL9157,COc1ccc(C2=C(C)C(=O)NC2)cc1OC
CHEMBL276374,COCc1c(C)nn(-c2ccccc2)c1-c1ccccc1
CHEMBL8692,CCCCCC(O)c1cccc(Oc2ccc3ccccc3n2)c1
CHEMBL8412,O=C1c2ccccc2S(=O)(=O)N1CCCCN1CCN(c2ncccn2)CC1
CHEMBL267697,O=C1NC(=O)/C(=C/c2ccc(C(=O)NC[C@@H]3C[C@@H](OCc4ccccc4-c4ccccc4)CN3C(=O)c3ccccc3C(=O)c3ccc(F)cc3F)cc2)S1
CHEMBL268855,CN(C)c1cccc2c(S(=O)(=O)Nc3ccccn3)cccc12
CHEMBL275007,Cc1ccc(N(CC(=O)O)C(=O)c2ccccc2)cc1
CHEMBL269361,COc1ccc(C(=O)c2ccc3n2CCCC3C(=O)O)cc1
CHEMBL261922,CC(CNC(=O)c1cc2cc(Cl)ccc2[nH]1)Cn1ccnc1
CHEMBL267850,CC(C)[C@@H]1CCc2cc3c(C(F)(F)F)cc(O)nc3cc2N1
CHEMBL47,Cc1c(C)c2c(c(C)c1O)CC[C@@](C)(CCC[C@H](C)CCC[C@H](C)CCCC(C)C)O2
CHEMBL268055,CC12N[C@H](Cc3ccccc31)c1ccccc12
CHEMBL7643,O=C(Nc1ccc(Cl)cc1)NS(=O)(=O)c1ccc2c(c1)CCC2
CHEMBL7055,N#Cc1ccc2nc(N3CCNCC3)cnc2c1
CHEMBL7872,Cc1ccccc1Oc1cnc(O)nc1
CHEMBL266533,O=C1[C@@H](NS(=O)(=O)c2ccc(-c3ccc(Cl)s3)s2)CCN1Cc1cc2[nH]cccc-2n1
CHEMBL7978,CN(C)c1ncnc2c1ncn2Cc1ccc(O)cc1
CHEMBL8069,COc1ccc(Cl)c(C2(F)C(=O)Nc3c(C#N)cccc32)c1
CHEMBL8730,N=C(N)NCCC[C@@H](NCc1c[nH]c2ccccc12)C(N)=O
CHEMBL7386,Cc1cc([N+](=O)[O-])ccc1C(=O)OCC(O)CNC(C)(C)C
CHEMBL417243,c1ccc(COc2ccc(Cc3ccc(NC4=NCCN4)cc3)cc2)cc1
CHEMBL6984,CC(C)NCC(O)COC(=O)c1cccc2ccccc12
CHEMBL417426,Cc1ccnc(NCCCCCCC(=O)NC(CC(=O)O)c2cccc([N+](=O)[O-])c2)c1
CHEMBL6404,CCC(c1ccc(O)cc1)C(CC)c1ccc(O)c(F)c1
CHEMBL269134,COc1cc(C(=O)N2CCN(C(=O)c3cc(OC)c(OC)c(OC)c3)C(COC(=O)NCC(C)(C)C)C2)cc(OC)c1OC
CHEMBL6551,O=C(NCc1ccccc1)c1cc(-c2ccncc2)nnc1Cl
CHEMBL7977,CN(C)c1ncnc2c1ncn2C
CHEMBL273365,Oc1cccc(N/C(S)=N/c2ccccc2)c1
CHEMBL8815,CN1CC=C(c2c(O)cc(O)c3c(=O)cc(C4CCCCC4)oc23)CC1
CHEMBL22,COc1cc(Cc2cnc(N)nc2N)cc(OC)c1OC
CHEMBL8326,C/C(=C/C(N)C(=O)O)CC(N)C(=O)O
CHEMBL475,C[C@H]1C[C@H](N)c2cc(S(N)(=O)=O)sc2S1(=O)=O
CHEMBL7255,Oc1cnnc2nc3ccccc3n12
CHEMBL6959,CC[C@H]1Cc2cc3c(C(F)(F)F)cc(O)nc3cc2N[C@@H]1CC
CHEMBL7027,O=C(c1cc2ccccc2[nH]1)c1cc2cc(OC(=O)C(c3ccccc3)c3ccccc3)ccc2[nH]1
CHEMBL7947,O=C1[C@@H](NS(=O)(=O)c2cc3c(Cl)nccc3s2)CCN1Cc1cc2[nH]cccc-2n1
CHEMBL266708,CC(=O)c1cc2c(Sc3ccc(C)cc3)cncc2s1
CHEMBL268195,C[N+](C)(CCCCCC[N+](C)(C)CCCN1C(=O)c2cc(F)c(F)cc2C1=O)CCCN1C(=O)c2cc(F)c(F)cc2C1=O.[Br-].[Br-]
CHEMBL267037,COc1ccc(CC(=O)O)cc1-c1ccc(Cl)cc1
CHEMBL8261,Cn1cc(C2=NCC3(CN4CCC3CC4)O2)c2cc(O)ccc21
CHEMBL9508,Cc1ccnc(NCCCCC(=O)NNC(=O)CC(CC(=O)O)c2cc(Cl)cc(Cl)c2)c1
CHEMBL8757,CCN1C(C(=O)N[C@@H](Cc2ccccc2)C(=O)C(=O)NCCCNS(=O)(=O)c2ccc(F)cc2)Cc2cc3c(cc2S1(=O)=O)OCCO3
CHEMBL9281,O=C(O)c1cc2c3cc(Cl)c(Cl)cc3nc(O)n2n1
CHEMBL275946,N=C(N)NCCC[C@H](NC(=O)[C@H](Cc1ccccc1)NC(=O)Nc1ccc2c(CN3CCCC3)cn(Cc3ccc(F)cc3)c2c1)C(=O)NCc1ccccc1
CHEMBL7366,COC(=O)c1ccc(C(=O)Oc2ccc3c(c2)OC(C)(C)C=C3C)cc1
CHEMBL6970,Nc1nc(N)c2c(n1)CCC(Cc1ccccc1)C2
CHEMBL275516,CC1(C(=O)O)C2CCC(O2)C1(C)C(=O)O
CHEMBL9358,CC12NC(C3CCCCC31)[C@H](O)c1ccccc12
CHEMBL6281,CC1(C)[C@H](C(=O)O)N2C(=O)[C@@H](Cc3cn(-c4ccc(O)cc4)nn3)[C@H]2S1(=O)=O
CHEMBL7909,Cn1c2ccccc2n2c(=O)c(-c3ccccc3)nnc12
CHEMBL6839,C/N=c1\ccc(-c2ccc(N3CC(CNC(C)=O)OC3=O)cc2)ccc1O
CHEMBL263079,CCNc1cccc2c(S(=O)(=O)Nc3ncc(Br)nc3OC)cccc12
CHEMBL8446,CC(NC(=O)c1ccccc1)C1CCC2C3CC=C4CC(O)CCC4(C)C3CCC12C
CHEMBL8187,Cc1nc(NC(=O)c2ccc(C(=N)N)cc2)sc1CCC(=O)O
CHEMBL9299,Cc1ccccc1C(=O)c1ccc2n1CCC2C(=O)O
CHEMBL9858,OC[C@@]1(CCCc2ccccc2)CC2C3Cc4ccc(O)c5c4C2(CCN3CC2CCC2)C(O5)[C@@H]1O
CHEMBL266720,CC(C)(C)NCC(O)COC(=O)C1c2ccccc2-c2ccccc21
CHEMBL415033,O=C(NCCCn1ccnc1)c1ccc([N+](=O)[O-])o1
CHEMBL8116,N#Cc1ccc(C(=O)C(Nc2ccc(Cl)cc2)NC(Cn2ccnc2)c2ccc(Cl)cc2Cl)cc1
CHEMBL6306,COC(=O)/C=C/C=C/C(=O)N1CCN(c2nc(N)c3cc(OC)c(OC)cc3n2)CC1
CHEMBL9891,C=CC/N=c1\c(O)c(O)\c1=N/[C@@H](Cc1ccc(NC(=O)c2c(Cl)cncc2Cl)cc1)C(=O)O
CHEMBL9062,CC[C@H]1OC(=O)CC(O)[C@H](C)[C@@H](O[C@@H]2O[C@H](C)C[C@H](N(C)C)[C@H]2O)[C@@H](CCN(C)CCN(C)C(=O)[C@H](C)N)C[C@@H](C)C(=O)/C=C/C(C)=C/[C@@H]1C
CHEMBL269550,CCOC(=O)C1=C(O)C(=O)N(Cc2ccccc2)C1
CHEMBL7315,Cc1c(NC(=O)Cc2ccc(Br)cc2)ccc2nc(N)nc(N)c12
CHEMBL269307,N#CN/C(=N\C(Cn1ccnc1)c1ccc(Cl)cc1Cl)Nc1cccc(Cl)c1Cl
CHEMBL8708,NC1(C(=O)O)CCc2ccccc2C1
CHEMBL8622,CCCCCC(O)c1cccc(OCc2cccc(C(F)(F)F)c2)c1
CHEMBL8194,COC1=C/C(=C\C(=O)C(=O)O)OC(O)=C1
CHEMBL267007,N=C(N)NCCC[C@H](NCc1c[nH]c2ccccc12)C(=O)N[C@@H](Cc1c[nH]c2ccccc12)C(N)=O
CHEMBL9082,CCCCC(=O)CN1C[C@@H](c2ccc3c(c2)OCO3)[C@H](C(=O)O)[C@H]1c1ccc(OC)cc1
CHEMBL9061,O=C(NCCCn1ccnc1)c1ccc(Br)o1
CHEMBL266595,CC[C@H]1OC(=O)CC(O)[C@H](C)[C@@H](O[C@@H]2O[C@H](C)C[C@H](N(C)C)[C@H]2O)[C@@H](CCN2CCCCCC2)C[C@@H](C)C(=O)/C=C/C(C)=C/[C@@H]1C
CHEMBL9532,Cc1cccc(NC(=O)NNc2nc3ccccc3c(=O)n2-c2cccc3ccccc23)c1
CHEMBL269613,CCCC[C@@H](C[C@@H](CCc1ccc(-c2ccc(SC)cc2)cc1)C(=O)N[C@H](C(=O)NC)C(C)(C)C)C(=O)O
CHEMBL8105,NC1=NC(C2CC2)Cc2sccc21
CHEMBL441216,Nc1nc(O)c2ncn(C3CC(O)C(O)C(CO)O3)c2n1
CHEMBL8617,COc1cccc2c1C(CCCN1CCN(c3ccccn3)CC1)=CCC2
CHEMBL7251,C/C(=C\Cn1oc(=O)[nH]c1=O)c1cccc(OCc2cc(C(F)(F)F)cc(C(F)(F)F)c2)c1
CHEMBL428005,CCC(C)[C@H](NC(=O)[C@@H]1CCCN1[P@](=O)(OC)[C@H](Cc1ccccc1)NC(=O)[C@H](CC(N)=O)NC(=O)OC(C)(C)C)C(=O)NCC(C)C
CHEMBL7859,CS(=O)(=O)c1nc(-c2cc(Cl)cc(Cl)c2)c(-c2cc(Cl)cc(Cl)c2)[nH]1
CHEMBL266143,COc1ccc([C@@H]2[C@@H](C(=O)O)[C@H](c3ccc4c(c3)OCO4)CN2CCc2ccccn2)cc1
CHEMBL9905,Oc1ccc2c3c1OC1[C@H]4OC[C@@]4(CCc4ccccc4)CC4C(C2)N(CC2CC2)CCC341
CHEMBL6654,CCC1Nc2cc3oc(=O)cc(C(F)(F)F)c3cc2CC1C
CHEMBL6631,COc1ccc(Sc2cnc3nc(N)nc(N)c3n2)cc1
CHEMBL427643,CO[C@@H]1[C@@H](N)[C@@H](O)[C@@H](O)[C@H]1O
CHEMBL7910,CC(=O)c1cc(NC(=O)c2cccs2)ccc1OCC(O)CNC(C)(C)C
CHEMBL9266,CCC/C=C/C(=O)O[C@H](CC=C(C)C)C1=CC(=O)c2c(O)ccc(O)c2C1=O
CHEMBL457,Cc1ccc(C)c(OCCCC(C)(C)C(=O)O)c1
CHEMBL8437,O=C1[C@@H](NS(=O)(=O)c2cc3ccc(Cl)cc3s2)CCN1Cc1cc2[nH]cccc-2n1
CHEMBL8091,COC(=O)c1cc(Nc2ccc(F)cc2)c(Nc2ccc(F)cc2)cc1C(=O)OC
CHEMBL9501,CCOC(=O)c1cccc(NC(=O)NNc2nc3ccccc3c(=O)n2-c2cccc(F)c2)c1
CHEMBL6599,C/C(=C\Cn1oc(=O)[nH]c1=O)c1ccc(OCc2nc(-c3ccc(C(F)(F)F)cc3)oc2C)cc1
CHEMBL6493,O=C(c1cc2ccccc2[nH]1)N1CCN(c2ncccc2NCc2ccccc2)CC1
CHEMBL266995,Oc1cc(O)c2c(O)c(-c3cccc(Cl)c3)cnc2c1
CHEMBL441015,C=C1C(=O)OC2C3CCC(C3)C12
CHEMBL267745,CC(=O)OCC1=C(C(=O)[O-])N2C(=O)/C(=C/c3ccccn3)[C@H]2SC1.[Na+]
CHEMBL7223,C/C(=C\CC1OC(=O)NC1=O)c1cccc(OCc2nc(-c3ccc(OC(F)(F)F)cc3)oc2C)c1
CHEMBL266598,CC(C)Oc1cccc(-n2c(CCNC(=O)Nc3ccc(Br)cc3)nc3ccccc3c2=O)c1
CHEMBL8965,CC[C@H]1OC(=O)C[C@@H](O)[C@H](C)[C@@H](O[C@@H]2O[C@H](C)C[C@H](N(C)C)[C@H]2O)[C@@H](CC=O)C[C@@H](C)C(=O)/C=C/[C@]2(C)O[C@H]2[C@@H]1C
CHEMBL276448,C=CCCC(=O)O[C@H](CC=C(C)C)C1=CC(=O)c2c(O)ccc(O)c2C1=O
CHEMBL7878,CC(C)(CCCOc1ccc([S+]([O-])CCCC(C)(C)C(=O)O)cc1)C(=O)O
CHEMBL273920,CCCCc1cc(C)c2cccc(CCCC)c2n1
CHEMBL7123,OCCCc1cc2c(cc1O)CCO2
CHEMBL8934,CCOC(=O)Nc1cc2c(c(N)n1)N=C(CN(C)c1ccc(Cl)cc1)CN2
CHEMBL446,Cc1cc(C)nc(NS(=O)(=O)c2ccc(N)cc2)n1
CHEMBL7313,CC(C)(C)NCC(O)COC(=O)c1ccc(F)cc1
CHEMBL8771,Nc1ncnc2c1ncn2[C@@H]1C=C(CO)[C@@H](O)[C@H]1O
CHEMBL7568,CCN(CC)CCCC(C)Nc1c2ccc(Cl)cc2nc2ccc(OC)cc12
CHEMBL9523,CCCCC/C=C/C/C=C/C/C=C/CCCCC(=O)O[C@H](CC=C(C)C)C1=CC(=O)c2c(O)ccc(O)c2C1=O
CHEMBL275686,CC(C)Oc1ccccc1NC(=O)Nc1ccc2cnccc2n1
CHEMBL275716,OCC1OC(n2cnc3c(O)ncnc32)CC1O
CHEMBL7460,C(#Cc1ccccc1)CN1CCC(COC(c2ccccc2)c2ccccc2)CC1
CHEMBL6244,COc1cc(C(=O)N2CCN(C(=O)c3cc(OC)c(OC)c(OC)c3)CC2)cc(OC)c1OC
CHEMBL33,C[C@H]1COc2c(N3CCN(C)CC3)c(F)cc3c(=O)c(C(=O)O)cn1c23
CHEMBL266675,c1ccc(Cn2cnc3c(N4CCC4)ncnc32)cc1
CHEMBL7375,COc1ccc(OC)c(CC2CCc3nc(N)nc(N)c3C2)c1
CHEMBL267832,C#CCN(Cc1ccc2nc(C)nc(O)c2c1)c1ccc(C(=O)N[C@@H](C(=O)O)C(C)C)cc1
CHEMBL9333,CN(C)CCCNC(=O)c1cc(NC(=O)Cn2cc(C3=C(c4c[nH]c5ccccc45)C(=O)NC3=O)c3ccccc32)cn1C
CHEMBL266603,CC/C=C/CC(=O)O[C@H](CC=C(C)C)C1=CC(=O)c2c(O)ccc(O)c2C1=O
CHEMBL6421,CN1Cc2c(C(=O)OC(C)(C)C)ncn2-c2ccc(N=[N+]=[N-])cc2C1=O
CHEMBL9273,Cc1cc(C)nc(N2C(=O)Cc3ccccc3C2=O)c1
CHEMBL7057,CCN(C)c1ncnc2c1ncn2Cc1ccccc1F
CHEMBL8842,CC(C)c1cc(/C=C/c2cccnc2)cc(C(C)C)c1O
CHEMBL7946,NC1=NC(c2ccc(F)cc2)Cc2cc(F)ccc21
CHEMBL6849,NS(=O)(=O)c1cc(C(=O)NN2Cc3ccccc3C2C(=O)O)ccc1Cl
CHEMBL9217,O=c1cc(-c2ccccc2Cl)oc2c(C3CCCC[C@@H]3O)c(O)cc(O)c12
CHEMBL269138,CCCCCCCC(=O)c1c(O)cc(CCCCCCC)oc1=O
CHEMBL6618,Nc1nc(N)c2nc(Sc3ccc4ccccc4c3)cnc2n1
CHEMBL266240,Nc1cc(Cl)c(S(N)(=O)=O)cc1S(N)(=O)=O
CHEMBL413497,CCN(CC)CCNCCNc1ccc2ncn3c4ccc(O)cc4c(=O)c1c23
CHEMBL26,CCN1CCCC1CNC(=O)c1cc(S(N)(=O)=O)ccc1OC
CHEMBL7835,COc1ccc(-c2cc(OCCCC(C)(C)C(=O)O)ccc2OCCCC(C)(C)C(=O)O)cc1
CHEMBL267639,CC(C)(C)Nc1ncnc2c1ncn2Cc1ccccc1F
CHEMBL269306,CC1(C)CC[C@]2(C#N)CC[C@]3(C)C(C(=O)C=C4[C@@]5(C)C=C(C#N)C(=O)C(C)(C)[C@@H]5CC[C@]43C)C2C1
CHEMBL269342,C#CCN(Cc1ccc2nc(C)nc(O)c2c1)c1ccc(C(=O)NCc2cscn2)cc1
CHEMBL268387,Cc1ccc(NS(=O)(=O)c2cccc3c(N(C)C)cccc23)nn1
CHEMBL267907,C[C@H]1Nc2cc3nc(O)cc(C(F)(F)F)c3cc2CC1(C)C
CHEMBL275553,Cc1cc(C2CCCCC2)nc2c(C3CCCCC3)cccc12
CHEMBL8855,C[N+](C)(CCCCCC[N+](C)(C)CCCN1C(=O)c2cc(Cl)c(Cl)cc2C1=O)CCCN1C(=O)c2cc(Cl)c(Cl)cc2C1=O.[Br-].[Br-]
CHEMBL266430,Cc1cc(O)nc2cc(N)ccc12
CHEMBL8721,Cc1ccc2c(c1)C(=O)N(CC(C)(C)C[N+](C)(C)CCCCCC[N+](C)(C)CC(C)(C)CN1C(=O)c3cccc4cccc(c34)C1=O)C2=O.[Br-].[Br-]
CHEMBL266684,CN(C)c1cccc2c(S(=O)(=O)Nc3ccc(I)cn3)cccc12
CHEMBL273657,COc1ccc(-c2nnc3nc4ccccc4n3c2O)cc1OC
CHEMBL266266,O=c1[nH]c(=O)c2cc(Sc3ccc4ccccc4c3)ccc2[nH]1
CHEMBL8193,COc1cccc(Cn2cnc3c(N(C)C)ncnc32)c1
CHEMBL8919,CCCCCC(OC)c1cccc(OCc2cccc(C(=O)OC)c2)c1
CHEMBL6632,C#CCN(Cc1cc2c(O)nc(C)nc2cc1C)c1ccc(C(=O)NCc2ccccn2)c(F)c1
CHEMBL267193,COc1ccc2c(c1)-c1nc(-c3ccncc3)[nH]c1CCC2
CHEMBL415297,C/C=C1/C(=O)C[C@@H](C(=O)O)[C@H](C)C(=O)N[C@@H](C(C)C)C(=O)N[C@@H](/C=C/C(C)=C/[C@H](C)[C@H](Cc2ccccc2)OC)[C@H](C)C(=O)N[C@@H](C(=O)O)CCC(=O)N1C
CHEMBL9580,CC/N=C(\N)Nc1ccc(Sc2ccc(Cl)cc2)cc1
CHEMBL416143,O=C(NCCCCn1ccnc1)c1sc2ccccc2c1Cl
CHEMBL8460,CC(C)[C@@H]1OC(=O)[C@@H](C)N(O)C(=O)[C@@H]2CCCNN2C(=O)CNC(=O)[C@H](C)N(O)C(=O)[C@H]2CCCNN2C(=O)[C@H]1NC(=O)[C@@](C)(O)CCCc1ccccc1
CHEMBL9736,C[C@@]1(CCc2ccccc2)CC2C3Cc4ccc(O)c5c4C2(CCN3CC2CCC2)C(O5)C1=O
CHEMBL416329,CN(C(=O)[C@H](Cc1ccc(C(N)NN)cc1)NS(=O)(=O)c1ccc2ccccc2c1)C1CC1
CHEMBL6936,CCOC(=O)C1=C(O)C(=O)N(c2ccccc2)C1
CHEMBL7988,C=CCC1Oc2ccc(F)c(OC)c2-c2ccc3c(c21)C(C)=CC(C)(C)N3
CHEMBL8766,COC(=O)CCCCCCCCCC(=O)CC(=O)N[C@H]1CCOC1=O
CHEMBL274799,CC(C)(C)c1cc(C/C=C/c2cccs2)cc(C(C)(C)C)c1O
CHEMBL8427,CCCCCC(OC1CCCCO1)c1cccc(OCc2cccc(C(=O)OC)c2)c1
CHEMBL275932,C=C1C(=O)OC2CC3(C)CCCC4(CO4)C3CC12
CHEMBL7050,Nc1nc(N)c2cc(Sc3ccc4ccccc4c3)ccc2n1
CHEMBL415488,Cc1cccc(Oc2cnc(O)nc2O)c1
CHEMBL8560,CCCCCC(C)CCC(=O)CC(=O)N[C@H]1CCOC1=O
CHEMBL7070,Cc1cccc(N2C(N)=NC(N)=NC2(C)C)c1
CHEMBL267915,CN1CCC[C@H]1CN1CCN(Cc2cccnc2)CC1
CHEMBL428658,Nc1nc(N)c2cc(S(=O)(=O)c3ccc(Cl)c(Cl)c3)ccc2n1
CHEMBL7532,CC(C)(C)C(=O)c1cccnc1N1CCN(C(=O)c2cc3ccccc3[nH]2)CC1
CHEMBL428644,COc1ccc([C@@H]2[C@@H](C(=O)O)[C@H](c3ccc4c(c3)OCO4)CN2CC(=O)N2CCCCC2)cc1
CHEMBL17,NS(=O)(=O)c1cc(Cl)c(Cl)c(S(N)(=O)=O)c1
CHEMBL9476,CCC(C)/N=c1\c(O)c(O)\c1=N/[C@@H](Cc1ccc(NC(=O)c2c(Cl)cncc2Cl)cc1)C(=O)O
CHEMBL268459,COC(=O)c1oc2c(sc3ccccc32)c1OC(=O)N(C)C
CHEMBL9148,C/C=C/C=C/C(=O)O[C@H](CC=C(C)C)C1=CC(=O)c2c(O)ccc(O)c2C1=O
CHEMBL428145,O=[N+]([O-])c1cc2ccc3cc4ccccc4cc3c2o1
CHEMBL7447,C=C(C)[C@@H]1CC[C@]2(C(=O)NCCCCCCCC(=O)N[C@@H](CC(C)C)[C@@H](O)CC(=O)O)CC[C@]3(C)[C@H](CC[C@@H]4[C@@]5(C)CC[C@H](O)C(C)(C)[C@@H]5CC[C@]43C)[C@@H]12
CHEMBL6902,CC(C)NCC(O)COc1ccc(C[S+]([O-])CC2CC2)cc1
CHEMBL267498,COc1c2occc2c(CN(C)C)c2ccc(=O)oc12.Cl
CHEMBL7748,Nc1nc2ccc(OCc3ccccc3)cc2c2nc(-c3ccco3)nn12
CHEMBL9287,Cc1cccc(NC(=O)NNc2nc3ccccc3c(=O)n2-c2cccc(Cl)c2Cl)c1
CHEMBL8041,NC1=NC(c2cccs2)Cc2ccsc21
CHEMBL7610,COc1ccc(C[C@H](NC(=O)Nc2ccc3c(CN4CCCC4)cn(Cc4c(Cl)cccc4Cl)c3c2)C(=O)N[C@@H](CCCNC(=N)N)C(=O)NCc2ccccc2)cc1
CHEMBL8088,NC1=NC(c2ccc(F)cc2)Cc2ccccc21
CHEMBL9031,CCCCCCCCCCC(=O)N[C@H]1CCOC1=O
CHEMBL415105,C#CCN(Cc1ccc2nc(C)nc(O)c2c1)c1ccc(C(=O)Nc2ccccc2)cc1
CHEMBL6290,COc1cc2nc(N3CCN(C(=O)/C=C/c4ccc(Br)cc4)CC3)nc(N)c2cc1OC
CHEMBL7451,O=C(CCc1ccccc1)OC[C@H]1C[C@@H]2O[C@H]1[C@H]1C(=O)OC(=O)[C@H]12
CHEMBL7065,CC(C)NCC(O)COc1ccc(C[S+]([O-])CC2CCCC2)cc1
CHEMBL9471,O=C(Nc1ccccc1)Nc1ccc(O)cc1
CHEMBL265675,C=C1[C@@H](CC(N)=O)[C@H]1CCCC
CHEMBL9481,CC(C)Oc1ccc(C(=O)c2ccc3n2CCC3C(=O)O)cc1
CHEMBL7244,CCCCCC[C@@H](C(=O)N1C[C@@H](Oc2ccc(CC(=O)O)cc2)C[C@H]1C(=O)O)n1cnc(NC(=O)c2ccccc2S(=O)(=O)O)c1
CHEMBL6246,O=c1oc2c(O)c(O)cc3c(=O)oc4c(O)c(O)cc1c4c23
CHEMBL414205,c1cncc(-c2nc3c([nH]2)-c2ccccc2CCC3)c1
CHEMBL8643,Cc1ccc(-c2cc(OCCCC(C)(C)C(=O)O)ccc2OCCCC(C)(C)C(=O)O)cc1
CHEMBL6651,O=C1Nc2cccc(Cl)c2C12OCCO2
CHEMBL267415,Nc1nc2ccccc2c2nc(-c3ccco3)nn12
CHEMBL267485,O=C(O)COCc1ccc(Cl)c(Cl)c1
CHEMBL7723,CSc1ncnc2c1ncn2Cc1ccccc1
CHEMBL54,O=C(CCCN1CCC(O)(c2ccc(Cl)cc2)CC1)c1ccc(F)cc1
CHEMBL9452,CCCCOc1ccccc1N1CCNCC1
CHEMBL7990,COc1cccc(N(C)c2ccc(NC(=O)C(C)C)cc2)c1
CHEMBL268530,Cc1ccc(Sc2cncc3sc(CO)cc23)cc1
CHEMBL8829,O=Cc1ccn(-c2cc3c(cc2Cl)nc(O)n2nc(C(=O)O)cc32)c1
CHEMBL6901,Clc1cc2ncc(N3CCNCC3)nc2cc1Cl
CHEMBL9548,O=C1NC(c2ccc([N+](=O)[O-])cc2)Nc2ncccc21
CHEMBL6855,CCCC1CCNc2cc3oc(=O)cc(C(F)(F)F)c3cc21
CHEMBL7450,CN(C(=O)[C@H](CC#Cc1ccc(NN)cc1)NS(=O)(=O)c1ccc2ccccc2c1)C1CCCC1
CHEMBL402580,O=C1Nc2ccccc2C12OCCS2
CHEMBL8739,CC/C=C\C/C=C\C/C=C\CCCCCCCC(=O)O
CHEMBL8357,CCOC(=O)C1CC2OC1C(C(=O)O)C2C(=O)O
CHEMBL6431,COc1cc2nc(N3CCC(C(=O)NCCO)CC3)nc(N)c2cc1OC
CHEMBL9868,COc1ccc(Sc2ccccc2NC2=NCCN2)cc1
CHEMBL8517,N#CN1Cc2cc3ccccc3nc2C1
CHEMBL268691,COc1cc(Br)c2c3c([nH]c2c1)CNCC3
CHEMBL269359,CCCc1cc(=O)oc2c3c(c4c(c12)OC(C)(C)C=C4)O[C@H](C(C)C)[C@@H](C)[C@H]3O
CHEMBL8506,O=C1[C@@H](NS(=O)(=O)c2cc3c(Cl)nccc3s2)CCN1Cc1cc2cc[nH]cc-2n1
CHEMBL414208,CCOC(=O)C1=C(O)C(=O)N(Cc2ccc(OC)cc2)C1
CHEMBL417601,Cn1c(=O)[nH]c2[nH]c(-c3ccc(S(=O)(=O)Oc4ccc([N+](=O)[O-])cc4)cc3)nc2c1=O
CHEMBL8578,CCCC[C@@H](C[C@@H](CCc1ccc(/C=C/c2ccccc2)cc1)C(=O)N[C@H](C(=O)NC)C(C)(C)C)C(=O)O
CHEMBL6696,CCC1CCc2nc(N)nc(N)c2C1
CHEMBL9656,CCCCN1CCC(COC(c2ccccc2)c2ccccc2)CC1
CHEMBL441587,COc1ccc(CCCN2CCC(COCc3ccc(Cl)c(Cl)c3)CC2)cc1
CHEMBL7495,O=C(Oc1ccc2[nH]c(C(=O)c3cc4ccccc4[nH]3)cc2c1)c1cccnc1
CHEMBL266784,CCNC(=O)C(=O)[C@H](Cc1ccccc1)NC(=O)C1Cc2cc(Cl)ccc2S(=O)(=O)N1CC
CHEMBL7721,O=C(/C=C/c1ccc(Cl)c(Cl)c1)c1ccc(O)cc1
CHEMBL268906,CC[C@H]1OC(=O)CC(O)[C@H](C)[C@@H](O[C@@H]2O[C@H](C)C[C@H](N(C)C)[C@H]2O)[C@@H](CCN2CCCCCC2)C[C@@H](C)C(=O)/C=C/[C@]2(C)O[C@H]2[C@@H]1C
CHEMBL430326,CC[C@@H]1/C=C(\C)C[C@H](C)C[C@H](OC)[C@H]2O[C@@](O)(C(=O)C(=O)N3CCCC[C@H]3C(=O)O[C@H](/C(C)=C/[C@@H]3CC[C@@H](Oc4cccc(OC)c4)[C@H](OC)C3)[C@H](C)[C@@H](O)CC1=O)[C@H](C)C[C@@H]2OC
CHEMBL8858,CCN1C(C(=O)N[C@@H](Cc2ccccc2)C(=O)C(=O)NCCNS(=O)(=O)c2ccccc2)Cc2cc3c(cc2S1(=O)=O)OCCO3
CHEMBL6327,CC/C(=C(\c1ccc(I)cc1)c1ccc(OCCCCCN(C)C)cc1)c1ccccc1
CHEMBL267272,CCCOc1cc2c(cc1O)CCO2
CHEMBL8132,CCn1ncc2c(N[C@@H](C)C3CCCCC3)c3cc(C#N)ccc3nc21
CHEMBL66,O=C1c2c(O)cc(O)cc2O[C@H](c2ccc(O)c(O)c2)[C@H]1O
CHEMBL6356,Nc1cc[n+](Cc2ccc3c(c2)Cc2cc(C[n+]4ccc(N)c5ccccc54)ccc2-3)c2ccccc12
CHEMBL172054,CC(=O)N(CCCCNC(=O)C1CSC(c2ccccc2O)=N1)CCCCNC(=O)C1CSC(c2ccccc2O)=N1
CHEMBL8313,CC[C@@H]1CC2C(CCC3(C)C(=O)CCC23)C2(C)C=CC(=O)C=C12
CHEMBL9450,CCCc1cc(C)c2ccccc2n1
CHEMBL7488,COc1cc(NCC2CCc3nc(N)nc(N)c3C2)cc(OC)c1OC
CHEMBL266529,C=CCOc1ccccc1C(=O)OCC(O)CNC(C)C
CHEMBL7498,CCCC/C(=C\Cn1oc(=O)[nH]c1=O)c1cccc(Oc2ccc(C)cc2)c1
CHEMBL8222,COC(=O)c1cc(Nc2ccccc2)c(Nc2ccccc2)cc1C(=O)OC
CHEMBL6779,CSCC[C@H](NC(=O)NC12CC3CC(CC(C3)C1)C2)C(=O)N[C@@H](CC(C)C)C(=O)N[C@@H](Cc1ccccc1)C(=O)O
CHEMBL7328,O=C1c2ccc(OCc3cccc(-c4ccccc4)c3)cc2CCC1CCN1CCC(c2ccccc2)CC1
CHEMBL6524,CC1(C)CC(C)(C)c2cc(N/C(S)=N/c3ccc(S(N)(=O)=O)cc3)ccc2S1
CHEMBL267258,CC(C)CN(Cc1ccccc1-c1ccccc1)[C@@H]1C[C@@H](CNC(=O)/C=C/c2ccc(/C=C3\SC(=O)NC3=O)cc2)N(C(=O)c2ccccc2C(=O)c2ccc(F)cc2)C1
CHEMBL451551,CC12CCC(OC=O)CC1CCC1C2CCC2(C)[C@@H](C3=CC(=O)OC3)C(OC=O)CC12O
CHEMBL263076,O=c1oc2c(O)c(O)ccc2c2cc(F)ccc12
CHEMBL9505,COc1ccc(CCCN2CCN(CCC(c3ccccc3)c3ccccc3)CC2)cc1
CHEMBL266039,c1ccc(CCN2CCN3CC(c4ccccc4)c4ccccc4C3C2)cc1
CHEMBL276860,COC(=O)[C@H](C)NP(=O)(CO[C@H](C)Cn1cnc2c(N)ncnc21)Oc1ccccc1
CHEMBL9283,CCCCN(C(=O)CN1C[C@@H](c2ccc3c(c2)OCO3)[C@H](C(=O)O)[C@H]1c1ccc(OC)cc1)c1ccccc1
CHEMBL268798,COc1ccc(-n2cc(C(=O)NCCN(C)C)c3nc4c(C)cccc4cc3c2=O)cc1OC
CHEMBL267706,Nc1nc2c(s1)CN=C(c1ccccc1F)c1cc(Cl)ccc1-2
CHEMBL9953,COc1ccc(Sc2ccc(C(=N)N)cc2)cc1
CHEMBL267385,Oc1ccc(C2=Cc3cc(O)ccc3C23Cc2ccc(OCCN4CCCCC4)cc2C3)cc1
CHEMBL6819,Cc1oc(-c2ccc(C(F)(F)F)cc2)nc1COc1cccc(C2CC2Cn2oc(=O)[nH]c2=O)c1
CHEMBL267932,CN1CN(c2ccccc2)C2(CCN(CCCC(=O)c3ccc(F)cc3)CC2)C1=O
CHEMBL275451,O=C1c2ccccc2CCCN1CCN1CCC(Oc2ccc(F)cc2)CC1
CHEMBL6624,COc1ccc(NS(=O)(=O)c2cccc3c(N(C)C)cccc23)nn1
CHEMBL9132,CCCN(CCC)C(=O)CCN1C[C@@H](c2ccc3c(c2)OCO3)[C@H](C(=O)O)[C@H]1c1ccc(OC)cc1
CHEMBL7759,CN(C)c1nc2ccc(Cl)cc2c2nc(-c3ccco3)nn12
CHEMBL380444,CCC(CC)NC(=O)OCC1CN(C(=O)c2cc(OC)c(OC)c(OC)c2)CCN1C(=O)c1cc(OC)c(OC)c(OC)c1
CHEMBL6973,COc1ccc(S(=O)(=O)N2CN(C)C(=O)C[C@@H]2C(=O)NO)cc1
CHEMBL6467,CSc1ccc(CC(C)N)cc1
CHEMBL268739,Oc1ncc(Oc2ccc(Cl)cc2)cn1
CHEMBL484,Nc1ncnc2c1ncn2CCOCP(=O)(O)O
CHEMBL428339,Cc1cc(-c2c(F)cc3c(=O)c(Cc4c(O)cc(O)cc4O)cn(C4CC4)c3c2F)cc(C)n1
CHEMBL9455,COc1ccc(CCCN2CCC(COC(c3ccc(Cl)cc3)c3ccc(Cl)cc3)CC2)cc1
CHEMBL269123,CCOC(=O)c1cccc(NC(=O)NNc2nc3ccccc3c(=O)n2-c2cccc(Cl)c2)c1
CHEMBL268526,Cc1ccc2cc(-c3ccc(CC(Cc4ccc(C(F)(F)P(=O)(O)O)cc4)(c4ccccc4)n4nnc5ccccc54)cc3)cc(P(=O)(O)O)c2n1
CHEMBL7483,CCNc1cccnc1N1CCN(C(=O)c2cc3ccccc3[nH]2)CC1
CHEMBL7496,O=C(c1cc2ccccc2[nH]1)c1cc2cc(OC(=O)C3CCC3)ccc2[nH]1
CHEMBL441326,CC(C)CN(Cc1ccccc1-c1ccccc1)[C@@H]1C[C@@H](CNC(=O)/C=C/c2ccc(/C=C3\SC(=O)NC3=O)cc2)N(C(=O)c2ccccc2C(=O)c2ccc(F)cc2F)C1
CHEMBL440085,COc1noc2c1CN(C)CC2.Cl
CHEMBL267973,CCNc1cccnc1N1CCN(C(=O)c2cc3ccccc3oc2=O)CC1
CHEMBL6410,CC/C(=C(\c1ccc(I)cc1)c1ccc(OCCCCCCCCN2CCCC2)cc1)c1ccccc1
CHEMBL275475,O=C1c2ccccc2CCCN1CCN1CCC(n2nnc3ccccc32)CC1
CHEMBL266463,COc1ccc(Cc2cn(C3CC3)c3c(F)c(-c4cc(C)nc(C)c4)c(F)cc3c2=O)cc1
CHEMBL268654,Cc1ccc2c(c1)-c1nc(-c3ccccn3)[nH]c1CCC2
CHEMBL7281,CC(C)(C)OC(=O)Nc1ccc2c(c1)cc1c(=O)n3c(cc4cc(NC(=O)OC(C)(C)C)ccc43)c(=O)n12
CHEMBL6528,CN(C)CC1c2ccccc2C(c2ccccc2)CN1C
CHEMBL8741,CCCCCNC(=O)C(=O)[C@H](Cc1ccccc1)NC(=O)C1Cc2cc3c(cc2S(=O)(=O)N1CC)OCCO3
CHEMBL6253,C[C@]12CC[C@H](O)CC1=CCC1C2CC[C@@]2(C)C1CC[C@@H]2OC1CC1
CHEMBL266374,CC(C)Cc1cccc(Br)c1O[C@@H]1C[C@@H](CNC(=O)c2ccc(/C=C3\SC(=O)NC3=O)cc2)N(C(=O)c2ccccc2C(=O)c2ccc(F)cc2F)C1
CHEMBL9489,CCCCn1cc(C(=O)NCCN(C)C)c2nc3c(C)cccc3cc2c1=O
CHEMBL266548,CC(C)NCC(O)COC(=O)c1ccc2c(c1)OCO2
CHEMBL412,CC12CCC3c4ccc(O)cc4CCC3C1CCC2O
CHEMBL268878,CC(C)Nc1cccnc1N1CCN(C(=O)c2cc3ccccc3[nH]2)CC1.CS(=O)(=O)O
CHEMBL267942,O=S(=O)(c1ccc(F)cc1)N1Cc2ccccc2N(Cc2c[nH]cn2)C(CCc2ccccc2)C1
CHEMBL7221,CN(C(=O)[C@H](CC#Cc1cccc(N)c1)NS(=O)(=O)c1ccc2ccccc2c1)C1CCCC1
CHEMBL7067,CC(CCc1ccccc1)NCC(O)c1cc(C(N)=O)c2c(ccn2C)c1
CHEMBL9043,CCCCNC(=O)N1N=C(c2ccc(N)cc2)c2cc3c(cc2CC1C)OCO3
CHEMBL7969,NC1=NC(c2ccc(F)cc2)Cc2c(F)cccc21
CHEMBL8024,O=C(c1ccc(Cl)cc1)C(Nc1ccc(Cl)cc1)NC(Cn1ccnc1)c1ccc(Cl)cc1Cl
CHEMBL9652,COc1ccc(OC)c(C(=O)/C(C)=C/c2ccc(N(C)C)cc2)c1
CHEMBL8223,CCN(CC)c1ccc(Nc2cc3c(cc2Nc2ccc(N(CC)CC)cc2)C(=O)NC3=O)cc1
CHEMBL266364,CC[C@H]1OC(=O)CC(O)[C@H](C)[C@@H](O[C@@H]2O[C@H](C)C[C@H](N(C)C)[C@H]2O)[C@@H](CCN2CC(C)CC(C)C2)C[C@@H](C)C(=O)/C=C/[C@]2(C)O[C@H]2[C@@H]1C
CHEMBL9017,C[N+](C)(CCCCCC[N+](C)(C)CCCN1C(=O)c2ccc(C(F)(F)F)cc2C1=O)CCCN1C(=O)c2ccc(C(F)(F)F)cc2C1=O.[Br-].[Br-]
CHEMBL9440,CN(Cc1ccc(S(=O)(=O)N2CCOCC2)cc1)c1ccc2c3c(cccc13)C(=N)N2
CHEMBL269703,CCC1COC(c2ccc(OCCCCCCCc3cc(C)no3)cc2)=N1
CHEMBL7442,Clc1ccc(N2CCN(Cc3cnn4c3CCCC4)CC2)cc1
CHEMBL267276,O=C(O)c1nc2c(O)nc3cc(Cl)c(-n4cnnc4)cc3n2n1
CHEMBL269155,CC(C)(CCCCOc1ccc(OCCCCC(C)(C)C(=O)O)c(-c2ccccc2)c1)C(=O)O
CHEMBL6832,Fc1ccccc1Cn1cnc2c(N3CCCC3)ncnc21
CHEMBL8308,O=C1[C@@H](NS(=O)(=O)c2cc3cccnc3s2)CCN1Cc1cc2c[nH]ccc-2n1
CHEMBL6371,Cc1ccc(Sc2cncc3sc(C(=O)c4ccccc4)cc23)cc1
CHEMBL269340,CCCCNC(=O)OCC1CN(C(=O)c2cc(OC)c(OC)c(OC)c2)CCN1C(=O)c1cc(OC)c(OC)c(OC)c1
CHEMBL268680,O=C(C[C@@H](Cc1ccc(-c2ccccc2-c2nn[nH]n2)cc1)C(=O)N[C@H]1c2ccccc2C[C@H]1O)NO
CHEMBL6342,COc1cc2nc(N3CCN(C(=O)/C(F)=C/c4ccccc4)CC3)nc(N)c2cc1OC
CHEMBL265673,Cc1c(NC(=O)CCc2ccc(Cl)cc2)ccc2nc(N)nc(N)c12
CHEMBL8509,O=C1[C@@H](NS(=O)(=O)c2cc3ccc(Cl)nc3s2)CCN1Cc1cc2c[nH]ccc-2n1
CHEMBL9553,CNC(=O)c1cccc2c(Nc3ccc(NP(=O)(OC)OC)cc3)c3ccccc3nc12
CHEMBL7245,CCCC/C(=C\Cn1oc(=O)[nH]c1=O)c1cccc(OCc2nc(-c3ccc(C(F)(F)F)cc3)oc2C)c1
CHEMBL6236,Cc1cc(-n2ncc(=O)[nH]c2=O)cc(Cl)c1C(=O)c1ccc(Cl)cc1
CHEMBL268008,CCCCCCCCCCCCCCCCCC(=O)OCC(OC(C)=O)C1OC(O)C(NC(C)=O)C1OC(C)C(=O)N[C@@H](C)C(=O)NC(CCC(=O)O)C(N)=O
CHEMBL417240,CC(=O)N(c1ccccc1)C(C)C(=O)O
CHEMBL264723,COc1ccc(CCNCC(O)COC(=O)c2cccc(C)c2)cc1OC
CHEMBL9425,CN1CCC23c4c5ccc(O)c4OC2[C@H](O)[C@](CO)(CCCCCc2ccccc2)CC3C1C5
CHEMBL274390,CC(C)(C)/N=c1\c(O)c(O)\c1=N/[C@@H](Cc1ccc(NC(=O)c2c(Cl)cncc2Cl)cc1)C(=O)O
CHEMBL8714,CCCCC(O)c1cccc(OCc2ccccc2C(=O)OC)c1
CHEMBL7060,COc1ccc2c(c1OC(C)=O)-c1cc(O)cc3c1C(C2)N(C(=O)CN(CCCl)CCCl)CC3
CHEMBL428999,Brc1ccc2c3c([nH]c2c1)C=NCC3
CHEMBL7652,CCCc1cc(=O)oc2c3c(c4c(c12)OC(C)(C)C=C4)OC[C@H](C)C31OCOCO1
CHEMBL273659,NC1=NC(c2ccccc2)Cc2ccccc21
CHEMBL266088,FC(F)(F)c1ccc2nc(N3CCNCC3)cnc2c1
CHEMBL9192,C[C@@]1(N2C(=O)c3cccc(N)c3C2=O)CCC(=O)NC1=O
CHEMBL8206,Cc1c(S(=O)(=O)N[C@H]2CCN(Cc3cc4[nH]cccc-4n3)C2=O)sc2ccc(Cl)cc12
CHEMBL6905,Nc1nc(O)nc2ccc(Sc3ccc4ccccc4c3)cc12
CHEMBL6725,Cc1oc2c(C)c3oc(=O)cc(C)c3cc2c1CNCCO
CHEMBL268869,COc1ccc(NS(=O)(=O)c2ccc(N)cc2)nn1
CHEMBL418333,CCCn1c(=O)c2nc(-c3ccc(S(=O)(=O)O)cc3)[nH]c2n(CCC)c1=O
CHEMBL7766,CC(C)(CCCOc1ccc(OCCCC(C)(C)C(=O)O)c(Sc2ccccc2)c1)C(=O)O
CHEMBL6898,CC(C)NC1CCc2cc(O)c(O)cc2[C@H]1O
CHEMBL8831,C=C1C(=O)OC2CC3(C)CCCC(C)C3=CC12
CHEMBL8392,CC1(C)CC[C@]2(C(=O)n3cccn3)CC[C@]3(C)C(C(=O)C=C4[C@@]5(C)C=C(C#N)C(=O)C(C)(C)[C@@H]5CC[C@]43C)C2C1
CHEMBL262712,C=CCOC(NC(=O)[C@H](Cc1ccccc1)NS(=O)(=O)N1CCOCC1)C(=O)N[C@@H](CC1CCCCC1)[C@@H](O)[C@@H](O)CC(C)C
CHEMBL267975,COC(=O)C(C)(C)CCCOc1ccc(C=N/N=C(/N)S)c(OCCCC(C)(C)C(=O)OC)c1
CHEMBL8903,O=C(NCCCn1ccnc1)c1cccnc1Cl
CHEMBL267692,CC(C)(C)c1cccc(N2C(N)=NC(N)=NC2(C)C)c1
CHEMBL9664,CN(C)c1cccc2c(S(=O)(=O)N[C@@H](Cc3ccc(C(N)NN)cc3)C(=O)N(C)C3CCCC3)cccc12
CHEMBL268887,CCNCC1CCN(c2c(F)cc3c(=O)c(C(=O)O)cn(-c4ccc(F)cc4)c3c2F)C1
CHEMBL9741,CCCCCCCN1CCC(COC(c2ccccc2)c2ccccc2)CC1
CHEMBL268683,CNC(N)c1ccc(C[C@@H](NC(=O)CNS(=O)(=O)c2ccc3ccccc3c2)C(=O)N2CCCCC2)cc1
CHEMBL9118,CC[C@H]1OC(=O)CC(O)[C@H](C)[C@@H](O[C@@H]2O[C@H](C)C[C@H](N(C)C)[C@H]2O)[C@@H](CCN(CC)CC)C[C@@H](C)C(=O)/C=C/[C@]2(C)O[C@H]2[C@@H]1C
CHEMBL6885,Nc1ccc2nc(N)nc(N)c2c1
CHEMBL268403,NC1=NC(c2ccccc2F)Cc2ccccc21
CHEMBL6469,C[C@]1(/C=C\C#N)[C@H](C(=O)[O-])N2C(=O)[C@@H](CO)[C@H]2S1(=O)=O.[Na+]
CHEMBL9248,CC[C@H]1OC(=O)CC(O)[C@H](C)[C@@H](O[C@@H]2O[C@H](C)C[C@H](N(C)C)[C@H]2O)[C@@H](CCN2CCCC2)C[C@@H](C)C(=O)/C=C/C(C)=C/[C@@H]1C
CHEMBL267504,COC(=O)C1=NN2C(=O)Nc3cc(Cl)c(Cl)cc3C2C1
CHEMBL269133,CCCC(C)NC(=O)OCC1CN(C(=O)c2cc(OC)c(OC)c(OC)c2)CCN1C(=O)c1cc(OC)c(OC)c(OC)c1
CHEMBL8252,COC(=O)[C@]12CCC(C)(C)CC1C1C(=O)C=C3[C@@]4(C)C=C(C(=O)O)C(=O)C(C)(C)[C@@H]4CC[C@@]3(C)[C@]1(C)CC2
CHEMBL8652,CCC(C)(C)c1cc(/C=C/c2cccnc2)cc(C(C)(C)CC)c1O
CHEMBL6594,Cc1cc(CCCCCOc2c(Cl)cc(C3=NCCO3)cc2Cl)on1
CHEMBL266220,O=C(C1CCCCN1)N1CCN(Cc2ccncc2)CC1
CHEMBL8013,N=C(CP(=O)([O-])[O-])NCCC(=O)O.[Na+].[Na+]
CHEMBL8935,FC(F)(F)c1ccc(Sc2ccc(NC3=NCCN3)cc2)cc1
CHEMBL6396,Cc1cc(O)nc2c3c(ccc12)OC(C)(C)[C@H](OC(=O)C12CCC(C)(C(=O)O1)C2(C)C)[C@@H]3OC(=O)C12CCC(C)(C(=O)O1)C2(C)C
CHEMBL269163,O=C(/C=C/c1ccccc1Cl)c1ccc(O)cc1
CHEMBL7810,COc1cc(O)c2c(=O)c(-c3cccc(Cl)c3)cn(CCc3ccccc3)c2c1
CHEMBL9099,CCOC(=O)/C=C(C)/C(F)=C/C=C(C)/C=C/c1c(Cl)cc(OC)c(C)c1C
CHEMBL6994,Cc1c(N2C[C@H](C3(N)CC3)C(F)(F)C2)c(F)c(N)c2c(=O)c(C(=O)O)cn([C@@H]3C[C@@H]3F)c12
CHEMBL8178,Cc1nc(O)c(N)cc1-c1ccc(-n2ccnc2)cc1
CHEMBL267220,CC(CCc1ccccc1)NCC(O)COc1ccc(CCOCC2CCC2)cc1
CHEMBL7795,Cc1noc2c(Cl)c3c(cc12)CC(C(=O)O)O3
CHEMBL274413,CC(C)(CN1C(=O)c2cccc3cccc(c23)C1=O)C[N+](C)(C)CCCCCC[N+](C)(C)CCCN1C(=O)c2ccccc2C1=O.[Br-].[Br-]
CHEMBL9228,CCCCN(CCCC)CC(=O)N1C[C@@H](c2ccc3c(c2)OCO3)[C@H](C(=O)O)[C@H]1c1ccc(OC)cc1
CHEMBL9520,Nc1ccccc1/N=C(\S)Nc1ccccc1N
CHEMBL266984,O=C1[C@@H](NS(=O)(=O)c2ccc(-c3ccon3)s2)CCN1Cc1cc2cc[nH]cc-2n1
CHEMBL8461,C=C1CC(c2ccccc2)OC1=O
CHEMBL268529,Cn1cc(C2=C(c3cn(CCN)c4ccccc34)C(=O)NC2=O)c2ccccc21
CHEMBL9636,CN1CCC23c4c5ccc(O)c4OC2[C@H](O)[C@](CO)(CCc2ccccc2)CC3C1C5
CHEMBL7826,CCCCc1nc(C(=O)OCC)c(C(=O)OCC)n1Cc1ccc(-c2ccccc2-c2nn[nH]n2)cc1
CHEMBL266557,CCOC(=O)c1cccc(NC(=O)NNc2nc3ccccc3c(=O)n2-c2ccc(Cl)c(Cl)c2)c1
CHEMBL268115,CC(C)[C@@H]1CC[C@]2(C(=O)O)CC[C@]3(C)[C@H](CC[C@@H]4[C@@]5(C)CC[C@H](OC(=O)C(C)(C)CC(=O)O)C(C)(C)[C@@H]5CC[C@]43C)[C@@H]12
CHEMBL266979,CCCCC(C)(O)C/C=C/[C@H]1[C@H](O)CC(=O)[C@@H]1CC/C=C\CCC(=O)OC
CHEMBL417244,COc1ccc2c3c1OC1[C@H]4OC[C@@]4(CCCc4ccccc4)CC4C(C2)N(CC2CCC2)CCC341
CHEMBL6965,COc1ccc2ccc3oc([N+](=O)[O-])cc3c2c1OC
CHEMBL7607,O=C1c2ccc(OCc3ccccc3)cc2CCC1CCN1CCC(c2ccccc2)CC1
CHEMBL8608,O=C(CCCCCCCCCCBr)CC(=O)N[C@H]1CCOC1=O
CHEMBL274118,CC(=O)N(CC(=O)O)c1ccc(Cl)cc1
CHEMBL8699,COCC(=O)N1N=C(c2ccc(N)cc2)c2cc3c(cc2CC1C)OCO3
CHEMBL6985,c1ccc(-c2nc3c([nH]2)CCOc2ccccc2-3)cc1
CHEMBL9883,Clc1ccc(Sc2ccc(NC3=NCCN3)cc2)cc1
CHEMBL7349,Cc1oc(-c2ccccc2)nc1COc1cccc(C#CC(C)n2oc(=O)[nH]c2=O)c1
CHEMBL8607,CC(=O)N(CC(=O)O)c1ccc([N+](=O)[O-])cc1
CHEMBL266541,O=C1N(CN2CCCC2)c2ccccc2C12OCCO2
CHEMBL9562,CN(C(=O)CN)c1ccc(Cl)cc1C(=O)c1c(Cl)cccc1Cl.Cl
CHEMBL9079,Cn1cc(-c2csc(C(N)=O)n2)c2c1C(=O)C=C(N)C2=O
CHEMBL269733,CN(N=O)c1cc(O)ccc1O
CHEMBL9855,CCCN(C)c1c(N[C@@H](Cc2ccc(NC(=O)c3c(Cl)cncc3Cl)cc2)C(=O)O)c(=O)c1=O
CHEMBL416142,O=C(Nc1ccc(Cl)cc1Cl)OC(Cn1ccnc1)c1ccc(Cl)cc1Cl
CHEMBL6693,Nc1nc(N)c2c(S(=O)(=O)c3ccc4ccccc4c3)cccc2n1
CHEMBL7511,Nc1nc2ccc(Cl)cc2c2nc(C3CCCO3)nn12
CHEMBL6665,O=c1c(-c2ccc(O)cc2O)coc2cc(O)cc(O)c12
CHEMBL7516,Cc1cccc(Cn2cnc3c(N(C)C)ncnc32)c1
CHEMBL7801,Oc1c(-c2cccc(Cl)c2)cnc2ccccc12
CHEMBL415485,CC(=O)[C@H]1O[C@@H](Oc2ccc(/C=C(\C)C(=O)N[C@H]3C4OC(C5OCOC54)[C@H]3O)cc2O)[C@@H](O)[C@@H]1O
CHEMBL8001,O=C1OC(=O)C2CC=CCC12
CHEMBL269254,CCCCc1oc2ccccc2c1COc1cccc(/C(C)=C/Cn2oc(=O)[nH]c2=O)c1
CHEMBL269497,Cc1cccc(Sc2cncc3sc(C(N)=O)cc23)c1
CHEMBL7025,Oc1[nH]c(Br)nc2nncc1-2
CHEMBL266056,O=C(c1ccccc1)C(Cc1ccc(C(F)(F)P(=O)(O)O)cc1)(Cc1ccc(C(F)(F)P(=O)(O)O)cc1)c1ccccc1
CHEMBL8489,O=C(NCCCCCCn1ccnc1)c1ccc(Cl)s1
CHEMBL267807,Cc1cn(C2CC(O)C(CNS(=O)(=O)CBr)O2)c(=O)[nH]c1=O
CHEMBL266458,O=c1oc2cc(O)c(O)cc2c2cc(O)c(O)cc12
CHEMBL9654,O=C1C2=CCC[C@@]1(O)C#C/C=C\C#C[C@@H]2O
CHEMBL7353,CCCCCNC(=O)NS(=O)(=O)c1cc([N+](=O)[O-])ccc1NC1CCCCC1
CHEMBL8245,c1ccc2c(c1)c(C1=NCC3(CN4CCC3CC4)O1)cn2CC1CC1
CHEMBL267298,Cc1cccc2c(C3=NCC4(CN5CCC4CC5)O3)cn(C)c12
CHEMBL269090,CCCc1cc(=O)oc2c3c(c4c(c12)OC(C)(C)C=C4)O[C@H](C)[C@@H](C)C3=O
CHEMBL9320,C=CCCCCC(=O)O[C@H](CC=C(C)C)C1=CC(=O)c2c(O)ccc(O)c2C1=O
CHEMBL264212,CCCN(CCN1C(=O)c2ccccc2C1=O)C1COc2cccc(OC)c2C1
CHEMBL6982,Cc1oc(-c2ccc(C(F)(F)F)cc2)nc1COc1cccc(/C(=C/Cn2oc(=O)[nH]c2=O)C2CCCCC2)c1
CHEMBL8266,CCCCN1CCCC(c2cccc(O)c2)C1
CHEMBL266040,CC(=O)N[C@@H](C(=O)N1CCC[C@H]1C(=O)NCc1ccc(C(=N)NN)s1)C(c1ccccc1)c1ccccc1
CHEMBL8166,Brc1ccc(-c2ccc(Br)cc2)cc1
CHEMBL6359,COc1cc(C(=O)N2CCN(C(=O)c3cc(OC)c(OC)c(OC)c3)C(COC(=O)NC(C)(C)C)C2)cc(OC)c1OC
CHEMBL6914,C/C(=C\c1cccc(OCc2nc(-c3ccc(C(F)(F)F)cc3)oc2C)c1)Cn1oc(=O)[nH]c1=O
CHEMBL8884,CCCCCC1CC1CC1CC1CC1CC1CC1CC1CCCC(=O)O
CHEMBL8806,CCCC(=O)O[C@H](CC=C(C)C)C1=CC(=O)c2c(O)ccc(O)c2C1=O
CHEMBL9768,COc1cnc(C[S+]([O-])c2nc3cc4c(cc3[nH]2)OC(F)(F)O4)cc1OC
CHEMBL276664,CC[C@@H]1/C=C(\C)C[C@H](C)C[C@H](OC)[C@H]2O[C@@](O)(C(=O)C(=O)N3CCCC[C@H]3C(=O)O[C@H](/C(C)=C/[C@@H]3CC[C@@H](Oc4cccc(C)c4)[C@H](OC)C3)[C@H](C)[C@@H](O)CC1=O)[C@H](C)C[C@@H]2OC
CHEMBL7005,CC1(C)N=C(N)N=C(N)N1c1ccc(F)cc1
CHEMBL269371,NCCCCNc1ccc2c(CNCCO)nn3c4cccc(O)c4c(=O)c1c23
CHEMBL273255,Cc1ccc2c(c1)C(=O)N(CC(C)(C)C[N+](C)(C)CCCCCC[N+](C)(C)CC(C)(C)CN1C(=O)c3ccccc3C1=O)C2=O.[Br-].[Br-]
CHEMBL9093,CCCCCCCC/C=C\CCCCCCCCOC(=O)N(CCCCCCCCCCCC)CC(F)F
CHEMBL9674,CCCCCCCN(C)/N=N/c1ccc(C(=O)O)cc1
CHEMBL266523,Cc1cccc(NC(=O)NNc2nc3ccccc3c(=O)n2-c2cccc(F)c2)c1
CHEMBL9746,Cc1ccccc1N1CCNCC1
CHEMBL8793,O=C(NCCCn1cnc(-c2ccccc2)c1)c1ccc(Cl)s1
CHEMBL269655,C=C1CC(CC)(CC)OC1=O
CHEMBL268744,CN(C)CCCNC(=O)c1cc(NC(=O)c2cc(NC(=O)c3cc(NC(=O)Cn4cc(C5=C(c6c[nH]c7ccccc67)C(=O)NC5=O)c5ccccc54)cn3C)cn2C)cn1C
CHEMBL429555,Cc1cc(O)c(C(C)C)cc1C1OCCc2ccccc21
CHEMBL267206,O=[N+]([O-])c1cc2c(cc3ccc4cccc5ccc2c3c45)o1
CHEMBL9183,COCCOCCN1C[C@@H](c2ccc3c(c2)OCO3)[C@H](C(=O)O)[C@H]1c1ccc(OC)cc1
CHEMBL7622,CC(C)NCC(O)COC(=O)c1ccccc1Cl
CHEMBL6828,CCOC(=O)C1=C(O)C(=O)N(Cc2ccccn2)C1
CHEMBL7046,C/C(=C\Cc1nnn[nH]1)c1cccc(OCc2nc(-c3ccc(OC(F)(F)F)cc3)oc2C)c1
CHEMBL7461,CCOC(=O)C1=C(O)C(=O)N(CCc2ccccc2)C1
CHEMBL429401,CCn1cc(C2=NCC3(CN4CCC3CC4)O2)c2ccccc21
CHEMBL6812,Cc1c(NC(=O)Cc2ccc(Cl)c(Cl)c2)ccc2nc(N)nc(N)c12
CHEMBL9620,C=Cc1c(C)nn(CCCN2CCN(c3cccc(Cl)c3)CC2)c(=O)c1N
CHEMBL8679,O=C(NCCCn1ccnc1)c1cc2ccccc2o1
CHEMBL7750,CC(C)(CNC(=O)C1CCCCC1)NCC(O)COC(=O)c1ccccc1F
CHEMBL7290,CN1Cc2c(C(=O)OC(C)(C)C)ncn2-c2ccc([N+](=O)[O-])cc2C1=O
CHEMBL428670,CC(=O)NC1C(O)OC(COC(C)=O)C(OC(C)=O)C1O[C@H](C)C(=O)N[C@@H](C)C(=O)NC(CCC(=O)O)C(N)=O
CHEMBL269278,COc1ccc(CCNCC(O)COC(=O)c2ccc(F)cc2)cc1OC
CHEMBL428996,CC(C)CN(Cc1ccccc1-c1ccccc1)[C@@H]1C[C@@H](CNC(=O)c2ccc(/C=C3\SC(=O)NC3=O)cc2)N(C(=O)c2ccccc2C(=O)c2ccc(F)cc2)C1
CHEMBL6807,C=C(Br)COc1noc2c1CNCC2.Cl
CHEMBL266552,CCCc1cc(=O)oc2c3c(c4c(c12)OC(C)(C)C=C4)OC(C)(C)[C@H](C)[C@H]3O
CHEMBL447229,COc1ccc(CCNC(C)C2CCC3C4CC=C5CC(O)CCC5(C)C4CCC23C)cc1
CHEMBL8214,CCCCc1cc(OC)c(CC(C)N)cc1OC
CHEMBL8219,CCN(CC)CCNc1ccc2ncn3c4c(OC)ccc(O)c4c(=O)c1c23
CHEMBL7243,[S-]c1nc2ccccc2c2cccc[n+]12
CHEMBL269141,COc1ccc([C@@H]2[C@@H](C(=O)O)[C@H](c3ccc4c(c3)OCO4)CN2CC(=O)N(CCC(C)C)CCC(C)C)cc1
CHEMBL9399,CCOc1ccc(C(=O)c2ccc3n2CCC3C(=O)O)cc1
CHEMBL267718,CCOC(=O)c1ccc(NC(=O)Nc2ccc3c(c2)C(C)(C)CC(C)(C)O3)cc1
CHEMBL268179,CC(=O)OCC1=C(C(=O)O)N2C(=O)[C@@H](NC(=O)CN(OCc3cccc(Cl)c3)C(=O)Nc3ccccc3)C2SC1
CHEMBL269103,C=Cc1c(C)nn(-c2ccccc2)c1-c1ccccc1
CHEMBL9492,N#Cc1cccc(NC(=O)NNc2nc3ccccc3c(=O)n2-c2ccccc2)c1
CHEMBL418520,CO[C@@H]1[C@@H](OC2OC(C)C(OC3CC(C)(O)C(OC(=O)CC(C)C)C(C)O3)C(N(C)C)C2O)[C@@H](CC=O)C[C@@H](C)C(=O)/C=C/C=C/C[C@@H](C)OC(=O)C[C@H]1OC(C)=O
CHEMBL269383,CCCCNC(=O)C(=O)[C@H](Cc1ccccc1)NC(=O)C1=Cc2cc3c(cc2S(=O)(=O)N1CC)OCCO3
CHEMBL269019,COc1ccc(S(=O)(=O)N2CN(C3CCCCC3)C(=O)C[C@@H]2C(=O)NO)cc1
CHEMBL268356,CCOC(=O)c1cccc(N2C(N)=NC(N)=NC2(C)C)c1
CHEMBL7967,CC1(C(=O)Nc2ccc(-c3ccccc3S(N)(=O)=O)cc2)CC(c2cccc(C(=N)N)c2)=NO1
CHEMBL7216,Cc1cc(-c2c(F)cc3c(=O)c(Cc4ccncc4)cn(C4CC4)c3c2F)cc(C)n1
CHEMBL275591,CC(=O)Nc1ccc(/C=C/c2ccccc2)cc1
CHEMBL9103,O=C(NCCCn1ccnc1)c1cccs1
CHEMBL9011,COc1ccc(C(=O)c2cc(OC)c(OC)c(OC)c2)c(N)c1
