inchikey,standard_type,std_smiles,molecule_chembl_id,pchembl_median,pchembl_min,pchembl_max,pchembl_std,n_measurements,assay_types,year_min,year_max,scaffold,split
AGEZXYOZHKGVCM-UHFFFAOYSA-N,EC50,BrCc1ccccc1,CHEMBL1085946,4.92,4.92,4.92,,1,B,2010,2010,c1ccccc1,train
AHJNMNSNBVWKDQ-PEGOPYGQSA-N,EC50,COc1ccc(/C=C(C)/C(C)=N/O)cc1,CHEMBL594133,4.34,4.34,4.34,,1,F,2010,2010,c1ccccc1,train
AKQHDWUSOSICGI-FOWTUZBSSA-N,EC50,CCC(CC)CN1C(=O)/C(=C/C(=O)N2CCOCC2)c2cccc(F)c21,CHEMBL1083493,5.89,5.89,5.89,,1,F,2010,2010,O=C1Nc2ccccc2C1=CC(=O)N1CCOCC1,val
AMDMXQGFNNEHFL-XYOKQWHBSA-N,EC50,O=C(O)/C=C1/C(=O)N(CC2CCCC2)c2c(F)cccc21,CHEMBL1084103,6.29,6.29,6.29,,1,F,2010,2010,C=C1C(=O)N(CC2CCCC2)c2ccccc21,train
ATKWJXUJUNLTFU-UHFFFAOYSA-N,EC50,Oc1ccc(CN=C=S)cc1,CHEMBL3593946,4.7,4.7,4.7,,1,B,2015,2015,c1ccccc1,train
AUZONCFQVSMFAP-UHFFFAOYSA-N,EC50,CCN(CC)C(=S)SSC(=S)N(CC)CC,CHEMBL964,5.52,5.52,5.52,,1,F,2010,2010,,train
AVRFPRAAVSCSSZ-YPENQOSPSA-N,EC50,CC[C@H]1C[C@H]2CN3CC[C@@]4(O)C(=Nc5ccc(OC)cc54)[C@](C(=O)OC)(C2)[C@H]13,CHEMBL3325766,4.5,4.5,4.5,,1,B,2014,2014,c1ccc2c(c1)N=C1C2CCN2CC3CCC2C1C3,val
AVTQSDUNQOANPK-MCJWARNPSA-N,EC50,CC1(C)CCC[C@]2(C)[C@@H](CC/C=C(/C=O)CC=O)[C@@H](C=O)CC[C@@H]12,CHEMBL1085849,6.89,6.89,6.89,,1,F,2010,2010,C1CCC2CCCCC2C1,val
AZFGUVZZYKNBOI-UHFFFAOYSA-N,EC50,O=NN1C2c3ccccc3C1C(C(F)(F)F)C2C(F)(F)F,CHEMBL1766307,5.25,5.25,5.25,,1,B,2023,2023,c1ccc2c(c1)C1CCC2N1,val
AZJUJOFIHHNCSV-KCQAQPDRSA-N,EC50,CC1(C)CCC[C@]2(C)[C@@H](C=O)C(C=O)=CC[C@@H]12,CHEMBL254550,7.23,7.23,7.23,,1,F,2010,2010,C1=CCC2CCCCC2C1,val
BGKHCLZFGPIKKU-LDDQNKHRSA-N,EC50,CCCCC[C@H](O)/C=C/[C@H]1C=CC(=O)[C@@H]1CCCCCCC(=O)O,CHEMBL1084644,4.82,4.82,4.82,,1,B,2010,2010,O=C1C=CCC1,train
BIRMMOKEXDRBDP-ULBORTECSA-N,EC50,CC(/C=N/O)=C\c1ccc(Cl)cc1,CHEMBL589873,4.16,4.16,4.16,,1,F,2010,2010,c1ccccc1,train
BJCDGEPFKSLHPU-UHFFFAOYSA-N,EC50,O=C(Oc1cccc(-c2ccccc2)c1)N1CCN(c2ncccc2C(F)(F)F)CC1,CHEMBL1081905,6.0,6.0,6.0,,1,F,2009,2009,O=C(Oc1cccc(-c2ccccc2)c1)N1CCN(c2ccccn2)CC1,val
BOPIMTNSYWYZOC-VNHYZAJKSA-N,EC50,C=C1CCC[C@]2(C)CC[C@@H](C(C)(C)O)C[C@@H]12,CHEMBL88244,4.48,4.48,4.48,,1,B,2018,2018,C=C1CCCC2CCCCC12,val
BVEAHESOVROLIT-UHFFFAOYSA-N,EC50,COC(=O)c1cccc2c1C=Nc1ccccc1C2,CHEMBL1255994,7.51,7.51,7.51,,1,F,2010,2010,C1=Nc2ccccc2Cc2ccccc21,train
BYUCJIDUOZDIRZ-UHFFFAOYSA-N,EC50,O=C(NCc1ccccc1)c1cnc(N2CCN(C(=O)c3c(F)cccc3F)CC2)nc1NC1CC1,CHEMBL1818214,7.57,7.57,7.57,,1,F,2011,2011,O=C(NCc1ccccc1)c1cnc(N2CCN(C(=O)c3ccccc3)CC2)nc1NC1CC1,val
CAGGJQMNJSBPME-UHFFFAOYSA-N,EC50,CC(C)(C)c1cccc(OC(=O)N2CCN(c3ncccc3Cl)CC2)c1,CHEMBL1080806,5.75,5.75,5.75,,1,F,2009,2009,O=C(Oc1ccccc1)N1CCN(c2ccccn2)CC1,train
CKFHKAAQJAGUBZ-UHFFFAOYSA-N,EC50,C=CCc1cc(OC)c(OC(C)C(OCC)c2ccc(O)c(OC)c2)c(OC)c1,CHEMBL4069984,4.72,4.72,4.72,,1,B,2017,2017,c1ccc(CCOc2ccccc2)cc1,val
CKQMTXLABQTGQB-DHZHZOJOSA-N,EC50,COc1ccc(/C=C/C(=O)Nc2ccccc2C(=O)O)cc1,CHEMBL1079664,4.305,4.3,4.31,0.0070710678118653,2,B,2019,2019,O=C(C=Cc1ccccc1)Nc1ccccc1,train
CMKFQVZJOWHHDV-NQZBTDCJSA-N,EC50,CCC1=C[C@@H]2CN3CCc4c([nH]c5ccccc45)[C@@](C(=O)OC)(C2)[C@@H]13,CHEMBL2163793,5.05,5.05,5.05,,1,B,2014,2014,C1=CC2C3CC1CN2CCc1c3[nH]c2ccccc12,val
CQOAKBVRRVHWKV-SAPNQHFASA-N,EC50,CCCCCCCC/C=C(\CCCCCCCC(=O)O)[N+](=O)[O-],CHEMBL550762,6.0,6.0,6.0,,1,F,2010,2010,,train
CSJDNRAXVMHIOO-UHFFFAOYSA-N,EC50,O=C(O)c1cccc2c1Cc1ccccc1N=C2,CHEMBL1256310,6.61,6.61,6.61,,1,F,2010,2010,C1=Nc2ccccc2Cc2ccccc21,train
CSPTZWQFHBVOLO-CCEZHUSRSA-N,EC50,O=C(O)c1ccc(/N=N/c2ccccc2)cc1,CHEMBL273753,4.61,4.61,4.61,,1,B,2021,2021,c1ccc(N=Nc2ccccc2)cc1,val
CZKBLHCEDVWPRN-JXMROGBWSA-N,EC50,CC(=O)/C=C1/C(=O)N(C)c2ccccc21,CHEMBL402589,6.1,6.1,6.1,0.0,2,"B,F",2007,2010,C=C1C(=O)Nc2ccccc21,train
DBISBKDNOKIADM-UHFFFAOYSA-N,EC50,C=CCCCN=C=S,CHEMBL3593943,6.27,6.27,6.27,,1,B,2015,2015,,train
DCOPUUMXTXDBNB-UHFFFAOYSA-N,EC50,O=C(O)Cc1ccccc1Nc1c(Cl)cccc1Cl,CHEMBL139,4.225,4.2,4.25,0.0353553390593275,2,B,2019,2019,c1ccc(Nc2ccccc2)cc1,train
DMZSZNRDBBJTNH-UHFFFAOYSA-N,EC50,Oc1ccc2c(c1)Oc1ccccc1N=C2,CHEMBL1256339,8.68,8.68,8.68,,1,F,2010,2010,C1=Nc2ccccc2Oc2ccccc21,train
DRBIJLJBIZNBSI-HNNXBMFYSA-N,EC50,COc1cccc([C@@H]2NC(=S)NC3=C2C(=O)c2ccccc23)c1,CHEMBL1939829,4.92,4.92,4.92,,1,F,2012,2012,O=C1C2=C(NC(=S)NC2c2ccccc2)c2ccccc21,train
DRBIJLJBIZNBSI-OAHLLOKOSA-N,EC50,COc1cccc([C@H]2NC(=S)NC3=C2C(=O)c2ccccc23)c1,CHEMBL1939828,8.0,8.0,8.0,,1,F,2012,2012,O=C1C2=C(NC(=S)NC2c2ccccc2)c2ccccc21,train
DTCCTIQRPGSLPT-ONEGZZNKSA-N,EC50,CC/C=C/C=O,CHEMBL256368,5.3,5.3,5.3,0.0,2,B,2007,2010,,train
DVKJHBMWWAPEIU-UHFFFAOYSA-N,EC50,Cc1ccc(N=C=O)cc1N=C=O,CHEMBL1086446,5.0,5.0,5.0,,1,F,2010,2010,c1ccccc1,train
FGCXWJVMYQZREN-UHFFFAOYSA-N,EC50,COC(=O)c1ccc2c(c1)Cc1ccccc1C=N2,CHEMBL1085103,9.32,9.24,9.4,0.1131370849898477,2,"B,F",2010,2010,C1=Nc2ccccc2Cc2ccccc21,train
FICCUPYHHFFCIM-JXMROGBWSA-N,EC50,O=C(/C=C/c1ccc(Cl)cc1)Nc1ccccc1C(=O)O,CHEMBL4456015,5.0,5.0,5.0,0.0,2,B,2019,2019,O=C(C=Cc1ccccc1)Nc1ccccc1,train
FOGAWBUMVPNTRU-UKTHLTGXSA-N,EC50,O=C(O)/C=C1/C(=O)N(CC2CCCC2)c2ccccc21,CHEMBL1086096,5.52,5.52,5.52,,1,F,2010,2010,C=C1C(=O)N(CC2CCCC2)c2ccccc21,train
GAMRBCZMOOMBSQ-CCEZHUSRSA-N,EC50,CCCCCc1ccc(/C=C/C(=O)Nc2ccccc2C(=O)O)cc1,CHEMBL173443,4.55,4.55,4.55,0.0,2,B,2019,2019,O=C(C=Cc1ccccc1)Nc1ccccc1,train
GFNMKESSHVFPQM-UHFFFAOYSA-N,EC50,Clc1cnc(CNc2cc3sncc3cc2Cl)s1,CHEMBL4863993,5.5,5.5,5.5,,1,B,2021,2021,c1csc(CNc2ccc3cnsc3c2)n1,train
GFNPFAVLEASBJZ-UHFFFAOYSA-N,EC50,Clc1cnc(CNc2ccc3sncc3c2)s1,CHEMBL4849726,5.5,5.5,5.5,,1,B,2021,2021,c1csc(CNc2ccc3sncc3c2)n1,val
GNKNBXBGURAWRO-XNTDXEJSSA-N,EC50,COC(=O)c1cccc(CN2C(=O)/C(=C/C(N)=O)c3ccccc32)c1,CHEMBL1086559,5.92,5.92,5.92,,1,F,2010,2010,C=C1C(=O)N(Cc2ccccc2)c2ccccc21,train
GNWWFEVBHYESNK-XGGJEREUSA-N,EC50,CC(C)=CCC/C(C)=C/CC/C(C)=C/CSCC(=O)O,CHEMBL1085358,4.05,4.05,4.05,,1,F,2010,2010,,train
GOMATZWZDPFPIR-SNAWJCMRSA-N,EC50,COc1cc(/C=C/C=O)ccc1OCC=C(C)C,CHEMBL2022666,5.01,5.01,5.01,,1,B,2016,2016,c1ccccc1,train
GPPVVEBKNSUIIE-UHFFFAOYSA-N,EC50,COCCCNC(=O)c1cccc2c1Cc1ccccc1N=C2,CHEMBL1258324,8.11,8.11,8.11,,1,F,2010,2010,C1=Nc2ccccc2Cc2ccccc21,train
GTKFXVHBLFFFED-UHFFFAOYSA-N,EC50,COC(=O)c1ccc2c(c1)N=Cc1ccccc1C2,CHEMBL1255996,7.72,7.72,7.72,,1,F,2010,2010,C1=Nc2ccccc2Cc2ccccc21,train
GUEWKXBGUZVNEZ-UHFFFAOYSA-N,EC50,O=C(Oc1cccc(C(F)(F)F)c1)N1CCN(c2ncccc2Cl)CC1,CHEMBL1080129,5.7,5.7,5.7,,1,F,2009,2009,O=C(Oc1ccccc1)N1CCN(c2ccccn2)CC1,train
GWWUENUGPVDAGL-UHFFFAOYSA-N,EC50,Brc1cccc2c1Cc1ccccc1N=C2,CHEMBL1256161,8.46,8.46,8.46,,1,F,2010,2010,C1=Nc2ccccc2Cc2ccccc21,train
HBVIMVJTUQNSEP-UHFFFAOYSA-N,EC50,CSCCCCCN=C=S,CHEMBL3593947,6.3,6.3,6.3,,1,B,2015,2015,,train
HCZKYJDFEPMADG-UHFFFAOYSA-N,EC50,CC(Cc1ccc(O)c(O)c1)C(C)Cc1ccc(O)c(O)c1,CHEMBL52,4.46,4.45,5.31,0.4936598018878989,3,B,2019,2019,c1ccc(CCCCc2ccccc2)cc1,val
HFLGBNBLMBSXEM-UHFFFAOYSA-N,EC50,CCc1ccc(O)c(O)c1,CHEMBL1276241,5.06,5.06,5.06,,1,B,2021,2021,c1ccccc1,train
HGINCPLSRVDWNT-UHFFFAOYSA-N,EC50,C=CC=O,CHEMBL721,5.3,4.57,6.1,0.6361367777451635,5,B,2007,2019,,train
HOEAQVHRGYIZEL-UHFFFAOYSA-N,EC50,COC(=O)c1cccc2c1Cc1ccccc1C=N2,CHEMBL1084639,9.23,9.22,9.24,0.0141421356237306,2,"B,F",2010,2010,C1=Nc2ccccc2Cc2ccccc21,train
HVMJQIUPXKXGJP-UHFFFAOYSA-N,EC50,O=C(NCc1ccccc1)c1cnc(N2CCN(CC3CCCOC3)CC2)nc1NC1CC1,CHEMBL1818217,6.96,6.96,6.96,,1,F,2011,2011,O=C(NCc1ccccc1)c1cnc(N2CCN(CC3CCCOC3)CC2)nc1NC1CC1,val
HWZFHUYQKFAWSQ-UHFFFAOYSA-N,EC50,CCN(CC)C(=O)c1cccc2c1Cc1ccccc1N=C2,CHEMBL1258325,7.4,7.4,7.4,,1,F,2010,2010,C1=Nc2ccccc2Cc2ccccc21,train
HYUGHPDIXXDVLK-FMIVXFBMSA-N,EC50,C#CCN1C(=O)/C(=C/C(C)=O)c2ccccc21,CHEMBL258455,7.0,7.0,7.0,0.0,2,"B,F",2007,2010,C=C1C(=O)Nc2ccccc21,train
HYYBABOKPJLUIN-UHFFFAOYSA-N,EC50,Cc1cccc(Nc2ccccc2C(=O)O)c1C,CHEMBL686,4.78,4.21,4.8,0.3350124375800596,3,B,2019,2019,c1ccc(Nc2ccccc2)cc1,train
HZBVCRHOVMWXFJ-UHFFFAOYSA-N,EC50,O=C(Oc1ccc(Cl)cc1)N1CCN(c2ncccc2Cl)CC1,CHEMBL1076350,6.22,6.22,6.22,0.0,2,F,2009,2010,O=C(Oc1ccccc1)N1CCN(c2ccccn2)CC1,train
HZLVLMGNMOJBHS-UHFFFAOYSA-N,EC50,CC(C)CNc1nc(N2CCN(Cc3ccccc3)CC2)ncc1C(=O)NCc1ccccc1,CHEMBL1818209,7.1,7.1,7.1,,1,F,2011,2011,O=C(NCc1ccccc1)c1cnc(N2CCN(Cc3ccccc3)CC2)nc1,val
ICOQJKBDQZBIAX-UHFFFAOYSA-N,EC50,COC(=O)c1ccc2c(c1)C=Nc1ccccc1C2,CHEMBL1255904,7.0,7.0,7.0,,1,F,2010,2010,C1=Nc2ccccc2Cc2ccccc21,train
IDWNSAXOQLJYOF-UHFFFAOYSA-N,EC50,C1=Nc2ccccc2Cc2ccccc21,CHEMBL1085101,8.52,8.52,8.52,0.0,2,"B,F",2010,2010,C1=Nc2ccccc2Cc2ccccc21,train
IFAKEEVLFSLZPW-UHFFFAOYSA-N,EC50,Clc1cnc(CNc2ccc3cnsc3c2)s1,CHEMBL4854482,5.2,5.2,5.2,,1,B,2021,2021,c1csc(CNc2ccc3cnsc3c2)n1,train
IHQDGXUYTSZGOG-UHFFFAOYSA-N,EC50,CSCCCCN=C=S,CHEMBL2151143,6.38,6.38,6.38,,1,B,2015,2015,,train
IMACFCSSMIZSPP-UHFFFAOYSA-N,EC50,O=C(CCl)c1ccccc1,CHEMBL105712,7.52,7.52,7.52,,1,F,2010,2010,c1ccccc1,train
INVGWHRKADIJHF-UHFFFAOYSA-N,EC50,C[n+]1cc2c3c(ccc2c2ccc4cc5c(cc4c21)OCO5)OCO3,CHEMBL417799,7.225,7.05,7.4,0.2474873734152923,2,B,2023,2025,c1cc2c(c[nH+]c3c4cc5c(cc4ccc23)OCO5)c2c1OCO2,val
IQVQXVFMNOFTMU-FLIBITNWSA-N,EC50,CCC/C=C1\OC(=O)C2=C1CCC=C2,CHEMBL481246,4.36,4.36,4.36,,1,B,2013,2013,C=C1OC(=O)C2=C1CCC=C2,val
IZJDOKYDEWTZSO-UHFFFAOYSA-N,EC50,S=C=NCCc1ccccc1,CHEMBL151649,5.715,5.0,6.43,1.0111626970967629,2,B,2010,2015,c1ccccc1,train
JAWSBANLAJSGJJ-UHFFFAOYSA-N,EC50,O=C(Oc1ccc(C(F)(F)F)cc1)N1CCN(c2ncccc2Cl)CC1,CHEMBL1080807,5.51,5.51,5.51,,1,F,2009,2009,O=C(Oc1ccccc1)N1CCN(c2ccccn2)CC1,train
JDLKFOPOAOFWQN-UHFFFAOYSA-N,EC50,C=CCS[S+]([O-])CC=C,CHEMBL359965,5.72,5.72,5.72,,1,B,2010,2010,,train
JJNZXLAFIPKXIG-UHFFFAOYSA-N,EC50,N#CC(C#N)=Cc1ccccc1Cl,CHEMBL1256101,9.05,9.05,9.05,,1,F,2010,2010,c1ccccc1,train
JKVHRIYIUCRJFF-VKTIVEEGSA-N,EC50,CC[C@H]1C[C@H]2CN3CCc4c([nH]c5ccc(OC)cc45)[C@](CO)(C2)[C@H]13,CHEMBL3325768,4.38,4.38,4.38,,1,B,2014,2014,c1ccc2c3c([nH]c2c1)C1CC2CCC1N(CC3)C2,train
JVJFIQYAHPMBBX-FNORWQNLSA-N,EC50,CCCCCC(O)/C=C/C=O,CHEMBL454280,5.0,5.0,5.0,,1,B,2012,2012,,train
KBWYAIBGBKNUCN-LFCMRJNSSA-N,EC50,O/N=C\C=C\c1ccc(Cl)cc1,CHEMBL589866,5.03,5.03,5.03,,1,F,2010,2010,c1ccccc1,train
KJPRLNWUNMBNBZ-QPJJXVBHSA-N,EC50,O=C/C=C/c1ccccc1,CHEMBL293492,4.975,4.29,5.19,0.3269862382425292,6,"B,F",2007,2019,c1ccccc1,train
KOPHZJVWBNJLRT-UHFFFAOYSA-N,EC50,NC(=O)c1cccc2c1Cc1ccccc1N=C2,CHEMBL1256242,8.6,8.6,8.6,,1,F,2010,2010,C1=Nc2ccccc2Cc2ccccc21,train
KQPYUDDGWXQXHS-UHFFFAOYSA-N,EC50,O=C1C=CC(=O)c2c(O)cccc21,CHEMBL43612,5.77,5.77,5.77,,1,B,2016,2016,O=C1C=CC(=O)c2ccccc21,train
KZMAWJRXKGLWGS-UHFFFAOYSA-N,EC50,COCCCN(C(=O)CCl)c1nc(-c2ccc(OC)cc2)cs1,CHEMBL4516422,9.19,8.19,9.19,0.5773502691896255,3,B,2023,2025,c1ccc(-c2cscn2)cc1,train
LDIRGNDMTOGVRB-UHFFFAOYSA-N,EC50,CSCCCCCCCN=C=S,CHEMBL3593948,6.21,6.21,6.21,,1,B,2015,2015,,train
LDKSCZJUIURGMW-UHFFFAOYSA-N,EC50,CSCCCN=C=S,CHEMBL3186484,6.35,6.35,6.35,,1,B,2015,2015,,train
LHFKHAVGGJJQFF-UEOYEZOQSA-N,EC50,C/C=C/C=C/C=C\CC/C=C/C(=O)NCC(C)(C)O,CHEMBL1084610,5.18,5.18,5.18,,1,B,2010,2010,,train
LLRSVFMJVIEWCG-UHFFFAOYSA-N,EC50,CN(C(=O)n1nnc(Cc2ccc(-c3ccccc3)cc2)n1)C1CCCCC1,CHEMBL2376842,6.82,6.82,6.82,,1,B,2013,2013,O=C(NC1CCCCC1)n1nnc(Cc2ccc(-c3ccccc3)cc2)n1,val
LPEPZBJOKDYZAD-UHFFFAOYSA-N,EC50,O=C(O)c1ccccc1Nc1cccc(C(F)(F)F)c1,CHEMBL23588,5.16,4.62,5.16,0.3117691453623981,3,B,2019,2019,c1ccc(Nc2ccccc2)cc1,train
LRXCVGAPNHYEBT-UHFFFAOYSA-N,EC50,N#Cc1cccc2c1Oc1ccccc1C=N2,CHEMBL1256241,10.0,10.0,10.0,,1,F,2010,2010,C1=Nc2ccccc2Oc2ccccc21,train
LSEUESVRZGAHFX-UXBLZVDNSA-N,EC50,CC(C)CN1C(=O)/C(=C/C(=O)O)c2cccc(Cl)c21,CHEMBL1084377,6.21,6.21,6.21,,1,F,2010,2010,C=C1C(=O)Nc2ccccc21,train
LTQINICYLGNLHN-IMDACWRGSA-N,EC50,CC[C@H]1C[C@@H]2C[C@@]3(C(=O)OC)c4[nH]c5ccc(OC)cc5c4CCN(C2=O)[C@@H]13,CHEMBL3325765,4.11,4.11,4.11,,1,B,2014,2014,O=C1C2CCC3C(C2)c2[nH]c4ccccc4c2CCN13,val
LVHLZMUFIYAEQB-UHFFFAOYSA-N,EC50,CC(C)CCC(=O)c1ccoc1,CHEMBL469753,4.71,4.71,4.71,,1,B,2010,2010,c1ccoc1,val
LYPBMRVLCIAVEK-UHFFFAOYSA-N,EC50,COC(=O)c1cccc2c1Oc1ccccc1C=N2,CHEMBL1084098,9.93,9.93,9.93,,1,B,2010,2010,C1=Nc2ccccc2Oc2ccccc21,train
MDKCFLQDBWCQCV-UHFFFAOYSA-N,EC50,S=C=NCc1ccccc1,CHEMBL55285,4.885,4.56,6.6,0.9471307547887284,6,"B,F",2010,2015,c1ccccc1,train
MGPPKIMZXZMZNW-UHFFFAOYSA-N,EC50,COC(=O)c1ccc2c(c1)Oc1ccccc1N=C2,CHEMBL1085943,7.75,7.28,8.22,0.6646803743153553,2,"B,F",2010,2010,C1=Nc2ccccc2Oc2ccccc21,train
MGSRCZKZVOBKFT-UHFFFAOYSA-N,EC50,Cc1ccc(C(C)C)c(O)c1,CHEMBL29411,4.22,4.06,5.22,0.5001142726560458,7,"B,F",2010,2021,c1ccccc1,train
MLUCVPSAIODCQM-NSCUHMNNSA-N,EC50,C/C=C/C=O,CHEMBL1086445,4.8,4.8,4.8,,1,B,2010,2010,,train
MMAYTCMMKJYIAM-RUGRQLENSA-N,EC50,CC[C@H]1C[C@@H]2CN3CCc4c([nH]c5ccc(OC)cc45)[C@](C(=O)OC)(C2)[C@H]13,CHEMBL182120,5.1,5.1,5.1,0.0,2,B,2014,2014,c1ccc2c3c([nH]c2c1)C1CC2CCC1N(CC3)C2,train
MYHXHCUNDDAEOZ-FOSBLDSVSA-N,EC50,CCCCC[C@H](O)/C=C/[C@H]1C=CC(=O)[C@@H]1C/C=C\CCCC(=O)O,CHEMBL1084643,4.62,4.62,4.62,,1,B,2010,2010,O=C1C=CCC1,train
MYHXHCUNDDAEOZ-UKUWKSPLSA-N,EC50,CCCCC[C@H](O)/C=C/[C@H]1C=CC(=O)[C@H]1C/C=C\CCCC(=O)O,CHEMBL1083802,4.65,4.65,4.65,,1,B,2010,2010,O=C1C=CCC1,train
NOOLISFMXDJSKH-KXUCPTDWSA-N,EC50,CC(C)[C@@H]1CC[C@@H](C)C[C@H]1O,CHEMBL470670,4.02,4.02,4.02,,1,B,2017,2017,C1CCCCC1,train
NOOLISFMXDJSKH-UHFFFAOYSA-N,EC50,CC1CCC(C(C)C)C(O)C1,CHEMBL256087,4.52,4.5,4.55,0.025166114784236,3,B,2010,2019,C1CCCCC1,train
NOVSJLUARMRDQL-UHFFFAOYSA-N,EC50,Brc1ccc2c(c1)C=Nc1ccccc1C2,CHEMBL1255819,7.48,7.48,7.48,,1,F,2010,2010,C1=Nc2ccccc2Cc2ccccc21,train
NPFQMRVODJKPRD-UHFFFAOYSA-N,EC50,Clc1ccc(-c2nnc(N3CCOCC3)n2-c2ccccc2)cc1,CHEMBL5281182,5.4,5.4,5.4,,1,B,2016,2016,c1ccc(-c2nnc(N3CCOCC3)n2-c2ccccc2)cc1,test
NPUACKRELIJTFM-UHFFFAOYSA-N,EC50,C1=Nc2ccccc2Oc2ccccc21,CHEMBL1085100,9.52,6.51,9.52,1.737824310260773,3,"B,F",2010,2010,C1=Nc2ccccc2Oc2ccccc21,train
NRWUQTDDZGRQAT-HATNNVTISA-N,EC50,CC(=C\c1cccc(C)c1)/C(C)=N/O,CHEMBL589870,4.84,4.84,4.84,,1,F,2010,2010,c1ccccc1,train
NSDDRJXKROCWRZ-UHFFFAOYSA-N,EC50,CC(C)CN=C=S,CHEMBL3593941,6.16,6.16,6.16,,1,B,2015,2015,,train
NUCVRTCVITYPEE-UHFFFAOYSA-N,EC50,N#Cc1cccc2c1Oc1ccccc1N=C2,CHEMBL1256240,9.82,9.82,9.82,,1,F,2010,2010,C1=Nc2ccccc2Oc2ccccc21,train
NUTHTLQGGHXCLA-XDJHFCHBSA-N,EC50,O=C(Nc1ccccc1C(=O)O)/C(=C/c1ccccc1)c1ccccc1,CHEMBL4460424,4.955,4.95,4.96,0.0070710678118653,2,B,2019,2019,O=C(Nc1ccccc1)C(=Cc1ccccc1)c1ccccc1,test
NVVDQMVGALBDGE-KSWFMABOSA-N,EC50,CC[C@H]1C[C@@H]2CN3CCc4c([nH]c5ccccc45)[C@](C(=O)OC)(C2)[C@H]13,CHEMBL364613,4.8,4.8,4.8,,1,B,2014,2014,c1ccc2c3c([nH]c2c1)C1CC2CCC1N(CC3)C2,train
NVVDQMVGALBDGE-YEEBJNCVSA-N,EC50,CC[C@H]1C[C@@H]2CN3CCc4c([nH]c5ccccc45)[C@@](C(=O)OC)(C2)[C@@H]13,CHEMBL3325770,5.1,5.1,5.1,,1,B,2014,2014,c1ccc2c3c([nH]c2c1)C1CC2CCC1N(CC3)C2,train
NZLUXRIZQQZFQA-UHFFFAOYSA-N,EC50,COc1ccc2c(c1)Oc1ccccc1N=C2,CHEMBL1256311,7.85,7.85,7.85,,1,F,2010,2010,C1=Nc2ccccc2Oc2ccccc21,train
OGVPVEBIPIJKEJ-MFDVASPDSA-N,EC50,CC(/C=C/c1ccccc1)=N\O,CHEMBL589794,4.01,4.01,4.01,,1,F,2010,2010,c1ccccc1,train
OHHYMRXMQDCMJO-UHFFFAOYSA-N,EC50,CC(C)(C)c1ccc(OC(=O)N2CCN(c3ncccc3Cl)CC2)cc1,CHEMBL1080805,5.8,5.8,5.8,,1,F,2009,2009,O=C(Oc1ccccc1)N1CCN(c2ccccn2)CC1,train
OTMISWKUNNTVAS-YOTMJQBJSA-N,EC50,CC[C@H]1C[C@H]2CN3Cn4c(c(COC)c5ccc(OC)cc54)[C@](C(=O)OC)(C2)[C@H]13,CHEMBL3325769,4.58,4.58,4.58,,1,B,2014,2014,c1ccc2c(c1)cc1n2CN2CC3CCC2C1C3,test
OYMQKBZMKFJPMH-DPOSBGKNSA-N,EC50,COC(=O)[C@@]12C[C@@H]3C[C@H]([C@H](C)O)[C@@H]1N(CCc1c2[nH]c2ccc(OC)cc12)C3,CHEMBL463317,4.52,4.52,4.52,,1,B,2014,2014,c1ccc2c3c([nH]c2c1)C1CC2CCC1N(CC3)C2,train
PFRGXCVKLLPLIP-UHFFFAOYSA-N,EC50,C=CCSSCC=C,CHEMBL366603,5.12,5.12,5.12,,1,F,2010,2010,,train
PGSWEKYNAOWQDF-UHFFFAOYSA-N,EC50,Cc1cccc(O)c1O,CHEMBL1173328,5.55,5.55,5.55,,1,B,2021,2021,c1ccccc1,train
PJAAESPGJOSQGZ-DZGBDDFRSA-N,EC50,CC1(C)C[C@H]2C=C(C=O)[C@]3(C=O)C[C@]3(C)[C@H]2C1,CHEMBL518292,6.23,6.23,6.23,,1,F,2010,2010,C1=CC2CC2C2CCCC12,test
POKQFZURBRODMI-UHFFFAOYSA-N,EC50,CS(=O)(=O)SCCN,CHEMBL256738,5.8,5.8,5.8,,1,B,2007,2007,,train
PPANZCQXFYBGHN-UHFFFAOYSA-N,EC50,CC(C)CNc1nc(N2CCN(CC3CCCOC3)CC2)ncc1C(=O)NCc1ccccc1,CHEMBL1818218,7.64,7.64,7.64,,1,F,2011,2011,O=C(NCc1ccccc1)c1cnc(N2CCN(CC3CCCOC3)CC2)nc1,test
PQJJJMRNHATNKG-UHFFFAOYSA-N,EC50,CCOC(=O)CBr,CHEMBL1085948,7.41,7.41,7.41,,1,B,2010,2010,,train
PTHBOTMILXORGK-UHFFFAOYSA-N,EC50,NC(=O)c1cccc2c1Oc1ccccc1C=N2,CHEMBL1084097,9.95,9.94,9.96,0.0141421356237325,2,"B,F",2010,2010,C1=Nc2ccccc2Oc2ccccc21,train
PZZFUGQCPJKNKN-FOWTUZBSSA-N,EC50,O=C1/C(=C/c2nccs2)c2ccccc2N1Cc1ccccc1,CHEMBL1085099,5.25,5.25,5.25,,1,F,2010,2010,O=C1C(=Cc2nccs2)c2ccccc2N1Cc1ccccc1,test
QAWADTLABORWRL-GXDHUFHOSA-N,EC50,CN(C)C(=O)/C=C1/C(=O)N(CC2CCCC2)c2c(F)cccc21,CHEMBL1083492,5.42,5.42,5.42,,1,F,2010,2010,C=C1C(=O)N(CC2CCCC2)c2ccccc21,train
QDWIOFVJVBAJLJ-GXDHUFHOSA-N,EC50,O=C(O)/C=C1/C(=O)N(CC2CCCCC2)c2ccccc21,CHEMBL1082844,5.36,5.36,5.36,,1,F,2010,2010,C=C1C(=O)N(CC2CCCCC2)c2ccccc21,test
QFVFNQVNZCUQHH-CCEZHUSRSA-N,EC50,Clc1cc(/N=N/c2ccccc2)ccn1,CHEMBL5084392,5.26,5.26,5.26,,1,B,2021,2021,c1ccc(N=Nc2ccncc2)cc1,train
QGJGPMRTIQKSRI-IZZDOVSWSA-N,EC50,CC(C)CN1C(=O)/C(=C/C(=O)O)c2cc(F)ccc21,CHEMBL1085098,5.33,5.33,5.33,,1,F,2010,2010,C=C1C(=O)Nc2ccccc21,train
QNWXIDKSYPDODM-YRNVUSSQSA-N,EC50,O=C(O)/C=C1/C(=O)N(CC2CCC2)c2c(F)cccc21,CHEMBL1084378,5.94,5.94,5.94,,1,F,2010,2010,C=C1C(=O)N(CC2CCC2)c2ccccc21,test
QUAFNALOLHHWGL-MDZDMXLPSA-N,EC50,O=C(/C=C/c1ccccc1Cl)Nc1ccccc1C(=O)O,CHEMBL4517528,4.375,4.37,4.38,0.0070710678118653,2,B,2019,2019,O=C(C=Cc1ccccc1)Nc1ccccc1,train
QWBBPBRQALCEIZ-UHFFFAOYSA-N,EC50,Cc1cccc(O)c1C,CHEMBL1490403,4.07,4.07,4.07,,1,B,2021,2021,c1ccccc1,train
QXACEHWTBCFNSA-SFQUDFHCSA-N,EC50,CCCCCc1cc(O)c(C/C=C(\C)CCC=C(C)C)c(O)c1,CHEMBL497318,6.16,6.16,6.16,,1,B,2021,2021,c1ccccc1,train
RAVNFJBKYUTEIC-UHFFFAOYSA-N,EC50,COc1ccc(OC)c(NC(=O)c2nnn(Cc3ccc(Br)cc3F)c2N)c1,CHEMBL1610544,7.35,7.35,7.35,,1,B,2025,2025,O=C(Nc1ccccc1)c1cn(Cc2ccccc2)nn1,test
RCEFMOGVOYEGJN-UHFFFAOYSA-N,EC50,O=C1NC(c2cccc([N+](=O)[O-])c2)=CCN1c1ccccc1O,CHEMBL258405,4.0,4.0,4.0,,1,F,2010,2010,O=C1NC(c2ccccc2)=CCN1c1ccccc1,test
RCVZUIGCNAAMIC-UXBLZVDNSA-N,EC50,CC(C)CN1C(=O)/C(=C/C(=O)O)c2cccc(F)c21,CHEMBL1082283,6.08,6.08,6.08,,1,F,2010,2010,C=C1C(=O)Nc2ccccc21,train
RECUKUPTGUEGMW-UHFFFAOYSA-N,EC50,Cc1ccc(C(C)C)cc1O,CHEMBL281202,4.78,4.77,5.16,0.2223360819420309,3,"B,F",2010,2019,c1ccccc1,train
REOZWEGFPHTFEI-JKSUJKDBSA-N,EC50,C=C(C)[C@@H]1CCC(C)=C[C@H]1c1c(O)cc(CCC)cc1O,CHEMBL2387742,6.38,6.38,6.38,,1,B,2021,2021,C1=CC(c2ccccc2)CCC1,train
RNCCOSMXJQOWRS-UHFFFAOYSA-N,EC50,COC(=O)c1cccc2c1Cc1ccccc1N=C2,CHEMBL1085102,8.184999999999999,7.14,10.0,1.2469870354845989,6,"B,F",2010,2010,C1=Nc2ccccc2Cc2ccccc21,train
ROFVXGGUISEHAM-UHFFFAOYSA-N,EC50,NC(=O)c1cccc(-c2cccc(OC(=O)NC3CCCCC3)c2)c1,CHEMBL184238,4.61,4.61,7.0,1.03563989880653,5,"B,F",2010,2019,O=C(NC1CCCCC1)Oc1cccc(-c2ccccc2)c1,test
ROGUAPYLUCHQGK-UHFFFAOYSA-N,EC50,CC(C)(C)c1ccc(NC(=O)N2CCN(c3ncccc3Cl)CC2)cc1,CHEMBL441472,5.35,5.35,5.35,,1,F,2009,2009,O=C(Nc1ccccc1)N1CCN(c2ccccn2)CC1,test
RUMOYJJNUMEFDD-UHFFFAOYSA-N,EC50,C=C(C)C1CC=C(C=O)CC1,CHEMBL469537,4.39,4.39,4.39,,1,B,2010,2010,C1=CCCCC1,test
SDVPFOUQQWZGMJ-UHFFFAOYSA-N,EC50,COC(=O)c1cccc2c1Oc1ccccc1N=C2,CHEMBL1084637,7.875,6.9,10.3,1.5226522912339508,6,"B,F",2010,2010,C1=Nc2ccccc2Oc2ccccc21,train
SEPPVOUBHWNCAW-FNORWQNLSA-N,EC50,CCCCCC(=O)/C=C/C=O,CHEMBL1086447,5.72,5.72,5.72,,1,B,2010,2010,,train
SIKJAQJRHWYJAI-UHFFFAOYSA-N,EC50,c1ccc2[nH]ccc2c1,CHEMBL15844,4.12,4.12,4.12,,1,B,2021,2021,c1ccc2[nH]ccc2c1,test
SKIHGKNFJKJXPX-UHFFFAOYSA-N,EC50,C=CCCN=C=S,CHEMBL3593942,6.44,6.44,6.44,,1,B,2015,2015,,train
SLUQSPNCIOWBNO-UHFFFAOYSA-N,EC50,COC(=O)c1cccc2c1N=Cc1ccccc1C2,CHEMBL1255995,7.51,7.51,7.51,,1,F,2010,2010,C1=Nc2ccccc2Cc2ccccc21,train
SNICXCGAKADSCV-JTQLQIEISA-N,EC50,CN1CCC[C@H]1c1cccnc1,CHEMBL3,5.234999999999999,4.77,5.7,0.6576093065034899,2,B,2010,2019,c1cncc(C2CCCN2)c1,test
SUOKTYFGZNMWLR-XAZDILKDSA-N,EC50,C[C@@H](N)[C@@H](O)CCCCCCCCCCCCCCCCCCCCCCCC[C@H](O)[C@@H](C)N,CHEMBL465242,5.58,5.58,5.58,,1,B,2025,2025,,train
SVTKBAIRFMXQQF-UHFFFAOYSA-N,EC50,CCCc1cc(O)c2c(c1)OC(C)(C)c1ccc(C)cc1-2,CHEMBL4170268,6.7,6.7,6.7,,1,B,2021,2021,c1ccc2c(c1)COc1ccccc1-2,train
TUFJIDJGIQOYFY-UHFFFAOYSA-N,EC50,CCC(C)N=C=S,CHEMBL3593576,6.17,6.17,6.17,,1,B,2015,2015,,train
UBAXRAHSPKWNCX-UHFFFAOYSA-N,EC50,C=CCSSSCC=C,CHEMBL123040,6.31,6.31,6.31,,1,F,2010,2010,,train
UEPSNNTWMCXJDD-UHFFFAOYSA-N,EC50,CC(C)OC(=O)c1ccc2c(c1)C=Nc1ccccc1C2,CHEMBL1258208,6.03,6.03,6.03,,1,F,2010,2010,C1=Nc2ccccc2Cc2ccccc21,train
UKNMSFRSBQONET-FMIVXFBMSA-N,EC50,CC(C)=CCC/C(C)=C/CNC(=O)C1CC1,CHEMBL3355308,4.08,4.08,4.08,,1,B,2014,2014,C1CC1,test
ULJYMNHMDLMTMC-JXMROGBWSA-N,EC50,O=C(/C=C/c1ccc(Br)cc1)Nc1ccccc1C(=O)O,CHEMBL4454519,4.93,4.92,4.94,0.0141421356237309,2,B,2019,2019,O=C(C=Cc1ccccc1)Nc1ccccc1,train
UNUCSCOAXFLFMO-XYOKQWHBSA-N,EC50,NC(=O)/C=C1/C(=O)N(CC2CCCC2)c2c(F)cccc21,CHEMBL1084376,6.18,6.18,6.18,,1,F,2010,2010,C=C1C(=O)N(CC2CCCC2)c2ccccc21,train
UVOLYTDXHDXWJU-UHFFFAOYSA-N,EC50,CCCCCc1cc(O)c2c(c1)OC(C)(CCC=C(C)C)C=C2,CHEMBL422704,7.05,7.05,7.05,,1,B,2021,2021,C1=Cc2ccccc2OC1,val
UWPBMRVJDVATFV-UHFFFAOYSA-N,EC50,N#Cc1ccc2c(c1)C=Nc1ccccc1C2,CHEMBL1256162,6.8,6.8,6.8,,1,F,2010,2010,C1=Nc2ccccc2Cc2ccccc21,train
VANQOAFYCGMJFN-UHFFFAOYSA-N,EC50,O=C(Oc1cccc(Cl)c1)N1CCN(c2ncccc2C(F)(F)F)CC1,CHEMBL1079738,5.43,5.43,5.43,,1,F,2009,2009,O=C(Oc1ccccc1)N1CCN(c2ccccn2)CC1,train
VBGLYOIFKLUMQG-UHFFFAOYSA-N,EC50,CCCCCc1cc(O)c2c(c1)OC(C)(C)c1ccc(C)cc1-2,CHEMBL74415,6.75,6.75,6.75,,1,B,2021,2021,c1ccc2c(c1)COc1ccccc1-2,train
VCMMXZQDRFWYSE-UHFFFAOYSA-N,EC50,CC1=CC(=O)c2c(O)cccc2C1=O,CHEMBL295316,6.34,6.34,6.34,,1,B,2016,2016,O=C1C=CC(=O)c2ccccc21,train
VDSJOHLEATVHRK-UHFFFAOYSA-N,EC50,N#Cc1cccc2c1Cc1ccccc1N=C2,CHEMBL1256239,8.8,8.8,8.8,,1,F,2010,2010,C1=Nc2ccccc2Cc2ccccc21,train
VGCOQJLQONFPQX-UHFFFAOYSA-N,EC50,O=C(Oc1cccc(Cl)c1)N1CCN(c2ncccc2Cl)CC1,CHEMBL1081019,6.0,6.0,6.0,,1,F,2009,2009,O=C(Oc1ccccc1)N1CCN(c2ccccn2)CC1,train
VHBFEIBMZHEWSX-UHFFFAOYSA-N,EC50,CC(C)N=C=S,CHEMBL2208211,6.28,6.28,6.28,,1,B,2015,2015,,train
VHRUMKCAEVRUBK-GODQJPCRSA-N,EC50,CCCCC/C=C/C=C1/C(=O)C=C[C@@H]1C/C=C\CCCC(=O)O,CHEMBL482477,4.82,4.39,5.25,0.6081118318204314,2,B,2010,2012,C=C1CC=CC1=O,test
VKHYKHAWFZNIKB-UHFFFAOYSA-N,EC50,C1=Nc2ccccc2Sc2ccccc21,CHEMBL1256377,8.05,8.05,8.05,,1,F,2010,2010,C1=Nc2ccccc2Sc2ccccc21,test
VNIUHBPVROIPNV-UHFFFAOYSA-N,EC50,NC(=O)c1cccc2c1Oc1ccccc1N=C2,CHEMBL1084640,10.11,10.1,10.12,0.0141421356237306,2,"B,F",2010,2010,C1=Nc2ccccc2Oc2ccccc21,train
VOGJJBHRUDVEFM-UHFFFAOYSA-N,EC50,CCCCC(CC)C1NC(=O)N(SC(Cl)(Cl)Cl)C1=O,CHEMBL356479,5.52,5.52,5.52,,1,F,2010,2010,O=C1CNC(=O)N1,test
VQFAIAKCILWQPZ-UHFFFAOYSA-N,EC50,CC(=O)CBr,CHEMBL1085947,5.96,5.96,5.96,,1,B,2010,2010,,train
VVMWYPSTSXTRDL-DOQHAEMYSA-N,EC50,CC(/C=C/c1cccc(Cl)c1)=N\O,CHEMBL589875,4.2,4.2,4.2,,1,F,2010,2010,c1ccccc1,train
VVXNJNRNJLPFCT-GMHKHPCXSA-N,EC50,CN(C)c1ccc(/C=C/C=N/O)cc1,CHEMBL590846,4.8,4.8,4.8,,1,F,2010,2010,c1ccccc1,train
WBSMIPAMAXNXFS-UHFFFAOYSA-N,EC50,O=C(O)c1cc([N+](=O)[O-])ccc1NCCCc1ccccc1,CHEMBL1256759,6.22,6.22,6.5,0.1616580753730952,3,B,2019,2019,c1ccc(CCCNc2ccccc2)cc1,test
WGVJYHYDVDOLQK-UHFFFAOYSA-N,EC50,CC(C)CNc1nc(N2CCN(Cc3ccccc3)CC2)ncc1C(=O)NCc1cccnc1,CHEMBL1818210,7.31,7.31,7.31,,1,F,2011,2011,O=C(NCc1cccnc1)c1cnc(N2CCN(Cc3ccccc3)CC2)nc1,test
WRFHVMFZOJHYGN-UHFFFAOYSA-N,EC50,C=CCCCCN=C=S,CHEMBL3593944,5.98,5.98,5.98,,1,B,2015,2015,,train
WRWJPMLGCZXXPT-UHFFFAOYSA-N,EC50,CCCCOC(=O)c1cccc2c1Cc1ccccc1N=C2,CHEMBL1084638,8.14,8.07,8.21,0.098994949366117,2,"B,F",2010,2010,C1=Nc2ccccc2Cc2ccccc21,train
WUILNKCFCLNXOK-CFBAGHHKSA-N,EC50,CC(C)=CCC/C(C)=C/CC/C(C)=C/CSc1ccccc1C(=O)O,CHEMBL23293,5.31,5.16,6.1,0.4603259714593563,5,"B,F",2010,2019,c1ccccc1,train
WYKKHJVTYOKDGT-UHFFFAOYSA-N,EC50,CCc1ccc(-c2csc(NCCCOC)n2)cc1,CHEMBL6190207,4.59,4.59,4.59,,1,B,2025,2025,c1ccc(-c2cscn2)cc1,train
WZXOJFDWZWNRLN-UHFFFAOYSA-N,EC50,C=CCCCCCN=C=S,CHEMBL3593945,5.98,5.98,5.98,,1,B,2015,2015,,train
XCXOHPXTLZMKQJ-UHFFFAOYSA-N,EC50,C#CCN=C=S,CHEMBL401514,4.74,4.74,4.74,0.0,2,B,2007,2010,,train
XILSZEXCNYQJKB-NTEUORMPSA-N,EC50,O=C(O)/C=C1/C(=O)N(Cc2ccccc2)c2ccc(F)cc21,CHEMBL1085834,5.35,5.35,5.35,,1,F,2010,2010,C=C1C(=O)N(Cc2ccccc2)c2ccccc21,train
XUHFBOUSHUEAQZ-UHFFFAOYSA-N,EC50,N#CC(Br)c1ccccc1,CHEMBL1085832,8.0,8.0,8.0,0.0,2,"B,F",2010,2010,c1ccccc1,train
YAYQPACFPAHFBP-ZHACJKMWSA-N,EC50,COc1ccccc1/C=C/C(=O)Nc1ccccc1C(=O)O,CHEMBL4446136,4.109999999999999,4.1,4.12,0.0141421356237315,2,B,2019,2019,O=C(C=Cc1ccccc1)Nc1ccccc1,train
YIBXPFAXPUDDTK-UHFFFAOYSA-N,EC50,CSCCCCCCN=C=S,CHEMBL574688,6.24,6.24,6.24,,1,B,2015,2015,,train
YLSLKMQAWSXWOL-CCEZHUSRSA-N,EC50,Cc1cnccc1/N=N/c1ccccc1,CHEMBL5079492,4.72,4.72,4.72,,1,B,2021,2021,c1ccc(N=Nc2ccncc2)cc1,train
YOMSJEATGXXYPX-UHFFFAOYSA-N,EC50,C=Cc1ccc(O)c(OC)c1,CHEMBL1232595,4.08,4.08,4.08,,1,B,2021,2021,c1ccccc1,train
YOUBYEFJHQOASU-NQPRBDNZSA-N,EC50,CC(/C=C/c1ccc(Cl)cc1)=N\O,CHEMBL589871,4.56,4.56,4.56,,1,F,2010,2010,c1ccccc1,train
YSKFGBAYHFLJPZ-JXMROGBWSA-N,EC50,O=C(/C=C/c1ccc(F)cc1)Nc1ccccc1C(=O)O,CHEMBL4562546,4.51,4.5,4.52,0.0141421356237306,2,B,2019,2019,O=C(C=Cc1ccccc1)Nc1ccccc1,train
ZBCATMYQYDCTIZ-UHFFFAOYSA-N,EC50,Cc1ccc(O)c(O)c1,CHEMBL158766,4.93,4.93,4.93,,1,B,2021,2021,c1ccccc1,train
ZBIJFOJLVHXYIY-NQPRBDNZSA-N,EC50,CC(/C=C/c1ccc2c(c1)OCO2)=N\O,CHEMBL590847,4.94,4.94,4.94,,1,F,2010,2010,c1ccc2c(c1)OCO2,test
ZKTQJMLALXDVCN-JXMROGBWSA-N,EC50,O=C(/C=C/c1ccc(C(F)(F)F)cc1)Nc1ccccc1C(=O)O,CHEMBL4446849,4.57,4.57,4.57,0.0,2,B,2019,2019,O=C(C=Cc1ccccc1)Nc1ccccc1,train
ZMYMOKYVEYEAEH-RQLXMFKESA-N,EC50,CC1(C)CCC[C@@]2(C)[C@H]1CC[C@@]1(CO1)[C@@H]2CC/C=C(/C=O)CC=O,CHEMBL1084611,6.7,6.7,6.7,,1,F,2010,2010,C1CCC2CC3(CCC2C1)CO3,test
ZOJBYZNEUISWFT-UHFFFAOYSA-N,EC50,C=CCN=C=S,CHEMBL233248,5.380000000000001,4.47,6.4,0.6113060239724903,14,"B,F",2007,2020,,train
ZROLHBHDLIHEMS-HUUCEWRRSA-N,EC50,CCCc1cc(O)c2c(c1)OC(C)(C)[C@@H]1CCC(C)=C[C@@H]21,CHEMBL2387541,6.49,5.82,7.16,0.9475230867899735,2,B,2021,2021,C1=CC2c3ccccc3OCC2CC1,val
